id,city,property_type,area_sqft,bedrooms,bathrooms,floors,floor_number,year_built,age_years,condition,furnishing,parking_spaces,has_garden,has_pool,distance_to_city_center_km,near_school,near_hospital,crime_rate_index,price_bdt
1,Chattogram,Apartment,1601,2,1,23,2,2022,4,Good,Unfurnished,1,0,1,2.85,1,1,56.4,19162000
2,Dhaka,Duplex,2728,3,3,1,0,2006,20,New,Semi-Furnished,0,1,1,4.56,0,1,52.1,42817000
3,Barishal,House,1527,2,2,2,0,1999,27,Fair,Semi-Furnished,0,1,0,9.17,0,1,56.0,7033000
4,Khulna,Apartment,1694,1,1,16,1,1999,27,Fair,Fully Furnished,0,0,0,7.3,1,0,48.4,11862000
5,Sylhet,Apartment,2153,3,3,24,13,2022,4,Good,Unfurnished,2,0,0,0.56,1,0,35.5,13713000
6,Rangpur,House,1704,2,1,3,2,1992,34,Good,Semi-Furnished,0,1,0,6.14,0,1,64.9,6575000
7,Chattogram,Condo,1819,2,2,10,5,1995,31,Good,Semi-Furnished,1,0,0,2.0,0,0,37.7,14045000
8,Chattogram,Apartment,1380,2,2,10,10,2015,11,Needs Renovation,Unfurnished,0,0,0,20.02,0,0,59.5,4893000
9,Barishal,Apartment,1351,2,2,8,5,1986,40,Good,Unfurnished,1,0,0,3.63,0,1,45.7,4057000
10,Khulna,Apartment,696,2,3,13,12,2015,11,Fair,Unfurnished,1,0,0,5.86,0,0,52.3,1404000
11,Barishal,Duplex,2519,3,4,1,1,1996,30,Excellent,Unfurnished,1,0,0,2.36,0,0,30.8,25764000
12,Sylhet,Apartment,1087,1,1,11,6,1985,41,Needs Renovation,Unfurnished,1,0,0,24.07,0,0,52.5,1752000
13,Dhaka,House,1039,1,1,1,1,2017,9,Fair,Semi-Furnished,2,0,1,2.22,1,0,44.4,17053000
14,Dhaka,House,1466,1,1,2,0,2005,21,Excellent,Semi-Furnished,0,1,0,1.44,0,0,25.8,10114000
15,Rajshahi,Apartment,1471,2,2,17,9,1995,31,Good,Semi-Furnished,0,0,0,6.61,1,0,85.0,3296000
16,Rajshahi,Apartment,2350,4,4,15,6,2006,20,Excellent,Semi-Furnished,1,0,0,13.28,0,1,70.9,4103000
17,Rajshahi,Apartment,1194,1,1,9,1,1994,32,Good,Fully Furnished,0,0,0,4.38,0,0,36.9,8451000
18,Khulna,House,2047,2,3,3,2,1994,32,Fair,Unfurnished,1,1,0,3.23,0,1,62.5,13065000
19,Khulna,Apartment,1576,3,2,21,7,1997,29,Fair,Semi-Furnished,0,0,0,0.55,1,0,60.9,10949000
20,Rangpur,House,1779,3,2,1,1,1996,30,Good,Fully Furnished,2,1,0,5.98,1,0,48.2,4974000
21,Rangpur,Apartment,1905,4,4,17,13,1989,37,Needs Renovation,Fully Furnished,0,0,0,17.14,0,0,43.5,5398000
22,Khulna,Apartment,1908,4,4,25,18,2004,22,Good,Fully Furnished,0,0,0,7.18,1,0,54.8,10648000
23,Sylhet,House,2215,2,2,1,0,2004,22,Excellent,Unfurnished,1,0,0,1.36,1,1,38.6,25752000
24,Khulna,Apartment,725,2,1,19,7,1996,30,Fair,Semi-Furnished,0,0,0,1.17,1,1,40.9,3752000
25,Mymensingh,House,1183,2,3,1,1,2013,13,Excellent,Unfurnished,0,0,0,2.4,1,1,18.9,5102000
26,Sylhet,Apartment,1497,2,2,8,6,2011,15,Excellent,Semi-Furnished,2,0,0,12.17,1,0,62.9,11187000
27,Barishal,Apartment,1453,1,2,23,23,2019,7,Fair,Fully Furnished,0,0,0,4.78,0,0,42.6,9123000
28,Dhaka,Condo,744,1,1,19,4,2014,12,Excellent,Unfurnished,0,0,0,15.38,0,0,71.1,11336000
29,Dhaka,Townhouse,1756,2,1,1,0,1997,29,Fair,Semi-Furnished,1,1,0,4.89,1,0,58.8,35737000
30,Sylhet,Townhouse,1777,3,3,3,2,2009,17,Good,Semi-Furnished,2,0,0,12.06,0,1,62.4,19753000
31,Barishal,Apartment,1264,2,2,6,6,2011,15,Fair,Unfurnished,2,0,0,9.47,0,0,43.1,3297000
32,Mymensingh,Apartment,1336,3,3,13,13,1990,36,Excellent,Semi-Furnished,1,0,0,3.86,1,1,20.9,5573000
33,Rajshahi,Condo,1117,2,1,22,6,1990,36,Excellent,Semi-Furnished,0,0,0,9.61,1,1,44.7,5393000
34,Barishal,Apartment,942,1,1,17,14,2002,24,Excellent,Unfurnished,0,0,0,22.47,1,0,53.6,1990000
35,Rajshahi,Townhouse,1489,3,3,1,1,1985,41,Good,Unfurnished,1,1,0,8.62,1,1,48.5,5271000
36,Barishal,Apartment,2699,5,6,9,1,2010,16,Good,Semi-Furnished,0,0,0,21.02,1,0,56.5,7015000
37,Khulna,Duplex,2027,1,1,3,1,2004,22,Good,Unfurnished,1,0,0,2.31,1,1,36.5,7868000
38,Mymensingh,Apartment,2243,3,4,8,3,2001,25,Fair,Semi-Furnished,0,0,0,6.8,0,0,14.9,3470000
39,Rajshahi,House,1710,4,5,1,1,2004,22,Good,Fully Furnished,0,1,1,4.6,1,1,41.4,19840000
40,Dhaka,Townhouse,1139,2,1,1,1,2018,8,Good,Fully Furnished,1,0,0,1.37,1,0,55.0,24334000
41,Mymensingh,Apartment,1885,4,3,20,2,2005,21,Excellent,Unfurnished,1,0,0,1.75,1,1,7.7,10834000
42,Mymensingh,House,1808,3,3,2,1,2016,10,New,Fully Furnished,0,1,0,5.81,0,0,36.1,9660000
43,Sylhet,Apartment,985,2,2,19,15,2015,11,Excellent,Semi-Furnished,0,0,0,16.53,1,0,80.8,5250000
44,Rajshahi,Condo,1642,2,3,10,7,2019,7,Good,Unfurnished,1,0,0,16.22,1,0,43.2,9783000
45,Barishal,Duplex,1066,2,3,3,2,1994,32,Good,Unfurnished,0,0,0,5.11,1,0,41.9,4914000
46,Sylhet,Apartment,1476,3,4,8,5,2019,7,Good,Unfurnished,0,0,0,0.39,1,0,10.7,19509000
47,Rangpur,Townhouse,1216,3,2,2,0,2004,22,Fair,Unfurnished,1,1,0,6.43,0,1,32.0,2330000
48,Khulna,Apartment,1250,2,2,20,8,1985,41,Fair,Semi-Furnished,0,0,0,22.31,0,0,84.6,3865000
49,Rajshahi,Apartment,1621,2,2,18,18,2007,19,Good,Fully Furnished,0,0,0,3.38,0,0,79.5,3365000
50,Mymensingh,Condo,1763,4,4,25,25,2007,19,Excellent,Unfurnished,1,0,0,8.27,1,0,71.8,3624000
51,Dhaka,House,1472,2,2,2,1,1996,30,Excellent,Semi-Furnished,1,0,0,3.09,0,0,29.3,18963000
52,Chattogram,Apartment,2341,4,4,18,17,2008,18,New,Semi-Furnished,1,0,0,10.2,1,0,57.0,20052000
53,Mymensingh,Apartment,1808,4,4,8,7,2004,22,Good,Unfurnished,1,0,0,1.33,1,1,38.0,7599000
54,Rangpur,House,828,2,1,2,1,2002,24,New,Semi-Furnished,0,0,0,9.19,0,1,60.7,3056000
55,Chattogram,Townhouse,1600,3,3,3,2,2023,3,Needs Renovation,Unfurnished,0,0,0,13.5,0,0,92.8,4940000
56,Dhaka,Apartment,2712,6,6,11,1,1986,40,New,Unfurnished,1,0,1,2.41,1,1,19.0,20585000
57,Barishal,Apartment,2337,4,3,22,9,2014,12,Good,Unfurnished,2,0,0,2.22,1,0,37.8,7811000
58,Sylhet,Apartment,1061,2,2,18,16,2003,23,Good,Semi-Furnished,2,0,0,8.91,0,1,61.1,6192000
59,Barishal,Condo,1327,1,1,19,10,2001,25,Good,Unfurnished,1,0,0,0.88,0,0,33.6,7737000
60,Barishal,House,1639,1,2,3,0,2003,23,Good,Unfurnished,0,0,0,2.49,1,0,33.6,9194000
61,Dhaka,House,1134,2,1,1,1,2004,22,Fair,Unfurnished,1,0,1,11.4,1,0,58.5,9880000
62,Sylhet,Apartment,807,2,1,7,2,1995,31,Good,Unfurnished,1,0,0,7.37,1,0,53.3,3730000
63,Mymensingh,Apartment,1587,2,1,6,1,2004,22,Needs Renovation,Semi-Furnished,1,0,0,5.68,1,0,30.6,3369000
64,Barishal,Apartment,1655,3,2,20,2,2005,21,Good,Semi-Furnished,0,0,0,0.8,0,1,21.0,12797000
65,Chattogram,Apartment,1947,3,4,22,2,2010,16,Fair,Semi-Furnished,1,0,0,8.08,1,0,72.0,12419000
66,Sylhet,Apartment,1904,3,3,8,2,2025,1,Good,Semi-Furnished,1,0,0,7.09,0,0,28.6,14155000
67,Chattogram,Apartment,577,1,1,17,16,1989,37,Excellent,Semi-Furnished,2,0,0,15.69,0,0,66.9,4341000
68,Dhaka,Apartment,1284,3,3,25,15,2017,9,Excellent,Unfurnished,2,0,0,9.78,1,1,68.1,13914000
69,Sylhet,Apartment,1568,3,3,25,1,2025,1,Good,Unfurnished,2,0,0,10.32,0,0,62.1,7394000
70,Sylhet,Condo,1818,2,3,10,9,1990,36,Excellent,Semi-Furnished,1,0,0,13.84,0,0,27.8,16836000
71,Barishal,Apartment,1766,1,1,21,6,1999,27,Needs Renovation,Unfurnished,0,0,0,6.91,1,0,70.0,6900000
72,Rangpur,Apartment,2189,3,3,20,1,2011,15,Good,Semi-Furnished,2,0,0,11.19,1,0,46.8,12054000
73,Khulna,Apartment,2499,6,6,15,12,2017,9,Good,Fully Furnished,1,0,0,3.3,0,1,15.0,8958000
74,Chattogram,Apartment,1467,3,3,19,2,1999,27,Fair,Fully Furnished,1,0,0,4.05,1,1,34.1,9781000
75,Barishal,Duplex,2613,3,4,3,0,2015,11,Good,Unfurnished,1,0,0,10.15,1,1,54.7,8196000
76,Rangpur,House,1544,2,3,3,2,1986,40,Good,Semi-Furnished,0,1,0,6.29,0,0,31.6,6251000
77,Dhaka,Apartment,1097,1,1,14,11,1986,40,Excellent,Unfurnished,1,0,0,7.62,1,1,67.6,10763000
78,Mymensingh,Townhouse,1398,2,2,1,1,1987,39,Excellent,Unfurnished,1,0,0,32.73,0,0,85.0,2148000
79,Dhaka,Condo,1518,2,2,19,12,2013,13,Fair,Semi-Furnished,2,0,0,19.11,0,0,58.9,6239000
80,Sylhet,Apartment,1491,2,2,15,14,2023,3,Good,Unfurnished,0,0,0,18.21,0,0,66.1,7866000
81,Rangpur,Apartment,1257,3,2,10,9,2013,13,New,Unfurnished,1,0,0,7.07,0,0,30.8,5004000
82,Sylhet,Apartment,1295,1,1,9,0,1996,30,Good,Semi-Furnished,0,0,0,6.13,1,0,39.2,8024000
83,Chattogram,Apartment,1877,4,3,16,11,1989,37,Good,Unfurnished,0,0,0,8.78,1,1,55.6,25406000
84,Khulna,Duplex,2913,4,4,2,0,2024,2,Fair,Unfurnished,0,0,0,4.84,1,1,56.0,7201000
85,Barishal,Apartment,1362,3,3,10,6,2017,9,Fair,Unfurnished,1,0,0,4.15,1,0,46.9,8210000
86,Rajshahi,Apartment,1658,3,3,25,17,1990,36,Good,Unfurnished,1,0,0,10.14,0,0,46.1,8184000
87,Dhaka,Townhouse,1473,3,3,3,1,2024,2,Good,Semi-Furnished,0,0,0,12.8,1,1,44.0,6731000
88,Mymensingh,Apartment,1525,2,2,17,12,1993,33,Fair,Semi-Furnished,1,0,0,4.46,1,0,48.1,8257000
89,Sylhet,Condo,1876,4,4,11,7,2017,9,Good,Fully Furnished,0,0,0,4.76,1,1,41.8,13061000
90,Mymensingh,Apartment,1738,3,3,14,11,2008,18,Fair,Semi-Furnished,0,0,0,5.79,1,0,54.5,4865000
91,Chattogram,Apartment,1912,3,3,23,11,1994,32,Excellent,Semi-Furnished,0,0,0,3.78,1,0,40.3,19439000
92,Barishal,Apartment,2058,4,4,24,10,2017,9,Fair,Semi-Furnished,0,0,0,4.56,0,0,29.1,11441000
93,Dhaka,House,2218,2,2,3,0,2022,4,Good,Semi-Furnished,0,1,0,3.09,0,1,13.9,31781000
94,Rangpur,House,1576,1,2,3,2,1988,38,Good,Semi-Furnished,0,0,0,22.89,0,0,47.2,5566000
95,Rajshahi,House,2354,3,3,1,1,2003,23,Good,Semi-Furnished,0,0,0,9.53,0,0,49.5,15335000
96,Barishal,Townhouse,1472,3,3,3,0,2007,19,Fair,Semi-Furnished,1,0,0,6.32,1,0,33.4,3721000
97,Khulna,House,2640,4,5,1,0,1985,41,Needs Renovation,Fully Furnished,1,0,0,8.87,1,1,65.7,5285000
98,Khulna,Apartment,605,2,2,19,5,1987,39,Needs Renovation,Semi-Furnished,0,0,0,19.98,1,0,64.0,855000
99,Rajshahi,Apartment,1057,2,2,22,14,2002,24,Excellent,Unfurnished,1,0,0,2.92,0,1,53.3,6702000
100,Rangpur,Condo,1356,2,1,11,2,2015,11,Excellent,Unfurnished,1,0,0,22.16,0,1,77.0,5107000
101,Dhaka,House,1693,2,2,3,0,2025,1,Fair,Unfurnished,0,1,0,10.85,1,0,43.2,16863000
102,Khulna,Duplex,1305,2,1,3,1,2018,8,Good,Unfurnished,0,0,0,6.25,1,0,41.6,3730000
103,Mymensingh,Apartment,970,1,2,10,8,2011,15,Good,Unfurnished,0,0,0,5.16,0,0,48.6,1461000
104,Chattogram,Apartment,2708,5,6,7,4,2011,15,Excellent,Unfurnished,0,0,0,5.07,1,0,23.3,20311000
105,Sylhet,House,1846,2,3,3,0,1999,27,Fair,Semi-Furnished,2,0,0,3.8,1,1,38.1,9762000
106,Chattogram,Apartment,984,2,1,13,3,1989,37,New,Unfurnished,0,0,0,10.25,1,1,35.9,12549000
107,Rajshahi,Apartment,1873,4,4,13,4,1994,32,Needs Renovation,Semi-Furnished,0,0,0,7.74,1,0,52.1,5593000
108,Barishal,Townhouse,860,2,2,3,1,2011,15,Excellent,Semi-Furnished,1,0,0,10.22,0,0,32.3,6604000
109,Sylhet,Apartment,1665,2,1,20,11,1990,36,Good,Fully Furnished,1,0,0,0.43,0,1,40.2,16275000
110,Khulna,Condo,1727,1,1,12,3,1992,34,Good,Semi-Furnished,2,0,0,4.02,1,1,28.8,12322000
111,Rajshahi,Apartment,978,1,1,21,10,1998,28,Good,Semi-Furnished,0,0,0,3.98,1,1,36.5,2710000
112,Rangpur,House,2576,3,3,2,1,2026,0,Good,Semi-Furnished,1,1,0,3.2,0,0,25.6,14322000
113,Chattogram,Townhouse,881,2,3,1,0,1989,37,Good,Unfurnished,0,0,0,7.68,1,1,45.2,7196000
114,Rajshahi,Apartment,1749,2,3,11,1,1991,35,Good,Unfurnished,0,0,0,11.25,0,0,42.9,4670000
115,Rajshahi,House,1604,3,2,1,1,2009,17,Good,Semi-Furnished,0,1,0,7.91,0,0,28.4,13716000
116,Khulna,Apartment,1581,4,5,14,0,1989,37,Good,Unfurnished,0,0,0,13.33,1,1,47.8,9687000
117,Chattogram,Apartment,843,1,2,23,10,2009,17,Good,Unfurnished,2,0,0,25.74,0,0,69.3,3719000
118,Rangpur,Townhouse,1785,2,3,2,0,2007,19,Good,Semi-Furnished,1,1,0,2.94,1,1,57.4,7606000
119,Sylhet,Duplex,2042,2,1,2,1,2008,18,Fair,Unfurnished,1,0,0,0.94,1,1,44.6,24662000
120,Dhaka,Apartment,1459,2,2,24,16,1995,31,Good,Unfurnished,1,0,0,1.83,1,0,49.3,16263000
121,Mymensingh,House,2252,3,3,1,1,2006,20,Fair,Semi-Furnished,1,1,0,8.56,1,0,34.7,11717000
122,Sylhet,Townhouse,1676,3,4,3,0,2005,21,Good,Fully Furnished,0,0,0,6.89,1,0,49.2,12707000
123,Mymensingh,Duplex,2188,3,4,3,1,1993,33,Good,Unfurnished,0,0,1,33.7,0,0,62.2,10860000
124,Dhaka,Duplex,2093,1,1,1,0,2007,19,Excellent,Semi-Furnished,0,0,0,4.41,1,1,32.8,25311000
125,Khulna,Apartment,1368,1,1,17,0,2015,11,New,Semi-Furnished,1,0,0,1.69,1,1,35.6,9759000
126,Mymensingh,House,1687,2,1,3,0,1986,40,Fair,Semi-Furnished,0,0,0,1.66,1,0,29.3,4838000
127,Sylhet,Apartment,1093,2,2,20,18,2012,14,Good,Semi-Furnished,1,0,0,0.66,0,1,60.0,6402000
128,Rajshahi,House,1279,1,1,3,1,2024,2,Good,Unfurnished,0,1,0,13.12,0,0,66.7,3590000
129,Chattogram,Apartment,1000,2,3,25,4,2021,5,Good,Unfurnished,0,0,0,65.55,0,1,100.0,3377000
130,Dhaka,Condo,1976,4,4,18,17,2017,9,Good,Semi-Furnished,0,0,0,2.41,0,1,39.6,10577000
131,Rajshahi,Apartment,1154,1,2,23,16,1992,34,Good,Unfurnished,0,0,0,11.42,0,1,38.7,4314000
132,Khulna,Apartment,2088,4,4,8,7,1992,34,Fair,Unfurnished,1,0,0,9.95,1,1,30.4,5268000
133,Dhaka,House,1104,1,1,2,1,2003,23,Good,Fully Furnished,0,0,0,10.53,1,1,46.8,18440000
134,Sylhet,Apartment,768,2,3,21,4,2021,5,Good,Semi-Furnished,0,0,0,11.06,0,0,54.7,6370000
135,Mymensingh,Apartment,2098,4,3,20,20,2007,19,Fair,Semi-Furnished,0,0,0,5.42,1,0,66.2,4104000
136,Barishal,Condo,1629,3,4,6,0,1995,31,Good,Unfurnished,1,0,0,2.29,1,0,35.6,6477000
137,Rajshahi,Apartment,959,2,1,18,9,1999,27,Good,Unfurnished,1,0,0,7.34,1,1,51.1,3115000
138,Rangpur,House,1683,2,1,3,0,1991,35,Excellent,Fully Furnished,2,0,0,34.96,0,1,100.0,6004000
139,Khulna,House,2407,3,4,1,0,1991,35,Excellent,Unfurnished,1,1,0,3.28,1,0,25.7,20462000
140,Dhaka,Condo,1135,2,2,18,9,2026,0,New,Fully Furnished,2,0,0,6.03,1,0,38.5,42230000
141,Sylhet,Apartment,1437,3,3,21,2,1986,40,Good,Unfurnished,1,0,0,4.13,0,0,73.9,7773000
142,Sylhet,Apartment,1737,2,2,10,8,2005,21,Good,Semi-Furnished,1,0,0,9.86,0,1,29.3,5752000
143,Mymensingh,House,2706,4,4,1,0,1993,33,Good,Unfurnished,2,0,0,1.53,0,1,31.8,21843000
144,Dhaka,Apartment,1182,1,1,24,20,1989,37,Good,Semi-Furnished,2,0,0,2.74,0,0,49.0,8000000
145,Dhaka,Apartment,1542,3,4,17,12,1994,32,Excellent,Fully Furnished,2,0,0,7.91,1,0,52.0,18601000
146,Barishal,Apartment,1273,2,2,22,1,2010,16,New,Semi-Furnished,0,0,0,5.65,1,0,71.3,4736000
147,Mymensingh,Apartment,2607,6,6,23,7,1994,32,New,Semi-Furnished,1,0,0,16.58,1,0,72.0,14770000
148,Chattogram,Apartment,2053,4,3,10,4,1990,36,New,Unfurnished,1,0,0,5.79,1,0,30.3,25721000
149,Dhaka,Apartment,1675,3,3,16,12,2005,21,Excellent,Unfurnished,1,0,0,6.46,1,1,48.6,19356000
150,Khulna,Apartment,1157,1,1,11,10,2004,22,Fair,Semi-Furnished,2,0,0,1.17,1,1,43.8,7206000
151,Sylhet,Apartment,1214,1,1,9,7,1991,35,Fair,Unfurnished,2,0,0,2.63,1,0,40.8,9567000
152,Rajshahi,Condo,3323,6,6,20,4,1990,36,Fair,Fully Furnished,0,0,0,2.44,0,1,42.3,8104000
153,Sylhet,Apartment,1585,3,4,10,0,2024,2,Good,Unfurnished,0,0,0,1.0,1,1,51.2,16664000
154,Dhaka,Townhouse,1424,3,4,2,1,2009,17,Excellent,Unfurnished,0,0,0,12.52,1,0,50.4,9453000
155,Khulna,House,2368,2,1,1,1,2007,19,Fair,Fully Furnished,1,1,0,4.29,0,1,50.8,13780000
156,Khulna,Condo,1276,4,4,11,7,1987,39,New,Unfurnished,1,0,1,17.9,1,0,78.0,11146000
157,Barishal,Apartment,2502,4,4,9,8,2008,18,Needs Renovation,Semi-Furnished,1,0,0,2.79,1,0,33.5,13180000
158,Barishal,Apartment,1990,4,4,13,10,2022,4,Fair,Semi-Furnished,1,0,0,1.42,1,0,24.5,12086000
159,Sylhet,House,2445,5,5,3,2,1991,35,Fair,Unfurnished,1,0,0,15.34,0,0,45.4,17898000
160,Rajshahi,Apartment,1082,2,1,6,0,2009,17,Good,Semi-Furnished,1,0,0,3.78,0,0,53.7,5968000
161,Khulna,Apartment,2375,4,4,6,2,2001,25,Needs Renovation,Unfurnished,1,0,0,7.34,1,0,58.0,8865000
162,Dhaka,Apartment,999,2,3,11,0,1991,35,Excellent,Fully Furnished,0,0,0,6.76,1,1,54.8,12327000
163,Mymensingh,Apartment,1637,2,2,25,15,1997,29,New,Unfurnished,0,0,0,2.43,1,0,6.9,6502000
164,Rangpur,Apartment,1521,3,4,7,4,2013,13,Good,Unfurnished,1,0,0,7.88,1,0,51.3,8711000
165,Dhaka,Condo,1417,3,4,24,7,2015,11,Excellent,Semi-Furnished,1,0,0,6.23,0,1,40.6,36811000
166,Sylhet,Townhouse,1570,3,4,1,1,1997,29,Needs Renovation,Semi-Furnished,1,0,0,1.26,1,1,26.8,7257000
167,Dhaka,Duplex,984,1,2,1,1,1994,32,Excellent,Semi-Furnished,1,0,0,1.32,1,1,5.0,18173000
168,Mymensingh,House,1684,2,3,1,1,1987,39,Good,Fully Furnished,1,0,0,3.94,0,1,36.1,14035000
169,Chattogram,Townhouse,2006,3,4,2,1,2011,15,Good,Unfurnished,0,1,0,5.83,1,0,55.0,8218000
170,Rangpur,Apartment,1544,4,3,11,3,1997,29,Fair,Unfurnished,0,0,0,3.89,1,0,49.5,2320000
171,Barishal,Apartment,1288,1,2,24,17,2007,19,Excellent,Fully Furnished,1,0,0,0.3,0,0,63.7,4211000
172,Khulna,House,2047,2,1,3,0,2015,11,Fair,Semi-Furnished,1,1,0,4.49,0,1,40.1,9315000
173,Rajshahi,Apartment,1748,2,3,24,3,1985,41,Good,Semi-Furnished,1,0,0,7.17,1,1,32.9,14516000
174,Rajshahi,Apartment,693,2,2,12,2,2018,8,Fair,Fully Furnished,1,0,0,8.92,0,0,22.1,4686000
175,Rangpur,Apartment,935,2,2,16,7,2019,7,Good,Semi-Furnished,1,0,0,2.62,1,1,33.5,4316000
176,Sylhet,Townhouse,1806,4,4,2,0,2004,22,Good,Fully Furnished,0,0,0,1.65,1,0,51.7,13471000
177,Chattogram,Condo,1558,2,1,10,2,1997,29,Excellent,Fully Furnished,3,0,0,14.24,1,0,27.5,30183000
178,Dhaka,Apartment,1922,2,2,24,24,1995,31,Good,Semi-Furnished,2,0,0,5.55,1,1,53.7,14580000
179,Dhaka,Condo,1324,3,2,6,5,2000,26,Excellent,Fully Furnished,0,0,0,2.69,1,0,45.2,22641000
180,Barishal,Apartment,1206,2,3,17,6,1995,31,Needs Renovation,Fully Furnished,0,0,0,2.45,1,1,44.6,3793000
181,Dhaka,Apartment,572,1,1,25,1,1991,35,Good,Unfurnished,0,0,0,6.5,1,0,29.6,7304000
182,Chattogram,House,2179,2,2,2,0,2017,9,Good,Unfurnished,1,1,0,3.18,1,0,44.1,14963000
183,Mymensingh,Condo,1020,2,2,6,0,1990,36,Fair,Fully Furnished,0,0,0,6.46,1,1,36.6,3586000
184,Rajshahi,Apartment,2637,5,4,15,11,2005,21,Good,Unfurnished,2,0,1,2.34,1,0,12.9,23402000
185,Chattogram,Apartment,1505,2,3,20,8,2009,17,Good,Semi-Furnished,0,0,0,2.45,0,0,53.2,7109000
186,Mymensingh,Duplex,1595,2,3,2,0,1993,33,Good,Semi-Furnished,1,1,0,1.82,1,0,27.1,11980000
187,Barishal,Apartment,946,2,3,13,7,2007,19,Good,Semi-Furnished,2,0,0,6.67,0,0,66.9,3728000
188,Sylhet,Apartment,1382,2,2,7,3,2020,6,Good,Semi-Furnished,1,0,0,5.87,1,1,59.8,10045000
189,Chattogram,Apartment,2182,4,3,25,19,2025,1,Excellent,Semi-Furnished,1,0,0,3.27,1,1,61.1,25787000
190,Mymensingh,House,1972,2,1,3,0,1985,41,Excellent,Fully Furnished,1,0,0,0.66,1,0,33.2,14699000
191,Khulna,Apartment,1950,4,5,12,11,2006,20,New,Semi-Furnished,2,0,0,11.25,0,0,38.0,6291000
192,Dhaka,House,1426,1,1,3,2,1996,30,Good,Unfurnished,0,0,0,5.36,0,0,55.7,12777000
193,Rajshahi,Apartment,1983,3,3,23,10,2020,6,Good,Unfurnished,0,0,0,9.77,0,0,39.9,8123000
194,Barishal,House,1567,3,4,3,2,2019,7,Excellent,Fully Furnished,1,1,0,8.17,0,1,29.4,6676000
195,Dhaka,House,2280,2,1,2,1,1991,35,Good,Semi-Furnished,0,0,0,6.6,0,0,40.2,11048000
196,Rangpur,Townhouse,1686,3,2,1,1,1997,29,Good,Semi-Furnished,2,0,0,8.81,0,0,26.8,10673000
197,Rajshahi,Apartment,1716,3,3,22,3,2009,17,New,Unfurnished,1,0,0,0.97,0,1,45.2,16203000
198,Rajshahi,Apartment,1232,2,2,22,7,1996,30,Good,Semi-Furnished,1,0,0,4.78,0,1,57.5,4825000
199,Mymensingh,Townhouse,1257,4,3,1,1,2013,13,Excellent,Semi-Furnished,1,1,0,4.95,1,1,36.4,8119000
200,Barishal,Apartment,989,1,1,12,5,2017,9,New,Unfurnished,2,0,0,7.32,0,1,40.7,6763000
201,Khulna,Apartment,507,2,3,8,2,1986,40,Good,Unfurnished,1,0,0,6.87,1,1,47.2,2215000
202,Rangpur,Apartment,1475,2,1,25,2,2022,4,New,Fully Furnished,0,0,0,9.32,1,0,61.9,6054000
203,Dhaka,Apartment,1332,2,3,23,9,2025,1,Excellent,Semi-Furnished,2,0,0,5.17,1,0,28.5,8955000
204,Rangpur,Apartment,1638,3,3,12,6,2026,0,Fair,Unfurnished,1,0,0,2.19,1,1,57.1,8476000
205,Mymensingh,House,2769,4,4,1,0,2022,4,Good,Unfurnished,1,1,0,16.76,0,0,74.3,6781000
206,Barishal,Duplex,2265,3,3,1,0,2026,0,Good,Fully Furnished,2,0,0,3.72,1,1,58.4,17725000
207,Sylhet,Condo,2236,3,2,8,0,2017,9,Good,Fully Furnished,0,0,0,0.78,0,1,23.9,24772000
208,Rangpur,Apartment,1198,3,3,10,7,2017,9,Good,Semi-Furnished,0,0,0,12.73,1,0,52.5,3325000
209,Sylhet,Duplex,1406,1,1,2,0,1989,37,Excellent,Unfurnished,0,0,0,19.26,1,0,46.2,5171000
210,Rajshahi,Condo,1782,2,2,18,12,2008,18,Good,Fully Furnished,1,0,0,2.58,0,1,44.0,17476000
211,Dhaka,Apartment,1882,3,2,22,20,2002,24,Excellent,Unfurnished,0,0,0,3.46,0,1,58.0,21353000
212,Sylhet,House,1800,2,2,3,2,1995,31,New,Semi-Furnished,1,1,0,5.9,0,0,37.9,27654000
213,Rajshahi,Townhouse,2170,3,4,2,0,1999,27,Fair,Semi-Furnished,1,1,0,3.6,1,1,13.3,12563000
214,Rangpur,Apartment,2131,4,5,10,9,1991,35,Excellent,Fully Furnished,0,0,0,9.96,0,0,30.9,8428000
215,Rangpur,Apartment,1441,2,3,13,12,2015,11,Fair,Semi-Furnished,0,0,0,8.55,1,0,33.9,3401000
216,Rajshahi,House,1560,2,1,3,2,1985,41,Good,Unfurnished,2,0,0,3.46,0,1,40.8,12060000
217,Barishal,House,2486,4,4,2,1,1996,30,Good,Semi-Furnished,1,1,0,11.03,0,0,63.3,10238000
218,Sylhet,Apartment,979,1,1,11,6,2025,1,New,Unfurnished,2,0,0,0.91,1,1,63.4,8514000
219,Rajshahi,House,662,1,1,3,1,2013,13,New,Fully Furnished,2,1,0,6.4,0,0,36.3,4290000
220,Sylhet,Apartment,1698,2,3,18,18,1997,29,Good,Semi-Furnished,1,0,0,14.22,0,0,57.6,6978000
221,Khulna,Apartment,1388,2,2,19,16,1991,35,Good,Semi-Furnished,0,0,0,3.16,0,1,45.7,6604000
222,Mymensingh,Duplex,1200,3,4,3,1,2022,4,Fair,Semi-Furnished,1,0,0,10.06,1,1,63.8,5418000
223,Rajshahi,Apartment,2362,4,4,8,8,1996,30,Good,Unfurnished,1,0,0,9.86,0,1,41.5,13891000
224,Khulna,Apartment,1549,4,4,10,1,1992,34,Fair,Semi-Furnished,0,0,0,5.54,1,0,25.1,8030000
225,Rajshahi,Apartment,2378,5,5,18,7,2021,5,New,Semi-Furnished,0,0,0,4.71,0,1,58.1,7024000
226,Barishal,House,2095,3,2,2,1,2024,2,Fair,Unfurnished,1,0,0,2.27,1,0,50.0,7160000
227,Mymensingh,Apartment,2407,4,4,9,4,2000,26,Good,Fully Furnished,1,0,0,4.5,1,1,66.7,16918000
228,Barishal,Duplex,2393,2,1,2,0,1995,31,New,Fully Furnished,0,1,0,4.26,0,1,44.1,6590000
229,Khulna,House,1245,2,2,2,1,2017,9,Good,Semi-Furnished,1,1,0,1.43,0,1,27.6,10202000
230,Chattogram,Apartment,1608,2,2,14,9,2026,0,Good,Fully Furnished,1,0,0,6.05,1,0,8.7,8428000
231,Rajshahi,Townhouse,1241,2,2,2,0,1991,35,New,Fully Furnished,0,1,0,1.13,1,0,35.5,13468000
232,Khulna,Duplex,1929,2,2,1,0,2007,19,Fair,Unfurnished,0,0,0,6.06,0,1,49.6,11194000
233,Rangpur,Apartment,1151,2,2,21,17,1999,27,Fair,Semi-Furnished,0,0,0,1.63,0,1,46.0,3553000
234,Mymensingh,Townhouse,1376,2,3,2,0,1985,41,Good,Unfurnished,1,1,0,8.93,1,1,36.7,6987000
235,Rajshahi,Apartment,770,2,3,12,1,1996,30,New,Unfurnished,0,0,0,5.38,1,0,47.1,1849000
236,Rajshahi,Apartment,850,2,2,8,2,1985,41,Good,Unfurnished,0,0,0,5.94,1,0,68.2,4766000
237,Rangpur,Apartment,1410,2,2,18,0,1992,34,Needs Renovation,Semi-Furnished,0,0,0,36.86,0,1,100.0,2394000
238,Rangpur,House,1966,2,1,3,2,2018,8,New,Semi-Furnished,0,1,0,25.83,0,1,84.7,8608000
239,Rangpur,Duplex,2342,3,4,3,2,1994,32,Good,Unfurnished,1,0,0,41.85,1,0,99.1,7990000
240,Sylhet,Apartment,1755,2,2,20,6,1986,40,Good,Unfurnished,2,0,0,4.62,0,1,65.5,6961000
241,Mymensingh,Apartment,1451,4,4,8,8,1994,32,Good,Fully Furnished,0,0,0,6.4,0,0,39.7,5261000
242,Barishal,House,1230,2,3,1,1,2020,6,Excellent,Unfurnished,0,1,0,2.19,1,1,45.2,3300000
243,Dhaka,House,1578,3,3,1,1,1999,27,Good,Unfurnished,1,0,0,2.19,1,1,33.7,35679000
244,Barishal,Duplex,3041,4,3,3,0,2004,22,New,Unfurnished,0,1,0,2.82,1,0,38.1,22594000
245,Chattogram,Duplex,1054,1,2,1,0,1996,30,Good,Semi-Furnished,0,0,0,17.39,0,0,43.9,7820000
246,Barishal,House,1537,2,2,2,1,2013,13,Needs Renovation,Unfurnished,1,1,0,15.48,0,1,59.3,3351000
247,Rajshahi,Condo,979,1,1,9,0,2014,12,Excellent,Unfurnished,0,0,0,11.85,1,0,66.3,6272000
248,Mymensingh,Apartment,1281,3,2,25,20,2004,22,New,Fully Furnished,0,0,0,4.61,1,0,59.1,3746000
249,Dhaka,House,1545,2,1,2,0,2005,21,Good,Unfurnished,2,1,0,7.34,1,1,52.9,16511000
250,Chattogram,Apartment,954,2,2,8,6,2017,9,Good,Semi-Furnished,1,0,0,4.66,1,0,24.4,9178000
251,Rajshahi,Duplex,2269,1,1,1,1,2012,14,Good,Unfurnished,0,0,0,4.66,0,0,59.7,11750000
252,Khulna,Apartment,1405,1,1,9,0,2000,26,Needs Renovation,Fully Furnished,2,0,1,8.51,1,1,26.5,4356000
253,Khulna,Apartment,1313,3,3,6,3,2022,4,Fair,Semi-Furnished,1,0,0,8.89,1,0,52.7,2696000
254,Barishal,Condo,2529,5,6,13,6,2017,9,Needs Renovation,Unfurnished,0,0,0,2.45,1,0,66.0,3216000
255,Rajshahi,Apartment,1489,2,2,17,11,2025,1,Excellent,Fully Furnished,1,0,0,2.86,0,0,37.4,15668000
256,Khulna,Apartment,1799,4,3,18,16,2024,2,Fair,Semi-Furnished,0,0,0,3.83,1,1,50.1,10184000
257,Khulna,Condo,1850,2,2,19,4,2026,0,Fair,Fully Furnished,0,0,0,1.52,0,0,54.6,15436000
258,Rangpur,Townhouse,1885,2,2,1,0,1991,35,New,Unfurnished,2,0,0,6.81,1,1,42.7,11905000
259,Mymensingh,House,1762,1,2,2,0,1995,31,Excellent,Unfurnished,1,1,0,11.47,0,1,48.5,13636000
260,Mymensingh,House,1892,4,5,2,0,2023,3,Good,Semi-Furnished,0,0,0,6.97,0,0,63.8,7625000
261,Dhaka,Condo,2139,3,2,23,12,2018,8,Fair,Fully Furnished,1,0,0,10.97,1,1,65.4,42433000
262,Sylhet,Apartment,1255,2,1,11,9,2019,7,New,Semi-Furnished,0,0,0,9.13,1,1,50.6,13444000
263,Sylhet,House,2211,3,4,3,1,1990,36,Good,Semi-Furnished,1,0,0,4.89,0,0,24.5,19760000
264,Sylhet,Apartment,1035,2,2,20,9,2025,1,Excellent,Fully Furnished,1,0,0,1.08,1,0,36.2,11348000
265,Khulna,House,1273,1,1,3,2,1985,41,Excellent,Semi-Furnished,0,0,1,2.43,1,0,25.3,12782000
266,Rajshahi,Apartment,1812,3,3,11,10,2003,23,Good,Semi-Furnished,0,0,0,5.41,0,1,27.7,6442000
267,Rangpur,Condo,1095,3,2,15,15,1993,33,New,Fully Furnished,0,0,0,1.76,1,0,51.1,6495000
268,Rajshahi,Apartment,1520,3,3,10,9,2021,5,Good,Semi-Furnished,0,0,0,2.44,1,1,38.8,8082000
269,Khulna,Duplex,2817,4,4,2,0,1985,41,Good,Semi-Furnished,1,1,0,10.43,1,0,55.2,20481000
270,Sylhet,Apartment,1445,4,5,21,1,2026,0,New,Unfurnished,0,0,0,5.97,0,1,50.7,11482000
271,Barishal,House,2568,4,4,2,0,1994,32,Excellent,Unfurnished,2,0,0,4.65,0,0,39.3,16421000
272,Dhaka,Apartment,2800,5,5,20,9,1998,28,Good,Unfurnished,0,0,0,1.69,0,0,40.3,17075000
273,Mymensingh,Duplex,1248,1,1,1,0,1998,28,Good,Semi-Furnished,0,1,0,9.32,1,0,30.3,2758000
274,Rajshahi,Apartment,1259,3,3,16,6,1997,29,Excellent,Semi-Furnished,1,0,0,1.43,0,1,14.9,4115000
275,Barishal,Apartment,1882,4,4,11,1,2004,22,Good,Unfurnished,0,0,0,8.09,1,1,49.1,4438000
276,Mymensingh,House,2318,2,1,2,0,1990,36,Fair,Fully Furnished,0,0,0,4.85,1,0,45.1,12656000
277,Rangpur,Apartment,1583,3,3,20,15,1986,40,New,Unfurnished,0,0,0,4.15,1,1,44.7,8504000
278,Chattogram,Duplex,1270,1,2,1,0,2020,6,Excellent,Semi-Furnished,1,0,0,28.59,0,0,79.2,5490000
279,Mymensingh,Apartment,1203,2,1,20,5,2004,22,Needs Renovation,Unfurnished,2,0,0,4.32,0,1,58.4,5401000
280,Dhaka,Duplex,1433,2,2,2,1,1997,29,Excellent,Fully Furnished,0,0,0,20.75,0,0,89.4,17284000
281,Rangpur,Condo,1635,3,2,6,5,2020,6,Fair,Unfurnished,2,0,0,9.27,1,1,25.0,5751000
282,Sylhet,Apartment,2030,3,3,19,4,2003,23,Needs Renovation,Semi-Furnished,1,0,1,9.92,1,0,53.2,5214000
283,Rangpur,Condo,1774,4,5,25,5,2014,12,Good,Semi-Furnished,0,0,0,7.65,0,1,50.0,7462000
284,Barishal,Apartment,2179,4,4,9,9,2015,11,Needs Renovation,Unfurnished,0,0,0,10.28,0,0,31.2,6043000
285,Chattogram,House,1084,1,1,2,0,2015,11,Good,Fully Furnished,0,1,0,2.78,0,0,32.9,10178000
286,Rajshahi,Apartment,1403,2,1,15,0,2003,23,Good,Unfurnished,2,0,0,7.25,1,0,57.3,7652000
287,Sylhet,House,1822,2,2,2,0,2018,8,Fair,Unfurnished,1,0,0,6.78,0,1,48.7,10896000
288,Khulna,House,1964,3,3,1,0,1995,31,Good,Semi-Furnished,0,0,0,8.83,1,0,52.8,8694000
289,Mymensingh,Apartment,1741,2,1,9,8,2025,1,Excellent,Fully Furnished,0,0,0,3.81,1,0,26.4,9284000
290,Khulna,Duplex,1694,2,2,3,2,1996,30,Excellent,Unfurnished,1,1,0,8.8,0,1,47.6,4988000
291,Dhaka,Townhouse,487,1,1,3,0,1990,36,Fair,Unfurnished,0,0,0,17.23,1,0,32.3,6578000
292,Rajshahi,Duplex,1231,2,2,2,0,1989,37,Excellent,Unfurnished,0,1,0,1.51,0,1,69.2,7095000
293,Chattogram,Apartment,1499,3,2,20,8,1991,35,New,Unfurnished,0,0,1,6.13,1,1,17.8,14417000
294,Barishal,Condo,830,1,2,21,13,2010,16,Fair,Semi-Furnished,1,0,1,23.21,0,0,49.3,3893000
295,Rajshahi,Apartment,450,1,1,17,17,2006,20,New,Semi-Furnished,1,0,0,1.05,1,0,14.9,4837000
296,Barishal,Apartment,1496,3,3,10,0,1997,29,New,Fully Furnished,1,0,0,8.22,0,0,61.4,10719000
297,Barishal,Apartment,1635,3,2,12,12,2026,0,Good,Semi-Furnished,0,0,0,7.91,1,1,18.6,8700000
298,Dhaka,Apartment,1324,2,1,15,3,2014,12,Good,Fully Furnished,2,0,0,7.56,1,1,56.4,15104000
299,Rangpur,Apartment,2024,4,4,16,6,1987,39,Good,Unfurnished,1,0,0,9.45,1,0,53.9,2588000
300,Rangpur,Duplex,2871,4,3,1,0,1990,36,Good,Semi-Furnished,0,0,0,1.24,1,1,59.3,9124000
301,Dhaka,House,1110,2,1,3,1,2007,19,Good,Semi-Furnished,1,0,0,15.87,0,0,98.4,10788000
302,Dhaka,Apartment,1249,3,4,21,5,1995,31,Good,Unfurnished,0,0,0,4.46,0,1,31.5,21518000
303,Sylhet,Apartment,2162,4,3,13,11,2013,13,Good,Unfurnished,1,0,0,11.22,1,0,72.1,16692000
304,Khulna,Apartment,1313,2,3,10,3,2024,2,Good,Semi-Furnished,1,0,0,26.38,1,0,90.0,1630000
305,Mymensingh,Apartment,1996,3,3,25,5,2025,1,Needs Renovation,Fully Furnished,0,0,0,4.76,0,1,32.7,6383000
306,Dhaka,Duplex,1514,2,2,2,0,2022,4,Needs Renovation,Fully Furnished,1,1,0,10.26,1,0,40.1,26193000
307,Chattogram,Apartment,2151,3,2,19,6,1993,33,Excellent,Unfurnished,1,0,0,2.15,1,1,38.0,37513000
308,Sylhet,Condo,1336,1,1,20,20,1985,41,Fair,Unfurnished,1,0,1,4.42,0,0,32.8,15266000
309,Chattogram,House,2000,1,1,1,0,2009,17,Good,Semi-Furnished,0,0,1,9.06,0,1,54.6,9643000
310,Khulna,Duplex,1944,3,3,3,2,2012,14,Excellent,Unfurnished,0,0,0,10.02,0,1,63.3,13530000
311,Chattogram,Apartment,1636,3,4,11,4,1989,37,New,Unfurnished,0,0,0,6.4,1,0,27.4,16358000
312,Barishal,Apartment,1301,2,2,8,0,1999,27,Fair,Semi-Furnished,0,0,0,11.79,0,0,68.4,4032000
313,Sylhet,Condo,1916,2,2,21,11,2003,23,Fair,Unfurnished,0,0,0,19.47,0,0,75.5,12037000
314,Sylhet,Apartment,3154,5,5,20,8,2008,18,Excellent,Semi-Furnished,1,0,0,4.35,1,1,43.9,39682000
315,Mymensingh,Duplex,2978,5,5,1,1,2026,0,Good,Semi-Furnished,0,0,0,2.24,0,1,73.0,19294000
316,Dhaka,Apartment,1280,2,3,25,7,2013,13,Excellent,Unfurnished,0,0,0,12.17,1,1,45.8,21885000
317,Chattogram,Townhouse,1245,1,1,3,1,2010,16,Excellent,Fully Furnished,0,1,0,28.32,1,0,85.2,8888000
318,Mymensingh,Apartment,1267,4,5,19,4,2022,4,Good,Unfurnished,0,0,0,4.73,1,1,83.9,1761000
319,Rajshahi,Apartment,831,1,1,12,2,2009,17,Excellent,Semi-Furnished,1,0,0,6.25,1,0,32.3,2507000
320,Mymensingh,Apartment,1135,2,2,21,20,2000,26,New,Semi-Furnished,0,0,0,4.1,1,1,42.5,8300000
321,Chattogram,Apartment,1308,2,2,11,9,1988,38,Excellent,Semi-Furnished,0,0,0,4.41,0,1,28.0,10466000
322,Chattogram,Apartment,1521,3,2,25,24,1995,31,Good,Fully Furnished,1,0,0,9.47,1,0,28.1,18433000
323,Rajshahi,Apartment,1038,1,1,9,3,1994,32,Good,Fully Furnished,1,0,0,23.02,0,0,48.8,4577000
324,Chattogram,Apartment,1775,3,3,15,11,1993,33,Fair,Fully Furnished,0,0,0,8.72,0,1,32.5,19438000
325,Khulna,Apartment,2630,3,4,9,1,1986,40,Fair,Semi-Furnished,1,0,0,5.16,1,1,44.1,6175000
326,Chattogram,Duplex,2189,3,3,1,1,1986,40,New,Fully Furnished,3,1,0,6.32,1,0,30.8,18854000
327,Dhaka,Apartment,537,2,2,23,0,1991,35,Fair,Fully Furnished,1,0,0,2.78,1,0,25.2,11467000
328,Khulna,Apartment,1444,3,4,9,8,1993,33,Good,Semi-Furnished,0,0,0,5.53,1,0,66.1,9115000
329,Khulna,House,2396,2,2,1,1,2008,18,Excellent,Fully Furnished,0,1,0,0.91,1,1,36.6,11097000
330,Sylhet,Apartment,2043,4,5,9,3,2012,14,Good,Unfurnished,0,0,0,12.2,1,0,32.8,12921000
331,Mymensingh,Apartment,2020,3,2,14,7,2016,10,Excellent,Fully Furnished,2,0,0,4.88,1,0,46.4,8156000
332,Chattogram,Duplex,1390,2,3,2,0,2003,23,Good,Semi-Furnished,1,0,0,21.4,0,0,78.7,7718000
333,Rangpur,Apartment,1776,3,3,11,7,2012,14,New,Semi-Furnished,0,0,0,8.92,0,0,48.1,10802000
334,Rangpur,Apartment,1195,2,2,15,10,1988,38,New,Unfurnished,1,0,0,1.97,1,1,25.9,4954000
335,Barishal,Apartment,1971,3,3,24,2,1989,37,Fair,Unfurnished,1,0,0,8.35,0,1,63.0,2559000
336,Dhaka,Townhouse,1598,2,1,2,0,1998,28,Excellent,Semi-Furnished,1,0,0,5.0,0,0,28.4,35500000
337,Rajshahi,Apartment,1781,2,2,25,23,1990,36,Good,Semi-Furnished,0,0,0,6.16,1,1,37.1,12110000
338,Rajshahi,Apartment,1315,2,3,14,9,2017,9,Good,Semi-Furnished,1,0,0,15.05,1,0,58.7,6401000
339,Rangpur,Townhouse,1255,2,2,2,1,1994,32,Excellent,Semi-Furnished,1,1,0,18.21,0,0,31.7,3184000
340,Khulna,Apartment,1870,3,3,15,14,2016,10,Good,Semi-Furnished,0,0,0,1.54,0,0,33.9,6628000
341,Mymensingh,Duplex,3630,5,5,3,1,1989,37,Fair,Semi-Furnished,0,1,0,9.3,1,0,64.6,23161000
342,Rajshahi,Apartment,2329,4,4,16,12,2000,26,Fair,Unfurnished,1,0,0,5.4,1,0,49.0,10415000
343,Rangpur,Apartment,1996,3,3,17,15,2008,18,Fair,Unfurnished,2,0,0,9.48,0,0,44.0,4176000
344,Rajshahi,House,828,2,1,3,0,2013,13,Good,Fully Furnished,0,1,0,12.58,1,0,78.4,5903000
345,Rangpur,Duplex,2029,2,3,2,1,2006,20,Good,Fully Furnished,1,0,0,4.24,0,0,15.6,9824000
346,Dhaka,House,2467,3,3,1,1,1997,29,Good,Unfurnished,1,0,0,13.96,0,0,58.9,32507000
347,Mymensingh,Condo,1881,3,3,15,6,1990,36,Good,Unfurnished,2,0,0,3.68,0,0,14.8,12738000
348,Mymensingh,Apartment,1178,2,3,25,13,2023,3,Excellent,Unfurnished,0,0,0,9.75,0,0,75.5,4495000
349,Khulna,Apartment,1650,4,4,21,12,1993,33,Good,Unfurnished,1,0,0,1.83,0,1,64.9,12213000
350,Mymensingh,Condo,1376,1,2,8,0,2015,11,New,Unfurnished,0,0,0,10.1,1,1,27.7,3162000
351,Khulna,Apartment,1727,2,1,6,2,2017,9,Good,Unfurnished,0,0,0,6.9,1,0,53.5,12886000
352,Sylhet,Apartment,1029,2,2,9,5,1987,39,Needs Renovation,Semi-Furnished,1,0,0,5.74,1,0,41.0,8166000
353,Rangpur,Condo,1986,1,1,23,21,2025,1,Fair,Unfurnished,1,0,1,3.52,1,0,48.6,12038000
354,Barishal,Townhouse,873,1,1,3,0,1992,34,Excellent,Unfurnished,0,0,0,7.12,1,0,72.8,1485000
355,Sylhet,Apartment,2351,4,3,16,0,2003,23,Good,Semi-Furnished,0,0,0,13.0,1,0,65.6,15278000
356,Rajshahi,House,3409,6,6,2,0,1998,28,Fair,Fully Furnished,0,0,0,6.64,1,1,70.6,20315000
357,Dhaka,Condo,2580,4,4,10,1,2004,22,Good,Semi-Furnished,1,0,0,2.32,0,1,26.1,45834000
358,Mymensingh,Apartment,1285,2,3,17,5,2012,14,Good,Unfurnished,0,0,0,8.73,0,0,43.8,4735000
359,Mymensingh,Apartment,1882,4,4,10,10,2004,22,Fair,Semi-Furnished,1,0,0,0.54,1,1,40.3,9895000
360,Rajshahi,Apartment,720,1,1,9,7,1996,30,Fair,Fully Furnished,1,0,0,4.09,0,1,45.1,4551000
361,Sylhet,Apartment,2892,5,5,9,6,2019,7,New,Semi-Furnished,2,0,0,4.95,0,0,43.8,21090000
362,Barishal,House,2371,4,4,1,0,1993,33,New,Unfurnished,3,0,0,8.62,1,0,51.0,16616000
363,Rajshahi,Duplex,2709,3,2,1,0,2013,13,Needs Renovation,Semi-Furnished,1,1,0,12.67,1,0,37.4,15274000
364,Mymensingh,Duplex,1042,1,1,1,1,2010,16,Good,Semi-Furnished,0,0,0,9.83,1,1,34.2,2520000
365,Rangpur,Condo,2398,4,4,20,13,1986,40,Excellent,Semi-Furnished,0,0,0,7.57,0,0,48.7,14127000
366,Rajshahi,House,1904,2,2,2,0,2024,2,Excellent,Semi-Furnished,1,1,0,6.33,0,0,52.7,7625000
367,Dhaka,Apartment,1864,2,2,22,1,1989,37,Excellent,Unfurnished,1,0,0,37.0,0,0,100.0,15097000
368,Chattogram,House,2318,4,5,1,0,2024,2,Good,Fully Furnished,1,0,0,1.29,1,0,48.3,37050000
369,Mymensingh,Duplex,3196,4,4,1,0,1997,29,Good,Semi-Furnished,1,0,0,5.09,1,0,31.0,15128000
370,Sylhet,Duplex,1217,1,1,2,1,2011,15,Fair,Fully Furnished,0,0,0,11.73,0,1,49.1,6694000
371,Sylhet,Apartment,1426,2,2,24,1,2025,1,Needs Renovation,Semi-Furnished,2,0,0,16.59,0,0,29.9,4473000
372,Rajshahi,Condo,1251,2,3,20,20,1998,28,Fair,Semi-Furnished,0,0,0,12.99,0,0,42.2,2449000
373,Rangpur,House,1438,2,2,1,0,2017,9,Good,Semi-Furnished,1,1,0,6.77,0,0,35.6,9532000
374,Dhaka,Condo,1762,2,1,7,1,2013,13,Excellent,Semi-Furnished,0,0,0,32.7,0,0,93.2,15987000
375,Barishal,Apartment,484,1,1,18,16,2000,26,New,Semi-Furnished,1,0,0,1.96,1,1,62.1,2275000
376,Khulna,Apartment,1665,2,3,14,9,2016,10,Good,Fully Furnished,0,0,0,4.1,1,1,6.9,11307000
377,Chattogram,House,1671,2,2,3,1,1992,34,Good,Semi-Furnished,1,1,0,5.23,1,1,55.8,22700000
378,Rangpur,Apartment,1663,4,4,11,11,2016,10,New,Semi-Furnished,1,0,0,3.5,1,1,41.8,13578000
379,Sylhet,Duplex,1348,1,2,3,1,1994,32,Fair,Unfurnished,1,1,0,4.6,0,0,20.3,14634000
380,Sylhet,House,902,1,1,3,2,1992,34,Good,Unfurnished,2,0,0,6.66,1,1,39.1,8522000
381,Dhaka,Apartment,2327,3,4,8,8,2023,3,Excellent,Semi-Furnished,0,0,0,1.44,1,1,38.9,17961000
382,Sylhet,Apartment,2244,3,3,15,13,1995,31,New,Fully Furnished,1,0,0,1.01,0,1,58.0,37689000
383,Dhaka,Apartment,1291,3,4,22,16,2009,17,Needs Renovation,Unfurnished,0,0,0,1.47,0,1,54.4,11954000
384,Chattogram,Apartment,814,1,1,24,13,2013,13,New,Semi-Furnished,1,0,0,31.11,0,0,100.0,7328000
385,Dhaka,Condo,1978,4,4,6,0,2015,11,Excellent,Unfurnished,0,0,0,3.36,1,1,5.0,32846000
386,Chattogram,Apartment,1856,3,3,19,6,2024,2,Good,Fully Furnished,2,0,0,28.67,0,0,51.0,8488000
387,Barishal,Apartment,925,2,1,25,15,1985,41,Fair,Semi-Furnished,0,0,0,11.14,0,0,67.1,1165000
388,Mymensingh,House,1789,1,1,2,0,1985,41,New,Semi-Furnished,1,0,0,9.41,1,0,50.1,11532000
389,Khulna,Apartment,1022,1,1,21,19,1998,28,New,Fully Furnished,0,0,0,5.2,1,0,36.7,8720000
390,Sylhet,Apartment,1817,3,3,24,7,2018,8,Good,Unfurnished,1,0,0,9.16,0,0,45.2,4171000
391,Dhaka,Condo,1940,2,3,14,1,2018,8,Good,Semi-Furnished,1,0,0,3.12,1,1,8.3,18174000
392,Dhaka,Townhouse,2228,3,2,1,0,1995,31,Excellent,Unfurnished,0,1,1,13.04,0,1,50.7,30797000
393,Dhaka,Condo,1340,2,1,25,19,2013,13,Fair,Semi-Furnished,0,0,1,0.86,0,1,33.2,11511000
394,Mymensingh,Apartment,1145,2,1,7,0,2003,23,Fair,Semi-Furnished,0,0,0,12.09,0,0,41.6,3253000
395,Chattogram,Apartment,1869,4,5,22,10,2022,4,Excellent,Unfurnished,0,0,0,2.65,1,1,35.6,18376000
396,Mymensingh,Apartment,1805,3,3,15,13,2017,9,Needs Renovation,Semi-Furnished,0,0,0,1.73,1,1,66.4,2144000
397,Sylhet,Apartment,982,1,1,19,11,1997,29,Needs Renovation,Semi-Furnished,1,0,0,5.9,1,0,48.6,7230000
398,Barishal,House,1759,2,3,1,1,1999,27,Fair,Semi-Furnished,0,1,0,11.87,0,0,35.9,6263000
399,Dhaka,Apartment,1766,3,2,10,4,2013,13,Excellent,Semi-Furnished,1,0,1,1.89,0,0,33.2,23289000
400,Sylhet,Apartment,1959,3,2,6,6,1993,33,Good,Semi-Furnished,2,0,0,3.54,0,0,62.5,24817000
401,Rangpur,Condo,1803,3,3,12,3,2019,7,Good,Semi-Furnished,0,0,0,1.56,1,1,13.1,13045000
402,Dhaka,House,1845,2,3,1,0,2015,11,Fair,Semi-Furnished,1,0,0,4.32,1,0,54.0,22889000
403,Mymensingh,Apartment,780,1,1,12,3,1997,29,Good,Unfurnished,1,0,0,2.88,1,1,54.5,4104000
404,Barishal,Apartment,2191,4,4,19,14,2014,12,Good,Semi-Furnished,0,0,1,4.61,1,0,41.6,7871000
405,Chattogram,Duplex,2245,3,2,2,0,2019,7,Excellent,Unfurnished,0,0,0,3.66,0,0,51.3,35660000
406,Rajshahi,Apartment,1954,2,3,18,18,2026,0,New,Semi-Furnished,3,0,0,3.25,1,1,37.1,15461000
407,Mymensingh,House,1380,1,1,1,1,2011,15,Excellent,Semi-Furnished,0,0,0,20.12,0,0,57.9,3572000
408,Rangpur,Duplex,1498,2,1,3,0,1993,33,Excellent,Fully Furnished,0,0,0,16.08,1,0,76.0,6038000
409,Chattogram,Apartment,1978,4,4,8,2,1991,35,Good,Unfurnished,1,0,1,3.38,1,1,21.6,15773000
410,Mymensingh,Apartment,1346,2,3,18,5,1992,34,New,Semi-Furnished,1,0,0,3.36,1,0,24.8,8530000
411,Rajshahi,House,1202,1,1,1,0,1994,32,Good,Fully Furnished,0,1,0,5.65,1,1,36.0,9668000
412,Barishal,House,1320,2,2,2,0,1996,30,Fair,Semi-Furnished,0,1,0,5.39,1,0,51.2,4183000
413,Rajshahi,House,2767,4,4,2,1,2020,6,New,Semi-Furnished,1,0,0,1.68,1,1,19.6,26197000
414,Mymensingh,Apartment,720,2,3,7,0,2001,25,New,Fully Furnished,0,0,0,1.59,1,0,59.3,2362000
415,Sylhet,Apartment,1747,3,3,9,8,2010,16,Excellent,Semi-Furnished,1,0,0,2.8,0,1,39.8,12409000
416,Chattogram,Apartment,1471,2,1,7,6,1997,29,Fair,Semi-Furnished,1,0,0,32.43,1,0,87.0,4720000
417,Sylhet,House,2637,4,4,2,0,2024,2,Excellent,Semi-Furnished,1,1,0,2.14,1,1,35.1,23616000
418,Rajshahi,House,1752,2,2,2,1,2023,3,Good,Fully Furnished,0,0,0,2.22,1,0,12.3,10737000
419,Sylhet,Apartment,495,1,1,21,2,2006,20,New,Fully Furnished,0,0,0,6.31,1,1,49.5,5408000
420,Khulna,Duplex,1715,3,2,1,1,2016,10,Excellent,Unfurnished,1,0,0,21.89,0,0,69.6,8876000
421,Rangpur,House,1728,2,2,2,0,1998,28,Good,Fully Furnished,0,0,0,7.32,1,1,35.5,3319000
422,Chattogram,Townhouse,3139,6,6,1,0,1996,30,Good,Fully Furnished,1,1,0,4.06,1,1,36.1,24436000
423,Mymensingh,Townhouse,2356,3,4,1,1,2010,16,Good,Semi-Furnished,0,1,0,22.48,0,0,76.1,3271000
424,Rajshahi,House,3030,4,4,2,1,2004,22,Good,Semi-Furnished,0,1,0,1.56,1,1,33.6,24041000
425,Rangpur,Townhouse,2031,4,5,2,0,2011,15,Fair,Fully Furnished,2,1,0,23.58,0,0,92.5,6399000
426,Barishal,House,540,1,1,1,1,1987,39,Fair,Semi-Furnished,1,0,0,8.4,1,1,43.3,2585000
427,Sylhet,Apartment,1259,3,4,18,18,1990,36,Good,Unfurnished,0,0,0,4.45,0,1,54.4,6007000
428,Chattogram,Apartment,750,1,1,14,11,1998,28,Fair,Semi-Furnished,0,0,0,0.3,1,1,76.7,7703000
429,Sylhet,Apartment,1893,3,4,11,8,1992,34,Good,Fully Furnished,1,0,0,10.48,0,0,54.5,14831000
430,Sylhet,Apartment,1817,3,2,16,0,2022,4,Excellent,Semi-Furnished,1,0,0,23.07,0,1,65.2,6164000
431,Rangpur,House,2452,4,5,2,1,2023,3,Good,Semi-Furnished,3,0,0,8.41,1,1,9.8,8892000
432,Mymensingh,Condo,1372,1,1,6,4,1992,34,Fair,Unfurnished,0,0,0,8.06,1,1,20.1,3856000
433,Barishal,Apartment,1447,2,2,20,7,2023,3,Good,Semi-Furnished,1,0,0,20.82,0,0,50.8,2063000
434,Khulna,House,1916,4,3,1,1,1990,36,Excellent,Semi-Furnished,0,1,0,2.19,1,1,28.8,19741000
435,Chattogram,Apartment,1726,3,3,18,8,1999,27,Good,Semi-Furnished,2,0,0,19.19,0,0,55.2,8300000
436,Chattogram,House,1651,1,2,3,2,2020,6,Needs Renovation,Semi-Furnished,1,1,0,4.1,1,0,52.3,12800000
437,Barishal,Townhouse,1361,2,1,3,2,1997,29,Fair,Fully Furnished,0,0,0,6.34,1,1,56.8,5967000
438,Sylhet,Condo,1592,2,3,10,9,2003,23,Excellent,Semi-Furnished,1,0,0,4.57,1,0,19.2,20523000
439,Khulna,Apartment,1062,2,2,10,3,1999,27,Good,Unfurnished,1,0,0,5.45,0,0,35.6,8428000
440,Barishal,Apartment,1060,1,2,18,2,2018,8,Good,Unfurnished,2,0,0,1.36,0,0,26.1,2472000
441,Rajshahi,Apartment,1883,3,4,15,4,1998,28,Excellent,Semi-Furnished,1,0,0,7.36,0,1,43.3,15148000
442,Sylhet,Condo,2956,5,5,7,1,2017,9,Good,Semi-Furnished,2,0,0,0.72,1,0,32.0,47701000
443,Rangpur,Duplex,2783,4,3,2,1,2002,24,Good,Semi-Furnished,1,1,0,17.19,0,0,59.6,10633000
444,Chattogram,Duplex,2799,3,4,2,0,1991,35,Excellent,Semi-Furnished,1,1,0,5.14,0,0,28.0,18159000
445,Chattogram,Duplex,2964,3,2,1,0,1985,41,Good,Fully Furnished,1,1,0,7.49,1,0,51.0,35771000
446,Sylhet,Apartment,1728,3,3,7,4,2019,7,Good,Semi-Furnished,0,0,0,4.11,1,1,23.6,17424000
447,Khulna,Apartment,1549,3,3,25,17,1998,28,Good,Unfurnished,0,0,0,3.41,1,1,24.2,13427000
448,Sylhet,Apartment,2319,4,4,17,16,2023,3,Excellent,Fully Furnished,0,0,0,23.77,0,0,92.4,12478000
449,Barishal,House,1914,2,2,1,0,2002,24,New,Semi-Furnished,1,1,0,2.81,1,0,36.1,12910000
450,Rajshahi,House,684,1,1,2,1,1996,30,Excellent,Semi-Furnished,2,0,0,4.79,1,1,38.0,2371000
451,Rangpur,House,2524,2,2,3,0,2023,3,Good,Semi-Furnished,0,0,0,22.39,0,0,71.6,4297000
452,Chattogram,Townhouse,1528,2,1,3,0,1989,37,Good,Fully Furnished,1,0,0,6.5,0,1,48.5,16804000
453,Mymensingh,Apartment,914,2,1,18,0,2024,2,Excellent,Fully Furnished,1,0,0,4.95,0,0,42.7,8376000
454,Dhaka,House,2377,4,4,1,0,2008,18,Fair,Semi-Furnished,1,1,0,2.67,1,1,34.1,41861000
455,Rajshahi,Apartment,1391,2,3,12,4,2026,0,Good,Fully Furnished,2,0,0,0.43,1,1,23.1,4549000
456,Sylhet,Apartment,2109,4,4,8,8,2017,9,Fair,Semi-Furnished,1,0,0,2.96,1,1,38.2,21949000
457,Rajshahi,Apartment,1247,1,1,10,5,2012,14,New,Fully Furnished,0,0,0,1.85,1,1,30.6,11820000
458,Rajshahi,Apartment,1036,1,1,16,12,2017,9,Good,Semi-Furnished,1,0,0,11.27,1,1,43.7,5051000
459,Barishal,Apartment,1345,2,3,15,9,2016,10,New,Semi-Furnished,0,0,0,2.54,1,0,22.2,9335000
460,Mymensingh,House,1503,3,3,1,0,1999,27,New,Semi-Furnished,1,1,1,3.29,1,1,49.3,14697000
461,Khulna,Apartment,1061,1,1,15,3,2002,24,Good,Fully Furnished,0,0,0,1.41,1,1,26.0,4771000
462,Chattogram,Apartment,1753,2,2,15,3,1991,35,Good,Semi-Furnished,1,0,0,13.11,0,0,45.5,8285000
463,Rangpur,Apartment,2378,4,3,7,3,1997,29,Good,Fully Furnished,2,0,0,11.03,1,0,59.0,3615000
464,Rajshahi,Condo,1092,3,3,17,14,2025,1,Good,Fully Furnished,1,0,0,4.95,1,0,48.4,3268000
465,Dhaka,Duplex,1162,2,3,2,0,1995,31,Good,Semi-Furnished,0,0,0,1.17,1,1,30.9,31711000
466,Rajshahi,Apartment,2239,3,2,11,3,1987,39,Good,Unfurnished,0,0,0,2.75,1,0,11.3,16792000
467,Chattogram,Apartment,1738,2,2,16,2,2020,6,Excellent,Unfurnished,1,0,0,6.9,1,0,37.2,11219000
468,Dhaka,Apartment,2013,4,3,18,8,2025,1,Good,Semi-Furnished,1,0,0,7.72,0,1,36.1,16658000
469,Barishal,Apartment,1060,1,2,11,2,1997,29,Good,Fully Furnished,1,0,0,16.79,0,1,69.6,2001000
470,Mymensingh,Condo,1701,3,3,6,4,1991,35,Good,Unfurnished,1,0,0,0.81,1,1,13.6,10046000
471,Dhaka,Townhouse,2423,4,4,3,0,1997,29,New,Semi-Furnished,2,1,0,3.04,1,1,22.0,15887000
472,Rajshahi,Apartment,1506,3,2,13,0,1999,27,Good,Unfurnished,0,0,0,5.17,0,1,33.3,3644000
473,Chattogram,Townhouse,1498,2,2,1,1,1990,36,Fair,Semi-Furnished,1,0,0,2.47,1,0,55.1,9667000
474,Mymensingh,House,2211,4,3,1,0,2026,0,Excellent,Unfurnished,0,0,0,1.7,0,1,46.2,7867000
475,Rangpur,Apartment,1023,1,2,25,25,2025,1,Excellent,Fully Furnished,0,0,0,5.88,1,0,34.0,4263000
476,Rangpur,Apartment,1135,3,3,8,3,2008,18,New,Fully Furnished,2,0,0,17.88,0,0,62.1,6875000
477,Rajshahi,Apartment,1370,3,4,13,3,1999,27,New,Unfurnished,2,0,0,2.12,1,0,32.4,9412000
478,Sylhet,Apartment,1470,2,1,6,4,2011,15,Excellent,Unfurnished,1,0,0,3.31,1,0,14.7,14679000
479,Sylhet,Apartment,1019,2,2,22,5,1985,41,Good,Semi-Furnished,1,0,0,3.23,1,1,34.2,11728000
480,Chattogram,Apartment,1706,3,3,18,1,1999,27,Good,Fully Furnished,2,0,0,9.21,0,1,44.8,12441000
481,Barishal,House,2253,3,2,2,1,1986,40,Excellent,Unfurnished,1,1,0,1.86,0,1,44.0,6394000
482,Dhaka,House,1958,3,3,1,1,1985,41,Needs Renovation,Semi-Furnished,2,1,0,3.34,0,1,35.1,34822000
483,Sylhet,Apartment,1369,3,2,15,5,1994,32,Good,Unfurnished,0,0,0,3.06,1,0,12.9,16121000
484,Barishal,Apartment,1930,3,4,7,6,2000,26,Excellent,Semi-Furnished,1,0,0,6.43,1,0,47.9,10995000
485,Chattogram,Apartment,1426,2,2,11,1,2002,24,Good,Unfurnished,2,0,0,31.91,0,0,89.9,11987000
486,Mymensingh,Apartment,1471,3,3,20,11,2017,9,Fair,Fully Furnished,0,0,0,3.89,0,0,56.6,6892000
487,Khulna,House,1557,2,1,2,1,1995,31,Good,Fully Furnished,1,0,0,5.49,0,1,72.8,4961000
488,Rangpur,Duplex,2712,3,3,2,1,1998,28,Good,Semi-Furnished,1,1,0,7.8,1,0,50.0,12583000
489,Barishal,Duplex,2293,3,3,1,1,2002,24,Excellent,Unfurnished,1,1,0,5.04,1,0,51.4,7461000
490,Rangpur,Apartment,1532,3,3,19,15,2015,11,Good,Semi-Furnished,1,0,0,7.56,0,0,42.1,3755000
491,Sylhet,Apartment,2383,5,5,6,1,2014,12,Fair,Semi-Furnished,0,0,0,3.58,0,0,64.3,20266000
492,Chattogram,Apartment,1157,2,2,25,12,1998,28,Excellent,Fully Furnished,2,0,1,11.8,0,0,48.0,19363000
493,Mymensingh,Apartment,1507,1,2,22,10,1992,34,Fair,Semi-Furnished,0,0,0,4.58,0,0,55.0,6332000
494,Chattogram,Townhouse,1584,3,2,3,1,1991,35,Good,Semi-Furnished,1,1,0,0.81,1,1,33.1,17443000
495,Khulna,Condo,1996,4,5,19,12,1985,41,Fair,Semi-Furnished,0,0,0,4.38,0,0,40.6,4493000
496,Dhaka,Apartment,1992,3,3,16,5,2021,5,Needs Renovation,Unfurnished,1,0,0,13.95,0,1,52.9,17898000
497,Sylhet,Apartment,1546,2,2,9,2,2017,9,New,Semi-Furnished,0,0,0,13.03,1,1,69.2,3914000
498,Sylhet,Apartment,653,2,1,24,12,1986,40,Good,Unfurnished,0,0,0,3.71,1,1,46.3,3280000
499,Rangpur,Duplex,1548,2,2,3,0,2025,1,Needs Renovation,Fully Furnished,2,1,0,2.49,1,0,60.5,9481000
500,Chattogram,Apartment,1747,3,2,12,10,2011,15,Good,Unfurnished,2,0,0,0.43,1,1,20.7,8305000
501,Barishal,Apartment,737,1,1,22,8,1992,34,Excellent,Unfurnished,2,0,0,14.34,1,0,57.7,1939000
502,Sylhet,Apartment,1104,1,1,23,20,2003,23,Good,Fully Furnished,0,0,0,2.41,0,0,52.6,11684000
503,Rajshahi,Apartment,2237,3,4,20,13,2023,3,Good,Fully Furnished,0,0,0,6.61,0,1,29.9,6002000
504,Rajshahi,House,2356,2,2,2,0,1992,34,Excellent,Unfurnished,1,1,0,4.82,1,1,28.1,5751000
505,Mymensingh,House,1903,2,1,2,1,2023,3,Excellent,Unfurnished,0,0,0,8.94,0,0,38.6,8073000
506,Khulna,Apartment,1363,3,3,19,3,1992,34,Good,Semi-Furnished,0,0,1,1.69,1,1,31.4,7613000
507,Rangpur,Apartment,925,1,1,6,0,2015,11,New,Fully Furnished,0,0,0,4.69,1,0,29.7,4526000
508,Mymensingh,Apartment,450,1,1,25,3,1986,40,Excellent,Fully Furnished,2,0,0,9.47,1,0,84.7,2967000
509,Dhaka,Townhouse,1541,3,2,1,0,2004,22,New,Unfurnished,0,1,0,1.96,1,0,19.9,39478000
510,Rangpur,House,1224,2,2,3,1,2016,10,Needs Renovation,Unfurnished,1,1,0,1.72,0,0,26.8,5080000
511,Chattogram,Apartment,1377,2,2,20,12,1997,29,Good,Unfurnished,1,0,0,4.52,0,0,18.0,16597000
512,Sylhet,Apartment,1687,1,1,18,6,1989,37,Excellent,Unfurnished,0,0,0,2.87,0,1,67.4,16393000
513,Dhaka,Apartment,950,1,1,23,2,2007,19,Good,Unfurnished,0,0,0,2.42,1,0,38.1,9792000
514,Rangpur,Apartment,1815,2,3,9,0,2026,0,Excellent,Unfurnished,2,0,0,2.97,1,0,60.2,9787000
515,Rangpur,Apartment,694,2,2,21,6,1995,31,Fair,Unfurnished,0,0,0,1.7,1,1,57.0,1955000
516,Khulna,Apartment,1188,2,2,20,4,1985,41,Good,Semi-Furnished,3,0,0,2.83,1,1,44.3,6278000
517,Khulna,Apartment,1747,3,3,13,8,2017,9,Excellent,Unfurnished,1,0,0,5.69,0,1,50.1,8997000
518,Dhaka,Condo,1652,2,3,9,4,2018,8,Good,Unfurnished,2,0,0,2.06,1,0,33.9,41122000
519,Chattogram,Apartment,1958,4,4,23,14,2018,8,Excellent,Fully Furnished,0,0,0,20.89,1,0,75.2,18191000
520,Chattogram,Apartment,1251,1,1,15,3,1985,41,Good,Semi-Furnished,0,0,0,8.17,1,1,48.2,13196000
521,Dhaka,Apartment,1579,3,4,15,0,2012,14,Excellent,Fully Furnished,1,0,0,11.77,0,0,54.0,33285000
522,Sylhet,Townhouse,2143,3,2,2,0,1987,39,Good,Unfurnished,1,1,0,1.25,1,1,17.0,21774000
523,Barishal,Duplex,3404,4,4,1,1,2020,6,Excellent,Unfurnished,0,0,0,12.34,1,0,85.1,17889000
524,Barishal,Apartment,1161,1,2,20,0,2020,6,New,Semi-Furnished,1,0,0,11.97,1,0,56.1,8669000
525,Dhaka,Duplex,2131,2,1,2,1,1988,38,New,Unfurnished,1,0,0,7.22,0,1,44.5,40550000
526,Dhaka,House,1159,1,2,1,0,2025,1,Fair,Unfurnished,0,1,0,8.38,1,0,88.6,4899000
527,Khulna,Apartment,2150,4,5,7,1,2004,22,Good,Fully Furnished,1,0,0,13.43,0,0,27.8,9925000
528,Sylhet,Apartment,1125,2,2,21,15,2003,23,Excellent,Unfurnished,0,0,0,5.01,1,0,34.4,4531000
529,Chattogram,House,2098,3,4,1,1,1993,33,Good,Semi-Furnished,0,1,0,5.59,0,1,84.7,8583000
530,Barishal,House,1041,1,1,2,1,2010,16,New,Fully Furnished,0,0,0,9.64,0,1,52.4,7365000
531,Barishal,House,1945,3,2,3,0,1999,27,New,Unfurnished,1,0,0,13.04,1,0,46.4,5935000
532,Rangpur,Condo,1825,3,2,8,7,2008,18,Good,Fully Furnished,1,0,0,5.3,1,1,36.3,6744000
533,Rajshahi,Apartment,1018,2,2,8,0,2025,1,Needs Renovation,Unfurnished,1,0,1,11.56,0,1,52.9,4281000
534,Mymensingh,Apartment,2326,3,3,17,17,1993,33,Fair,Semi-Furnished,0,0,0,1.99,1,1,16.1,4376000
535,Dhaka,Apartment,2178,5,5,18,11,1989,37,Fair,Unfurnished,0,0,0,6.33,1,0,61.9,23287000
536,Mymensingh,Townhouse,2044,4,3,2,1,2001,25,Excellent,Fully Furnished,1,0,0,11.74,1,0,55.1,13377000
537,Dhaka,Apartment,2237,4,3,23,15,1993,33,Excellent,Unfurnished,2,0,0,4.56,0,0,45.3,9702000
538,Khulna,Apartment,1705,4,3,23,15,1988,38,Good,Semi-Furnished,2,0,0,1.1,1,0,53.1,7828000
539,Dhaka,Apartment,1755,3,4,23,18,1987,39,Needs Renovation,Unfurnished,0,0,0,1.31,1,1,9.9,19690000
540,Rajshahi,Apartment,1299,1,1,8,4,2019,7,Excellent,Semi-Furnished,1,0,0,4.71,1,0,12.1,10712000
541,Rajshahi,Apartment,1330,2,2,19,19,2016,10,Excellent,Unfurnished,2,0,0,9.9,1,0,79.9,3591000
542,Mymensingh,House,1699,2,3,1,1,2002,24,Good,Unfurnished,1,0,0,0.9,1,1,35.1,7574000
543,Dhaka,House,2638,4,3,3,1,2001,25,Fair,Semi-Furnished,1,0,0,5.36,0,1,28.8,15568000
544,Rajshahi,Condo,1950,4,4,11,6,2014,12,Good,Fully Furnished,1,0,0,21.28,1,0,66.7,6058000
545,Rajshahi,Apartment,524,1,1,9,4,2021,5,Good,Fully Furnished,1,0,1,0.3,1,1,22.1,3844000
546,Chattogram,Apartment,1186,2,1,20,5,2001,25,Fair,Unfurnished,1,0,0,2.35,1,1,32.6,4276000
547,Mymensingh,House,2671,4,3,3,1,2001,25,New,Fully Furnished,1,1,0,1.82,1,1,22.4,13080000
548,Rangpur,Apartment,1489,2,1,16,11,2006,20,Needs Renovation,Fully Furnished,0,0,0,0.96,1,1,61.7,4859000
549,Khulna,Duplex,1310,1,1,1,1,2022,4,New,Semi-Furnished,0,1,1,19.64,0,0,98.2,7163000
550,Chattogram,Condo,1351,2,3,22,16,2013,13,Excellent,Unfurnished,0,0,0,13.19,1,1,38.4,22243000
551,Mymensingh,Duplex,2046,3,3,3,2,1989,37,Fair,Semi-Furnished,0,1,0,12.52,0,0,42.5,7270000
552,Sylhet,House,1728,3,2,1,1,2011,15,Good,Unfurnished,0,1,0,4.57,1,0,42.5,16539000
553,Chattogram,Apartment,2164,4,4,8,2,2017,9,Fair,Fully Furnished,1,0,0,7.12,1,0,37.0,29280000
554,Chattogram,Townhouse,2241,4,4,2,1,2025,1,Good,Fully Furnished,0,1,0,12.0,0,1,68.4,30363000
555,Barishal,House,1743,2,2,3,2,2022,4,Excellent,Semi-Furnished,1,1,0,6.23,0,1,61.1,8587000
556,Sylhet,Apartment,2218,5,5,19,16,2002,24,Good,Semi-Furnished,1,0,0,3.12,0,1,46.6,27984000
557,Chattogram,Condo,1212,2,2,23,16,1995,31,New,Fully Furnished,2,0,0,1.71,1,1,32.7,33458000
558,Mymensingh,Apartment,1489,3,2,9,7,2012,14,Good,Unfurnished,1,0,0,25.8,0,0,80.3,1411000
559,Barishal,Apartment,1080,2,1,16,1,2012,14,New,Semi-Furnished,0,0,0,13.98,0,0,53.3,3057000
560,Khulna,House,1869,2,2,3,1,2003,23,New,Semi-Furnished,1,0,0,4.97,0,0,51.5,5747000
561,Rangpur,House,2440,3,3,2,0,2003,23,Good,Semi-Furnished,0,0,0,3.66,0,0,25.4,9693000
562,Khulna,House,2370,3,3,3,0,2007,19,Good,Semi-Furnished,1,0,0,4.19,1,1,23.8,24344000
563,Dhaka,House,2175,2,3,2,1,2012,14,Good,Fully Furnished,0,1,0,3.4,1,1,63.8,20931000
564,Barishal,Apartment,810,1,1,18,2,2006,20,Fair,Semi-Furnished,0,0,0,3.54,1,1,32.8,4564000
565,Sylhet,Condo,1570,2,2,6,0,1986,40,Good,Semi-Furnished,0,0,1,2.38,1,0,38.1,6919000
566,Rangpur,House,2984,4,4,1,0,1989,37,Good,Semi-Furnished,1,0,0,17.78,0,0,56.9,14354000
567,Barishal,Apartment,1090,2,3,12,1,2001,25,Needs Renovation,Semi-Furnished,0,0,0,4.21,1,0,52.0,3287000
568,Mymensingh,House,2305,4,3,2,0,2021,5,Needs Renovation,Semi-Furnished,1,0,0,4.45,0,1,55.6,4873000
569,Mymensingh,House,2709,4,5,3,2,2021,5,Fair,Unfurnished,0,0,0,1.64,1,0,37.9,7220000
570,Mymensingh,Apartment,1812,2,2,20,15,2017,9,Good,Semi-Furnished,0,0,0,0.82,1,1,5.0,4501000
571,Chattogram,Apartment,1462,2,3,10,8,2011,15,Good,Unfurnished,0,0,0,8.95,0,1,52.5,12047000
572,Khulna,Duplex,2693,4,4,2,1,1998,28,Fair,Fully Furnished,0,1,0,12.4,0,1,23.5,8119000
573,Rajshahi,House,2242,3,4,2,0,1988,38,Good,Semi-Furnished,2,0,0,0.48,1,0,44.4,13167000
574,Barishal,House,1816,2,2,1,0,1991,35,Good,Unfurnished,1,0,0,10.83,0,0,57.1,5358000
575,Mymensingh,Apartment,1734,3,3,8,2,1994,32,Excellent,Fully Furnished,0,0,0,5.9,0,1,71.8,7147000
576,Rangpur,Apartment,1616,2,2,22,10,2018,8,New,Semi-Furnished,1,0,0,2.56,1,1,47.4,10084000
577,Chattogram,House,1788,2,1,2,1,2007,19,Good,Unfurnished,0,0,0,2.88,1,1,19.7,17285000
578,Rajshahi,Apartment,2060,5,4,25,8,1987,39,Good,Semi-Furnished,0,0,0,2.36,1,1,67.9,12413000
579,Mymensingh,Apartment,1121,1,1,7,5,1986,40,Good,Semi-Furnished,0,0,0,2.27,1,1,29.2,6347000
580,Rajshahi,Townhouse,2157,3,2,2,1,1995,31,Fair,Semi-Furnished,2,0,0,14.07,1,0,48.5,8819000
581,Chattogram,Apartment,2214,4,5,11,10,1985,41,Excellent,Semi-Furnished,1,0,0,2.49,1,0,49.8,12676000
582,Barishal,House,2362,4,3,1,1,2014,12,New,Semi-Furnished,1,0,0,3.0,1,1,67.8,16546000
583,Sylhet,House,1598,1,1,1,0,2003,23,Excellent,Semi-Furnished,1,1,0,6.84,0,1,52.3,22456000
584,Sylhet,Apartment,2228,3,3,15,6,2006,20,Good,Semi-Furnished,1,0,0,10.91,0,1,26.9,8204000
585,Sylhet,Apartment,1429,2,3,24,1,2005,21,Good,Semi-Furnished,1,0,0,4.15,1,0,39.4,8076000
586,Sylhet,Duplex,1593,1,2,3,1,2015,11,Fair,Unfurnished,0,0,0,26.48,0,0,81.8,6150000
587,Rajshahi,Townhouse,1416,2,2,2,0,2021,5,Good,Unfurnished,0,0,0,11.76,0,1,84.4,1774000
588,Sylhet,Apartment,1847,3,3,19,2,2000,26,Excellent,Semi-Furnished,1,0,0,1.84,1,1,36.1,15771000
589,Mymensingh,House,1898,3,3,2,0,2010,16,Fair,Fully Furnished,1,1,0,1.5,0,1,15.1,6969000
590,Khulna,Apartment,1529,1,2,8,3,1993,33,Good,Unfurnished,0,0,0,1.69,1,0,43.6,7171000
591,Rangpur,Apartment,1247,1,1,20,2,2007,19,Good,Unfurnished,2,0,1,3.84,1,1,19.8,6650000
592,Rangpur,Apartment,2206,4,3,25,25,2013,13,Good,Semi-Furnished,0,0,0,1.19,1,0,8.6,13435000
593,Dhaka,Apartment,1912,4,4,22,19,2014,12,Good,Semi-Furnished,2,0,0,1.56,1,1,44.7,36297000
594,Dhaka,Apartment,2009,3,2,20,10,2004,22,Good,Semi-Furnished,0,0,0,2.17,1,0,41.2,29974000
595,Rajshahi,Apartment,1129,1,2,7,1,2005,21,Good,Unfurnished,2,0,0,5.33,1,0,39.4,6980000
596,Dhaka,Apartment,842,2,1,19,3,1997,29,Good,Fully Furnished,0,0,0,8.39,0,1,34.3,15838000
597,Sylhet,Apartment,974,2,2,15,8,1985,41,Good,Unfurnished,0,0,0,8.35,1,1,50.7,2349000
598,Chattogram,House,1105,2,3,3,1,2025,1,Good,Semi-Furnished,0,1,0,12.41,0,0,55.3,8852000
599,Rangpur,Apartment,2579,5,4,21,17,2007,19,New,Semi-Furnished,0,0,0,5.14,1,0,39.8,14556000
600,Rangpur,Townhouse,2940,6,6,1,1,2019,7,New,Semi-Furnished,1,1,0,6.28,1,0,38.3,20479000
601,Rangpur,Apartment,2424,3,3,16,11,2025,1,New,Fully Furnished,2,0,0,6.15,0,1,37.3,13931000
602,Mymensingh,Apartment,1491,3,2,23,10,2014,12,Good,Semi-Furnished,2,0,0,4.17,1,1,52.3,7797000
603,Chattogram,House,693,2,2,3,0,1995,31,Good,Semi-Furnished,1,0,0,8.54,0,0,54.8,3375000
604,Khulna,Apartment,2163,5,5,10,4,1989,37,Fair,Unfurnished,0,0,0,33.63,0,0,84.8,2655000
605,Barishal,Condo,1596,3,2,6,5,1987,39,Good,Semi-Furnished,0,0,0,12.61,0,0,50.6,8506000
606,Dhaka,Apartment,1627,3,4,7,5,2010,16,Good,Semi-Furnished,0,0,0,1.63,0,0,24.5,9509000
607,Rangpur,House,2305,3,4,1,1,1991,35,Excellent,Semi-Furnished,0,0,0,4.31,1,1,47.1,7556000
608,Dhaka,Duplex,2629,3,3,2,1,2003,23,Excellent,Semi-Furnished,0,0,0,2.78,1,0,33.6,66154000
609,Khulna,Apartment,2002,3,2,14,5,2017,9,Good,Fully Furnished,0,0,0,3.27,0,1,51.2,10343000
610,Mymensingh,House,1746,3,4,2,0,1989,37,Excellent,Unfurnished,1,0,0,8.06,1,0,58.2,12770000
611,Khulna,Duplex,1935,2,1,2,0,2002,24,Good,Semi-Furnished,1,0,1,6.35,1,0,13.5,19040000
612,Khulna,Apartment,1168,2,2,23,8,1990,36,Good,Semi-Furnished,2,0,0,2.94,1,0,22.9,6285000
613,Dhaka,Apartment,1207,2,1,20,2,2015,11,Excellent,Semi-Furnished,1,0,0,7.82,1,0,62.9,19387000
614,Mymensingh,Townhouse,1707,2,2,2,0,2006,20,Good,Semi-Furnished,1,0,0,3.38,1,1,35.9,15051000
615,Mymensingh,Apartment,1845,4,5,11,2,1989,37,Fair,Semi-Furnished,2,0,0,9.78,1,1,65.4,4033000
616,Rajshahi,Apartment,1340,2,2,25,6,2021,5,Good,Unfurnished,1,0,0,2.53,1,1,52.6,6435000
617,Rangpur,Duplex,2876,2,3,2,1,1994,32,Excellent,Semi-Furnished,1,1,0,10.08,0,1,37.6,14391000
618,Sylhet,Townhouse,1664,3,3,1,1,2003,23,Fair,Unfurnished,0,0,0,12.41,0,1,58.9,3623000
619,Mymensingh,Townhouse,561,1,1,3,1,2016,10,Excellent,Fully Furnished,0,1,0,6.28,1,1,41.1,4247000
620,Rangpur,Condo,1776,4,4,23,2,2013,13,Excellent,Semi-Furnished,1,0,0,2.46,0,1,26.8,15051000
621,Barishal,Townhouse,1444,1,1,1,1,2014,12,Excellent,Semi-Furnished,1,1,0,19.17,0,0,99.8,7085000
622,Dhaka,Condo,1365,2,3,7,5,2019,7,Good,Semi-Furnished,0,0,0,27.17,0,0,54.8,15339000
623,Mymensingh,House,2478,4,5,2,1,2013,13,Fair,Fully Furnished,1,1,0,5.8,0,0,54.1,15945000
624,Rajshahi,Apartment,1673,3,3,16,13,1994,32,Excellent,Unfurnished,0,0,0,9.2,0,1,36.0,12373000
625,Sylhet,Apartment,1957,3,2,6,4,2023,3,Needs Renovation,Unfurnished,1,0,0,16.17,0,1,67.6,4561000
626,Khulna,Townhouse,2032,3,3,2,0,2009,17,New,Fully Furnished,1,1,0,3.09,1,1,31.2,28065000
627,Chattogram,Apartment,2489,3,3,16,13,1997,29,Excellent,Unfurnished,0,0,0,20.32,0,0,62.7,21566000
628,Barishal,Townhouse,1428,3,3,1,0,2026,0,Good,Semi-Furnished,0,1,0,3.01,1,1,45.8,3611000
629,Mymensingh,Duplex,3121,4,4,2,1,1995,31,Good,Unfurnished,0,0,0,5.03,0,1,41.0,9210000
630,Barishal,Condo,1659,2,1,16,0,2015,11,New,Fully Furnished,1,0,0,7.44,1,1,43.0,15473000
631,Chattogram,Apartment,1153,1,2,10,9,2025,1,New,Semi-Furnished,1,0,0,7.35,0,1,38.5,13631000
632,Khulna,Apartment,954,1,1,13,10,1990,36,Good,Semi-Furnished,0,0,0,3.48,1,0,60.2,4672000
633,Rajshahi,Duplex,2678,3,3,3,2,1987,39,Good,Semi-Furnished,0,0,1,8.72,1,1,27.6,6801000
634,Barishal,Apartment,1808,5,6,20,6,2014,12,Good,Semi-Furnished,1,0,0,18.7,0,0,69.4,7340000
635,Mymensingh,House,1328,2,2,1,1,2012,14,Good,Fully Furnished,1,0,0,6.19,0,1,51.3,6693000
636,Chattogram,Townhouse,1692,3,3,1,0,1986,40,Excellent,Semi-Furnished,0,0,0,1.4,1,0,32.8,30152000
637,Sylhet,Apartment,2133,3,3,10,8,2024,2,Good,Unfurnished,3,0,0,4.5,1,1,53.3,13063000
638,Rajshahi,Apartment,1790,2,2,12,11,2024,2,Good,Unfurnished,1,0,0,3.17,0,0,31.2,6784000
639,Rangpur,Apartment,2316,3,2,13,4,1993,33,Fair,Unfurnished,0,0,0,5.45,0,1,6.7,4009000
640,Chattogram,Duplex,1660,2,3,2,0,2019,7,Good,Semi-Furnished,3,0,0,4.2,1,0,58.7,10014000
641,Sylhet,Condo,822,2,2,13,8,1991,35,New,Semi-Furnished,2,0,0,14.27,0,0,47.5,2895000
642,Rajshahi,Condo,658,2,2,19,8,2007,19,New,Unfurnished,1,0,0,7.59,1,0,35.1,5400000
643,Rangpur,House,2079,4,3,3,0,2022,4,Fair,Semi-Furnished,1,0,0,7.49,0,0,49.4,8426000
644,Mymensingh,Condo,831,1,2,19,0,1998,28,Good,Unfurnished,1,0,0,12.79,0,1,50.6,4419000
645,Khulna,Apartment,1444,3,3,11,3,2020,6,Fair,Semi-Furnished,0,0,0,13.52,0,0,67.6,5890000
646,Khulna,Apartment,2056,2,1,18,10,2024,2,Good,Unfurnished,0,0,0,4.63,0,0,49.4,14100000
647,Chattogram,Apartment,1733,2,2,23,17,1996,30,Good,Semi-Furnished,1,0,0,15.47,1,0,62.9,12383000
648,Rangpur,Apartment,2284,5,5,25,18,1990,36,Excellent,Unfurnished,1,0,0,34.47,1,0,73.3,4001000
649,Mymensingh,House,2136,3,3,1,1,2013,13,Good,Semi-Furnished,0,0,0,8.69,0,0,40.7,12325000
650,Rajshahi,Apartment,1575,1,1,16,11,1989,37,Needs Renovation,Unfurnished,2,0,0,5.67,0,0,9.1,5714000
651,Barishal,Apartment,1519,3,3,23,7,2014,12,Excellent,Fully Furnished,0,0,0,2.46,1,1,42.4,11264000
652,Mymensingh,Condo,2490,4,3,14,9,2001,25,Needs Renovation,Semi-Furnished,0,0,0,21.99,1,0,48.8,6245000
653,Barishal,Apartment,1355,3,4,10,8,2022,4,Excellent,Unfurnished,0,0,0,2.85,1,1,23.9,9455000
654,Khulna,Townhouse,743,3,3,1,1,1992,34,Excellent,Unfurnished,0,0,0,4.31,0,1,54.3,2940000
655,Rangpur,Condo,1370,2,3,12,3,2007,19,Needs Renovation,Semi-Furnished,0,0,0,1.36,0,1,58.1,3613000
656,Dhaka,Apartment,1421,2,2,8,2,1997,29,Good,Semi-Furnished,0,0,0,8.36,1,1,37.7,16856000
657,Sylhet,Apartment,1400,3,2,23,3,2004,22,Fair,Unfurnished,0,0,0,1.12,1,1,18.3,7565000
658,Rangpur,Duplex,2592,4,3,2,0,2008,18,Excellent,Fully Furnished,0,1,1,29.22,0,0,77.5,13425000
659,Chattogram,House,2080,2,3,3,2,1997,29,Excellent,Unfurnished,1,0,0,4.29,1,1,28.6,23335000
660,Mymensingh,Townhouse,1168,3,2,3,0,1997,29,Needs Renovation,Unfurnished,0,0,0,10.48,1,1,32.8,2204000
661,Dhaka,Condo,1047,2,2,22,11,1987,39,Fair,Unfurnished,2,0,0,0.94,1,0,26.5,5911000
662,Khulna,Condo,1912,3,3,16,5,2009,17,Fair,Semi-Furnished,1,0,0,3.32,0,1,35.8,13228000
663,Rajshahi,Apartment,1717,4,4,19,0,2011,15,Fair,Semi-Furnished,1,0,0,2.07,0,1,29.8,9901000
664,Khulna,Apartment,1857,3,4,8,2,2019,7,Excellent,Fully Furnished,1,0,0,4.63,1,0,64.1,5394000
665,Khulna,Townhouse,879,1,1,3,0,2015,11,Good,Unfurnished,1,1,0,1.36,1,0,40.4,5250000
666,Khulna,Duplex,1717,2,1,1,1,2001,25,Fair,Unfurnished,1,1,0,2.54,1,1,59.1,12007000
667,Mymensingh,Apartment,2134,3,3,10,8,2005,21,New,Semi-Furnished,0,0,0,3.17,1,1,49.4,5309000
668,Rangpur,Apartment,2207,4,3,13,12,2025,1,New,Semi-Furnished,2,0,0,6.7,0,1,47.8,15536000
669,Mymensingh,House,2185,1,2,2,0,2014,12,Good,Semi-Furnished,1,1,0,51.18,0,1,100.0,7432000
670,Mymensingh,Apartment,1648,4,5,10,10,2007,19,Excellent,Semi-Furnished,1,0,0,22.24,0,0,55.0,2658000
671,Khulna,Apartment,1932,3,3,20,17,2011,15,Good,Unfurnished,0,0,0,6.02,0,0,54.0,7030000
672,Barishal,House,2400,3,4,1,1,1986,40,Good,Semi-Furnished,0,0,0,1.99,0,1,27.4,11122000
673,Sylhet,Duplex,1413,1,1,3,0,1989,37,New,Unfurnished,1,0,0,16.65,1,1,54.5,15318000
674,Barishal,House,1678,3,3,2,1,1991,35,Fair,Unfurnished,1,1,0,4.81,0,0,35.6,5644000
675,Khulna,Townhouse,1210,2,3,1,0,1993,33,Fair,Semi-Furnished,0,0,0,4.03,1,1,44.3,2488000
676,Barishal,Condo,2397,5,4,11,2,2024,2,Excellent,Semi-Furnished,2,0,0,9.66,1,0,86.6,16643000
677,Mymensingh,Apartment,1512,3,3,17,8,1997,29,Good,Fully Furnished,1,0,0,2.58,0,1,36.8,11786000
678,Rajshahi,Duplex,1842,3,2,2,0,1993,33,Fair,Fully Furnished,2,1,0,5.22,0,1,43.6,9583000
679,Rangpur,Apartment,1671,1,1,23,6,2016,10,Excellent,Unfurnished,0,0,0,18.84,0,1,68.3,2603000
680,Khulna,Apartment,1506,2,2,8,1,1985,41,Good,Semi-Furnished,0,0,0,8.05,0,0,73.9,5274000
681,Chattogram,Apartment,2654,4,3,11,1,1990,36,New,Semi-Furnished,1,0,0,3.76,1,1,45.0,53560000
682,Sylhet,Apartment,931,2,1,20,5,2017,9,New,Unfurnished,1,0,0,26.61,0,1,80.2,2601000
683,Khulna,Apartment,677,1,2,22,20,2003,23,Excellent,Unfurnished,0,0,1,16.85,0,1,67.8,1320000
684,Dhaka,House,1928,3,4,1,0,2005,21,Good,Fully Furnished,0,0,1,3.81,1,0,57.7,29518000
685,Mymensingh,Apartment,1728,3,3,7,5,2011,15,Good,Semi-Furnished,2,0,0,6.16,1,1,30.2,10466000
686,Dhaka,Condo,1415,3,3,18,11,1985,41,Good,Fully Furnished,1,0,0,1.75,1,1,32.6,15473000
687,Sylhet,Apartment,1974,4,4,12,7,2023,3,Good,Semi-Furnished,1,0,0,2.35,1,1,35.4,14695000
688,Khulna,Apartment,1378,2,3,6,2,2025,1,Excellent,Semi-Furnished,0,0,0,1.53,0,0,22.6,12107000
689,Mymensingh,Apartment,1121,1,1,16,7,2005,21,Good,Fully Furnished,0,0,0,12.45,0,0,54.2,5531000
690,Khulna,House,751,1,1,2,1,1986,40,Excellent,Fully Furnished,0,1,0,6.15,0,0,49.3,2304000
691,Khulna,Duplex,2092,2,1,2,0,1999,27,Good,Unfurnished,1,1,0,4.67,1,0,26.2,20877000
692,Chattogram,Apartment,2704,5,5,13,12,2009,17,Good,Fully Furnished,1,0,0,1.48,0,1,37.9,31291000
693,Sylhet,Apartment,1500,2,3,16,3,2002,24,Good,Unfurnished,0,0,0,2.76,1,1,31.2,9682000
694,Rangpur,House,798,1,2,1,1,2024,2,Fair,Unfurnished,0,0,0,1.84,1,1,56.5,1241000
695,Sylhet,Townhouse,2280,3,3,2,0,2011,15,Excellent,Unfurnished,0,1,0,9.4,1,1,51.3,10623000
696,Rajshahi,Apartment,2264,4,3,7,3,2015,11,New,Unfurnished,1,0,0,5.51,0,0,51.3,5124000
697,Mymensingh,Apartment,1036,2,1,7,3,2022,4,New,Unfurnished,0,0,0,15.96,0,0,58.1,1754000
698,Rajshahi,Apartment,1602,2,2,25,8,2006,20,Excellent,Fully Furnished,0,0,0,6.06,0,0,57.1,4801000
699,Rangpur,Duplex,942,2,2,3,2,2004,22,Fair,Semi-Furnished,2,1,1,8.02,0,1,28.1,4770000
700,Khulna,Condo,1557,3,4,16,14,2010,16,Good,Unfurnished,0,0,0,32.0,1,0,80.8,8010000
701,Dhaka,Condo,2200,5,5,20,12,2021,5,Needs Renovation,Unfurnished,0,0,0,10.23,1,0,65.3,11562000
702,Chattogram,Apartment,2128,2,2,9,0,2015,11,Excellent,Unfurnished,0,0,0,8.86,1,0,31.1,8646000
703,Khulna,Apartment,1296,2,3,19,14,2011,15,Excellent,Unfurnished,2,0,0,16.05,0,1,44.3,4376000
704,Khulna,Apartment,1376,2,1,24,13,2020,6,Needs Renovation,Semi-Furnished,1,0,0,4.36,1,1,70.0,3122000
705,Barishal,House,1555,2,2,2,0,2022,4,Good,Semi-Furnished,0,0,0,5.86,1,1,53.4,8975000
706,Barishal,Condo,1083,2,2,7,5,2017,9,Fair,Fully Furnished,1,0,0,11.26,0,0,61.6,6496000
707,Rangpur,Apartment,1448,2,1,22,3,2021,5,New,Fully Furnished,0,0,0,9.33,1,0,40.3,9605000
708,Rangpur,Apartment,1519,3,3,19,3,1999,27,Good,Semi-Furnished,2,0,0,1.59,1,1,9.7,3839000
709,Rajshahi,Apartment,1352,1,1,12,0,1986,40,New,Unfurnished,1,0,0,3.95,1,1,64.4,6936000
710,Rajshahi,Apartment,1568,2,3,25,18,1987,39,Good,Fully Furnished,0,0,0,6.09,0,0,43.5,6996000
711,Barishal,Townhouse,450,1,2,1,1,1990,36,Good,Semi-Furnished,2,0,0,5.74,1,0,55.0,850000
712,Mymensingh,Apartment,1395,2,2,24,21,1986,40,Fair,Semi-Furnished,0,0,0,5.29,0,1,42.2,5875000
713,Mymensingh,Apartment,1203,1,1,15,10,2012,14,New,Unfurnished,1,0,0,1.59,0,0,28.7,7611000
714,Sylhet,Apartment,1763,4,5,13,11,2013,13,Fair,Fully Furnished,1,0,0,28.19,1,0,80.5,9337000
715,Barishal,House,2785,4,4,2,1,1989,37,New,Unfurnished,1,1,0,18.35,1,1,56.2,13723000
716,Mymensingh,House,1068,1,2,1,0,2022,4,Good,Semi-Furnished,1,1,0,0.3,0,1,43.8,7205000
717,Dhaka,Apartment,1461,3,3,21,6,1997,29,Good,Semi-Furnished,1,0,0,8.62,1,0,56.1,22373000
718,Chattogram,Apartment,1721,3,3,13,10,2011,15,Fair,Semi-Furnished,1,0,0,5.7,0,1,54.5,18309000
719,Rangpur,Apartment,1528,3,3,21,19,2017,9,Fair,Semi-Furnished,1,0,0,3.92,1,1,31.7,2429000
720,Sylhet,Duplex,2424,3,3,2,1,2004,22,Fair,Semi-Furnished,2,0,0,11.59,0,0,36.9,21512000
721,Sylhet,Apartment,2297,4,4,23,16,2024,2,Good,Unfurnished,1,0,0,5.67,0,0,54.8,15016000
722,Rajshahi,Apartment,1796,2,2,14,9,2012,14,Good,Unfurnished,0,0,0,8.54,0,0,29.8,7311000
723,Mymensingh,House,2638,3,3,3,0,1998,28,Good,Semi-Furnished,0,0,0,4.91,0,1,68.6,8406000
724,Chattogram,Apartment,2323,5,6,6,0,1997,29,Fair,Unfurnished,0,0,0,13.07,0,1,54.4,23431000
725,Mymensingh,House,1269,1,1,1,0,1992,34,Good,Fully Furnished,2,1,0,3.76,0,0,50.0,4800000
726,Dhaka,Apartment,1763,2,2,15,13,2000,26,Excellent,Semi-Furnished,0,0,0,13.17,0,1,48.4,13313000
727,Rangpur,Apartment,462,1,1,24,23,2024,2,Needs Renovation,Unfurnished,0,0,0,2.67,1,1,39.3,778000
728,Khulna,House,1522,1,2,2,0,1999,27,New,Unfurnished,0,0,0,7.44,0,1,29.6,14166000
729,Barishal,Apartment,1012,1,2,25,6,2008,18,Excellent,Unfurnished,1,0,0,4.06,1,1,21.2,7401000
730,Rangpur,House,1659,2,2,3,2,1989,37,Good,Fully Furnished,0,1,0,10.83,1,1,59.0,4540000
731,Rajshahi,Apartment,2654,4,4,7,6,2008,18,New,Unfurnished,0,0,0,6.13,1,1,35.1,7629000
732,Rangpur,Apartment,1610,3,3,11,8,1989,37,Excellent,Unfurnished,2,0,0,23.41,1,0,74.8,7101000
733,Khulna,Apartment,1982,4,3,8,1,2002,24,Fair,Unfurnished,1,0,0,9.3,0,1,59.8,3274000
734,Rajshahi,Apartment,2140,4,3,18,4,1995,31,New,Unfurnished,2,0,0,6.53,1,1,66.2,5688000
735,Dhaka,Apartment,1377,2,3,22,15,2010,16,Good,Semi-Furnished,1,0,0,6.71,0,0,33.6,13752000
736,Rangpur,Apartment,1596,3,2,12,1,2023,3,Needs Renovation,Fully Furnished,2,0,0,2.54,1,0,60.1,3611000
737,Sylhet,Apartment,710,1,1,15,12,2000,26,Excellent,Fully Furnished,1,0,0,9.48,1,1,41.8,8690000
738,Sylhet,Condo,1601,3,2,17,14,2009,17,Fair,Fully Furnished,1,0,0,5.7,0,0,48.9,5550000
739,Rajshahi,Condo,2976,4,4,23,8,1988,38,New,Unfurnished,0,0,0,12.13,0,1,51.5,7068000
740,Chattogram,Condo,1378,3,2,23,23,2021,5,Good,Fully Furnished,2,0,0,10.23,0,1,72.3,17630000
741,Rangpur,Apartment,1827,3,2,10,3,2011,15,Good,Semi-Furnished,1,0,0,3.89,1,1,32.8,11105000
742,Mymensingh,Duplex,3306,3,3,3,1,1992,34,New,Semi-Furnished,2,0,0,22.33,0,0,54.0,18595000
743,Barishal,Apartment,465,1,1,25,24,2000,26,Excellent,Unfurnished,0,0,0,6.28,1,0,45.2,1661000
744,Chattogram,Condo,794,1,1,13,7,1994,32,Fair,Semi-Furnished,0,0,0,6.45,1,0,43.5,11832000
745,Barishal,Condo,2207,4,5,10,6,2015,11,Needs Renovation,Unfurnished,0,0,0,44.69,0,0,100.0,3346000
746,Khulna,House,2276,3,3,3,1,1990,36,New,Unfurnished,1,1,0,20.65,0,1,55.4,4791000
747,Dhaka,Apartment,2057,4,4,24,2,1987,39,Excellent,Unfurnished,3,0,0,0.3,0,0,64.9,48485000
748,Mymensingh,Apartment,757,1,1,25,9,1993,33,New,Semi-Furnished,1,0,0,1.92,1,1,59.2,6259000
749,Mymensingh,Condo,1675,2,2,18,13,2000,26,Fair,Fully Furnished,0,0,0,8.58,1,0,38.1,4573000
750,Sylhet,Apartment,2342,4,4,24,7,2015,11,Good,Unfurnished,0,0,0,8.08,1,0,18.1,6027000
751,Khulna,Apartment,2641,5,5,18,5,2016,10,Good,Fully Furnished,1,0,0,13.33,0,0,24.4,21578000
752,Sylhet,Apartment,928,3,4,8,7,2006,20,Excellent,Fully Furnished,1,0,0,18.09,0,0,80.7,6414000
753,Barishal,Apartment,2436,4,4,12,2,2006,20,Good,Fully Furnished,1,0,0,6.45,0,1,32.0,16812000
754,Dhaka,Apartment,962,2,3,7,4,2006,20,New,Semi-Furnished,1,0,0,4.71,0,0,40.4,24631000
755,Khulna,Apartment,1825,2,1,13,10,2022,4,Excellent,Unfurnished,0,0,0,4.97,1,0,41.1,12776000
756,Rangpur,Apartment,1695,4,4,25,21,1988,38,Good,Semi-Furnished,0,0,0,15.38,0,0,52.5,3044000
757,Dhaka,House,2781,4,5,1,0,1993,33,Fair,Semi-Furnished,1,1,0,5.35,1,0,53.4,27917000
758,Chattogram,Apartment,1869,3,2,13,1,2002,24,Needs Renovation,Unfurnished,0,0,0,11.51,1,0,53.4,6129000
759,Chattogram,Apartment,1508,2,2,6,4,1990,36,Needs Renovation,Unfurnished,0,0,0,3.49,0,1,55.1,7003000
760,Rangpur,Apartment,962,1,1,11,3,2024,2,Good,Semi-Furnished,1,0,0,3.11,0,1,33.8,5459000
761,Barishal,Apartment,2184,4,3,24,11,1986,40,Needs Renovation,Fully Furnished,0,0,0,26.17,1,0,59.1,5083000
762,Chattogram,House,1294,1,1,1,0,2025,1,Excellent,Unfurnished,1,0,1,4.43,1,1,30.0,12854000
763,Barishal,Condo,2704,6,6,8,7,2004,22,Good,Semi-Furnished,1,0,0,0.96,1,1,38.4,7365000
764,Rajshahi,Duplex,2057,2,2,3,0,1999,27,New,Unfurnished,1,0,1,10.6,0,0,24.7,22349000
765,Chattogram,Condo,1634,3,4,8,5,2002,24,Good,Unfurnished,2,0,1,15.63,0,0,77.0,6028000
766,Khulna,Apartment,2145,3,2,6,3,1998,28,Good,Unfurnished,0,0,0,2.72,0,0,11.0,13056000
767,Khulna,Apartment,2078,3,4,12,8,2003,23,Excellent,Semi-Furnished,0,0,0,3.72,1,1,22.4,15806000
768,Chattogram,Apartment,1964,3,3,24,5,2026,0,Good,Fully Furnished,1,0,0,2.11,1,1,61.6,31398000
769,Chattogram,House,698,1,1,2,0,2006,20,Excellent,Unfurnished,0,0,0,5.03,0,1,16.1,4909000
770,Khulna,Apartment,2182,3,3,21,15,2002,24,Good,Unfurnished,0,0,0,14.05,0,1,58.3,4066000
771,Rajshahi,Apartment,1394,2,1,24,14,2007,19,Excellent,Unfurnished,1,0,0,23.71,0,0,96.7,2196000
772,Mymensingh,Apartment,2054,4,4,9,4,2008,18,Good,Semi-Furnished,0,0,0,9.64,0,0,70.3,4398000
773,Khulna,Duplex,1354,2,2,3,1,2018,8,New,Fully Furnished,0,0,0,0.4,1,1,55.8,15417000
774,Rajshahi,House,784,1,1,1,1,2015,11,Good,Fully Furnished,0,1,0,6.31,1,0,70.3,4695000
775,Sylhet,Apartment,1563,3,4,23,23,1989,37,New,Fully Furnished,0,0,0,2.43,1,1,31.2,16275000
776,Rajshahi,House,1972,4,3,2,0,2024,2,New,Fully Furnished,1,0,0,1.69,1,0,19.4,17588000
777,Mymensingh,Condo,2062,3,3,9,1,2017,9,Good,Fully Furnished,0,0,0,3.99,0,1,56.2,5441000
778,Dhaka,House,2763,3,3,3,0,1996,30,Excellent,Unfurnished,1,0,0,1.25,0,1,49.1,54314000
779,Rajshahi,Condo,1219,1,1,21,12,1985,41,Excellent,Unfurnished,1,0,0,0.94,1,1,62.0,7545000
780,Sylhet,Apartment,956,1,1,20,5,2023,3,Good,Semi-Furnished,1,0,0,11.64,1,1,46.8,8453000
781,Dhaka,Apartment,1914,2,3,8,1,1993,33,Fair,Unfurnished,0,0,0,6.39,0,0,9.1,10144000
782,Khulna,Duplex,2478,3,2,1,0,2006,20,Good,Unfurnished,1,0,1,6.4,1,0,62.8,17435000
783,Sylhet,House,2781,4,3,3,1,2014,12,Excellent,Unfurnished,1,0,0,11.83,0,0,48.5,8641000
784,Chattogram,Apartment,2849,4,3,20,17,2026,0,Good,Semi-Furnished,1,0,0,31.82,0,0,59.1,15031000
785,Rajshahi,Apartment,2397,4,5,15,15,2018,8,Fair,Unfurnished,1,0,0,11.5,0,0,73.8,6395000
786,Dhaka,Apartment,1617,2,2,16,2,2008,18,Good,Unfurnished,1,0,0,5.32,1,0,54.3,13573000
787,Rajshahi,Condo,1417,3,2,23,22,1987,39,Good,Unfurnished,1,0,0,6.96,0,1,59.6,8410000
788,Sylhet,Apartment,2311,4,3,18,8,2018,8,New,Semi-Furnished,1,0,0,3.81,1,0,40.1,23305000
789,Khulna,Apartment,1326,3,2,18,8,2000,26,Excellent,Unfurnished,0,0,0,2.45,1,0,18.7,6498000
790,Khulna,Condo,1555,3,4,12,1,2004,22,Needs Renovation,Unfurnished,0,0,0,21.62,1,0,66.3,3187000
791,Dhaka,Apartment,1218,3,3,16,5,2003,23,Excellent,Fully Furnished,0,0,0,4.16,0,1,18.7,31686000
792,Dhaka,Duplex,1424,2,2,2,1,1993,33,Good,Fully Furnished,2,1,0,2.12,1,0,46.6,18123000
793,Barishal,Apartment,938,1,1,18,7,1994,32,Fair,Unfurnished,0,0,0,15.01,1,0,40.0,1643000
794,Khulna,Apartment,2445,4,4,7,6,1987,39,Good,Fully Furnished,2,0,0,10.6,1,0,39.7,12972000
795,Dhaka,Apartment,2290,3,2,24,3,2006,20,Fair,Unfurnished,1,0,0,2.72,1,0,53.4,15729000
796,Chattogram,Townhouse,2047,5,5,2,1,2024,2,Fair,Unfurnished,1,1,0,6.77,1,0,49.1,10525000
797,Mymensingh,Apartment,1759,3,4,12,2,1995,31,Needs Renovation,Semi-Furnished,0,0,0,3.69,1,0,40.0,7336000
798,Rajshahi,Apartment,833,1,1,17,0,2006,20,Excellent,Fully Furnished,0,0,0,5.32,0,1,59.4,7152000
799,Khulna,Condo,2684,5,5,18,12,2023,3,New,Fully Furnished,1,0,0,4.19,1,1,42.3,16884000
800,Barishal,Apartment,1188,1,2,24,3,2016,10,Good,Semi-Furnished,1,0,0,2.71,1,0,17.3,2393000
801,Dhaka,Duplex,2748,4,4,2,0,2015,11,Fair,Fully Furnished,1,1,0,8.48,1,1,28.5,37577000
802,Dhaka,House,2618,4,3,2,1,2021,5,Excellent,Unfurnished,3,0,0,11.29,0,0,49.5,47587000
803,Rangpur,Condo,492,1,2,8,8,2003,23,Excellent,Semi-Furnished,0,0,0,2.24,1,0,27.9,4235000
804,Khulna,Townhouse,1629,3,3,2,0,2012,14,Good,Semi-Furnished,1,0,0,5.28,1,0,36.5,13114000
805,Mymensingh,Apartment,2144,3,3,22,19,1999,27,Excellent,Semi-Furnished,2,0,0,6.46,1,1,32.1,14815000
806,Dhaka,Condo,2278,5,4,10,9,2024,2,Good,Unfurnished,1,0,0,11.17,1,0,25.9,13575000
807,Rangpur,Apartment,463,1,1,6,4,2015,11,Fair,Unfurnished,1,0,0,12.15,1,0,24.9,789000
808,Rajshahi,Apartment,2083,3,3,22,8,2025,1,Fair,Fully Furnished,1,0,0,1.34,1,1,29.1,16493000
809,Dhaka,Apartment,2048,4,4,8,1,1997,29,Fair,Unfurnished,2,0,0,1.54,1,1,31.5,18772000
810,Barishal,Apartment,1482,2,2,24,14,2026,0,Good,Unfurnished,1,0,0,1.11,1,1,26.0,4416000
811,Mymensingh,Condo,816,2,3,10,9,1993,33,Excellent,Semi-Furnished,2,0,0,14.09,0,0,71.4,4239000
812,Chattogram,Duplex,2295,2,2,1,0,1997,29,Excellent,Unfurnished,3,1,0,2.0,0,1,23.5,33837000
813,Dhaka,Apartment,2432,5,4,8,2,1985,41,Good,Unfurnished,0,0,0,3.61,1,0,53.3,21277000
814,Mymensingh,Apartment,1129,2,2,24,1,1995,31,Fair,Unfurnished,1,0,0,25.49,0,0,82.3,1365000
815,Rajshahi,Condo,1253,1,1,20,15,2017,9,Excellent,Unfurnished,1,0,0,6.38,1,1,44.7,8325000
816,Rangpur,Apartment,856,1,2,25,14,1999,27,Good,Fully Furnished,1,0,0,1.89,1,0,65.4,3204000
817,Mymensingh,Townhouse,2173,4,5,2,0,2014,12,Good,Unfurnished,1,0,0,13.26,1,0,40.1,6048000
818,Sylhet,Apartment,1156,2,2,8,6,2008,18,New,Unfurnished,3,0,0,3.93,1,0,38.0,14823000
819,Sylhet,Apartment,1228,1,1,23,18,2019,7,Fair,Unfurnished,0,0,0,5.57,1,0,51.6,2825000
820,Dhaka,Townhouse,1147,2,3,3,2,2001,25,Good,Unfurnished,2,1,0,6.28,0,1,66.4,13612000
821,Mymensingh,Townhouse,1640,3,4,1,1,1996,30,Excellent,Semi-Furnished,0,0,0,3.31,1,1,45.2,4112000
822,Mymensingh,Apartment,944,1,1,25,18,2012,14,Good,Semi-Furnished,2,0,0,7.01,0,0,68.2,3986000
823,Dhaka,Apartment,2155,3,3,17,1,2002,24,Fair,Semi-Furnished,2,0,0,9.77,1,1,30.1,27429000
824,Sylhet,Duplex,2209,2,2,1,1,2014,12,Good,Unfurnished,0,1,0,7.3,1,0,67.2,11733000
825,Khulna,Condo,2518,3,2,16,12,1995,31,Excellent,Semi-Furnished,1,0,0,10.84,1,0,45.3,15034000
826,Sylhet,Apartment,657,1,1,16,16,2023,3,Fair,Semi-Furnished,1,0,0,6.53,1,0,89.8,3299000
827,Rangpur,Townhouse,1348,2,2,2,1,2001,25,Excellent,Unfurnished,0,0,0,7.87,1,0,40.6,4854000
828,Barishal,House,1752,2,2,1,1,2004,22,New,Unfurnished,2,1,0,2.57,1,1,56.2,16069000
829,Chattogram,Apartment,1298,1,1,6,4,2002,24,Needs Renovation,Unfurnished,2,0,0,10.45,0,1,29.3,6754000
830,Chattogram,House,1136,1,1,2,0,2002,24,Good,Unfurnished,0,0,0,17.33,0,0,57.5,9801000
831,Barishal,Condo,838,1,2,23,14,2002,24,Excellent,Unfurnished,0,0,0,10.79,0,1,50.7,4778000
832,Barishal,Duplex,2026,3,3,2,0,1990,36,Fair,Semi-Furnished,0,0,0,1.91,1,1,44.7,11546000
833,Khulna,Apartment,1613,4,3,16,10,1989,37,Excellent,Unfurnished,0,0,0,5.36,0,1,44.7,6318000
834,Rangpur,Apartment,651,1,1,21,7,2012,14,Good,Semi-Furnished,0,0,0,1.15,1,1,49.9,3329000
835,Barishal,Apartment,1691,3,3,11,11,2019,7,Fair,Unfurnished,2,0,0,8.29,0,0,67.9,5680000
836,Dhaka,Condo,968,1,2,11,3,2020,6,Good,Unfurnished,1,0,0,1.55,0,0,51.8,12703000
837,Barishal,House,1856,2,2,3,0,2005,21,Excellent,Unfurnished,1,0,0,7.99,1,1,19.3,15336000
838,Chattogram,House,2466,3,3,1,1,1998,28,Fair,Semi-Furnished,3,0,0,2.48,1,0,30.6,37797000
839,Chattogram,Duplex,1714,3,2,3,1,2000,26,Good,Unfurnished,1,1,0,12.61,0,1,44.6,24690000
840,Chattogram,Apartment,584,1,2,13,2,2010,16,Excellent,Fully Furnished,0,0,0,13.2,0,0,48.4,2935000
841,Mymensingh,Apartment,856,1,1,7,5,2000,26,Good,Semi-Furnished,1,0,0,3.1,0,1,6.4,7343000
842,Khulna,Apartment,2176,4,3,10,5,2010,16,Good,Semi-Furnished,1,0,0,1.84,1,0,40.8,15162000
843,Mymensingh,Apartment,2255,3,3,22,11,1996,30,Excellent,Semi-Furnished,2,0,0,12.56,1,1,40.3,15066000
844,Rangpur,House,1360,3,3,1,1,1989,37,Excellent,Fully Furnished,2,0,0,2.25,1,1,29.5,14844000
845,Barishal,House,2220,3,3,3,2,2017,9,Excellent,Semi-Furnished,1,1,0,2.84,1,0,40.4,6778000
846,Sylhet,Duplex,2508,3,4,2,1,1993,33,New,Semi-Furnished,1,1,0,1.33,1,0,30.4,31844000
847,Mymensingh,Townhouse,2166,3,3,1,1,2021,5,Excellent,Semi-Furnished,1,1,0,8.26,0,1,48.9,13517000
848,Chattogram,Apartment,1245,3,3,16,0,2021,5,Good,Fully Furnished,1,0,0,14.01,0,0,64.6,16026000
849,Chattogram,Condo,1353,2,2,24,19,2007,19,New,Semi-Furnished,0,0,0,24.53,0,0,69.4,7820000
850,Barishal,Apartment,1556,3,2,14,1,1994,32,New,Fully Furnished,1,0,0,1.7,1,1,30.7,10607000
851,Chattogram,Apartment,1676,3,3,10,2,2003,23,Good,Fully Furnished,1,0,0,2.97,1,1,47.4,24825000
852,Dhaka,Apartment,2412,4,5,21,18,2025,1,Good,Semi-Furnished,1,0,0,7.8,1,1,25.5,50461000
853,Rajshahi,Apartment,2479,4,4,20,13,1985,41,New,Semi-Furnished,1,0,0,0.33,0,0,8.9,16641000
854,Rangpur,Apartment,1956,4,5,22,1,2019,7,New,Unfurnished,0,0,0,8.03,1,1,32.1,3499000
855,Dhaka,Apartment,1795,3,3,16,2,1988,38,Fair,Unfurnished,3,0,0,2.36,1,1,31.3,7961000
856,Barishal,Apartment,955,1,2,19,19,2001,25,Good,Unfurnished,0,0,0,12.95,0,1,48.1,4908000
857,Rajshahi,Condo,1503,3,3,8,5,2022,4,New,Unfurnished,2,0,1,0.95,1,1,58.8,19640000
858,Dhaka,Duplex,2196,3,4,3,1,1992,34,Fair,Unfurnished,1,1,0,7.26,0,0,33.5,38064000
859,Dhaka,Apartment,920,2,2,11,0,2001,25,Good,Semi-Furnished,1,0,0,13.93,0,0,42.7,15875000
860,Chattogram,Apartment,740,1,2,18,17,2003,23,New,Fully Furnished,1,0,0,22.31,0,0,63.9,8365000
861,Rangpur,Apartment,510,2,2,24,18,1992,34,Needs Renovation,Semi-Furnished,2,0,0,2.13,0,0,40.2,641000
862,Mymensingh,Condo,1318,2,1,19,1,1995,31,Good,Semi-Furnished,0,0,0,15.07,0,0,39.9,2311000
863,Mymensingh,Condo,1647,3,4,6,5,2019,7,Good,Semi-Furnished,0,0,1,12.16,0,0,73.4,4763000
864,Sylhet,Duplex,1638,1,1,3,2,1999,27,Good,Semi-Furnished,0,1,0,12.21,1,0,51.4,10947000
865,Sylhet,Condo,1465,2,3,8,1,1995,31,Good,Semi-Furnished,1,0,0,8.89,0,0,36.6,15248000
866,Mymensingh,House,2112,3,3,1,0,2001,25,Fair,Unfurnished,0,1,0,6.11,1,0,40.0,11603000
867,Khulna,Apartment,1479,2,3,24,21,2026,0,Good,Unfurnished,2,0,0,8.82,1,0,53.1,9711000
868,Rangpur,Apartment,1453,2,1,20,0,1994,32,Good,Unfurnished,2,0,0,11.64,1,0,84.3,2335000
869,Khulna,Apartment,1309,1,1,25,1,2012,14,New,Unfurnished,0,0,0,5.28,1,0,48.3,3310000
870,Khulna,Townhouse,2547,4,4,2,0,1998,28,Good,Unfurnished,1,0,0,27.84,0,0,97.3,3400000
871,Dhaka,Condo,1644,1,1,21,4,2001,25,New,Unfurnished,1,0,0,2.45,1,1,41.9,13511000
872,Mymensingh,Condo,1679,3,3,14,9,2019,7,Good,Semi-Furnished,2,0,0,0.82,0,1,41.0,6811000
873,Rangpur,Apartment,2432,5,5,25,5,2010,16,Good,Fully Furnished,0,0,0,11.93,0,0,45.8,9672000
874,Rangpur,House,907,2,2,2,1,2005,21,Fair,Unfurnished,1,0,0,14.6,0,1,61.1,4344000
875,Dhaka,Apartment,1787,3,2,13,13,2023,3,Good,Semi-Furnished,1,0,0,5.12,1,1,32.6,15817000
876,Dhaka,Apartment,1733,3,3,10,4,2018,8,Needs Renovation,Unfurnished,2,0,0,8.58,0,0,56.8,15082000
877,Rangpur,Apartment,1480,3,2,15,10,2012,14,Fair,Semi-Furnished,0,0,1,6.1,0,0,50.1,3206000
878,Dhaka,Apartment,2305,3,3,18,12,1993,33,Fair,Unfurnished,0,0,0,4.2,1,1,52.3,9979000
879,Rangpur,Apartment,1918,3,3,11,7,2012,14,Needs Renovation,Semi-Furnished,0,0,0,2.79,1,1,28.1,4901000
880,Chattogram,Apartment,2022,4,4,23,16,2025,1,Good,Unfurnished,1,0,1,5.54,1,0,5.0,31932000
881,Chattogram,Apartment,565,1,2,6,6,2002,24,Good,Fully Furnished,0,0,0,11.85,0,0,58.0,1862000
882,Khulna,Duplex,2064,3,4,2,1,2019,7,New,Semi-Furnished,2,1,0,5.67,1,0,39.4,23922000
883,Rajshahi,Apartment,922,3,2,7,6,2001,25,Excellent,Semi-Furnished,0,0,0,3.29,1,0,28.5,3153000
884,Mymensingh,Apartment,879,1,2,25,23,1990,36,Good,Fully Furnished,0,0,0,8.61,1,1,53.1,2427000
885,Rangpur,House,1741,4,4,3,0,2026,0,Good,Fully Furnished,2,0,0,3.49,1,1,50.7,16621000
886,Barishal,House,1639,2,2,2,0,2004,22,New,Fully Furnished,2,0,0,9.58,1,1,28.4,17804000
887,Barishal,Townhouse,1618,2,2,2,1,2012,14,New,Semi-Furnished,1,0,0,7.67,0,1,17.8,11660000
888,Barishal,Apartment,1264,2,3,22,16,2001,25,Fair,Semi-Furnished,1,0,0,7.21,1,0,26.8,5549000
889,Barishal,Apartment,768,2,1,14,13,2013,13,Good,Unfurnished,1,0,0,31.21,0,0,100.0,907000
890,Khulna,Condo,1014,2,2,22,7,2000,26,Good,Unfurnished,3,0,0,5.64,0,0,36.3,7635000
891,Dhaka,House,1548,2,2,1,0,1992,34,New,Unfurnished,1,0,0,4.21,0,1,39.1,30903000
892,Mymensingh,House,2852,4,4,1,1,2009,17,Fair,Unfurnished,1,0,0,8.63,1,0,41.6,4437000
893,Rangpur,Duplex,1773,3,3,1,1,2004,22,Good,Fully Furnished,0,1,1,11.24,0,0,71.3,11436000
894,Rajshahi,Townhouse,1960,4,5,1,1,1986,40,Fair,Unfurnished,0,1,0,2.35,1,1,51.4,13832000
895,Khulna,Townhouse,2093,4,4,1,1,2024,2,Fair,Fully Furnished,0,1,0,4.33,1,1,61.7,7310000
896,Rangpur,Apartment,820,1,1,18,14,1985,41,Good,Semi-Furnished,0,0,0,1.94,1,0,31.2,4278000
897,Dhaka,Apartment,1256,2,3,8,7,2009,17,New,Semi-Furnished,2,0,0,16.44,0,0,83.7,16072000
898,Sylhet,Apartment,1496,2,1,24,11,1993,33,Needs Renovation,Semi-Furnished,0,0,0,1.85,1,1,51.3,10473000
899,Rangpur,House,1900,3,3,2,0,2023,3,Good,Semi-Furnished,1,1,0,5.57,1,1,51.8,12641000
900,Rajshahi,House,1867,1,1,3,1,2003,23,Good,Fully Furnished,1,0,1,6.29,0,0,48.3,4368000
901,Dhaka,Apartment,1454,1,1,19,8,1988,38,Good,Unfurnished,2,0,0,1.69,1,1,59.3,26028000
902,Dhaka,Apartment,1053,1,1,11,11,2001,25,Good,Unfurnished,1,0,0,20.87,0,0,76.0,6551000
903,Barishal,Townhouse,581,1,1,1,0,2021,5,Good,Unfurnished,1,0,0,8.12,1,0,61.4,958000
904,Mymensingh,Apartment,1276,2,1,20,2,2012,14,Good,Semi-Furnished,2,0,0,13.71,0,0,54.7,3570000
905,Rajshahi,Apartment,542,1,2,19,18,2020,6,Good,Fully Furnished,0,0,0,23.48,0,0,72.0,2636000
906,Sylhet,Townhouse,2002,3,2,1,0,1987,39,Excellent,Unfurnished,0,0,0,2.35,1,0,53.7,22471000
907,Mymensingh,Apartment,1117,3,3,10,6,2018,8,New,Fully Furnished,2,0,0,5.33,1,0,40.4,4345000
908,Khulna,Apartment,1671,3,3,18,9,2010,16,Fair,Semi-Furnished,0,0,0,19.73,0,0,67.0,3455000
909,Rangpur,Apartment,799,1,1,25,1,2019,7,Fair,Fully Furnished,0,0,0,2.65,0,1,42.7,2296000
910,Chattogram,Apartment,994,1,1,10,5,2003,23,Good,Semi-Furnished,0,0,0,7.85,0,0,60.7,6478000
911,Rajshahi,House,2198,3,2,1,0,1996,30,Good,Unfurnished,1,0,1,2.04,0,0,19.2,5835000
912,Khulna,Condo,2146,5,5,24,8,2013,13,Good,Semi-Furnished,1,0,0,6.28,0,0,46.2,12244000
913,Barishal,House,1441,2,1,1,0,1988,38,New,Semi-Furnished,2,0,0,1.47,1,1,31.5,9252000
914,Khulna,Apartment,989,1,1,8,1,2019,7,Excellent,Semi-Furnished,1,0,0,16.1,1,0,63.4,3749000
915,Barishal,House,1746,2,3,1,0,1988,38,Good,Semi-Furnished,1,1,0,21.86,0,1,64.7,4837000
916,Rajshahi,Apartment,1138,2,3,22,8,1993,33,Good,Fully Furnished,0,0,0,8.02,1,1,29.6,2254000
917,Rangpur,Duplex,2004,3,2,1,0,2025,1,Excellent,Unfurnished,0,1,0,4.05,1,1,42.5,12896000
918,Sylhet,Apartment,2021,3,2,8,0,1987,39,Good,Semi-Furnished,2,0,0,3.24,0,1,21.6,14136000
919,Dhaka,Apartment,1648,3,4,20,7,1993,33,Good,Unfurnished,1,0,0,17.69,0,0,51.6,19336000
920,Barishal,Condo,1621,3,4,15,5,2010,16,New,Fully Furnished,1,0,0,12.94,1,0,75.4,8053000
921,Mymensingh,Townhouse,1765,4,4,1,1,1992,34,New,Unfurnished,1,0,0,5.87,1,0,63.4,10095000
922,Barishal,Condo,1343,2,3,6,5,2008,18,Good,Semi-Furnished,1,0,0,4.35,1,0,23.5,6193000
923,Mymensingh,Apartment,1068,2,1,7,5,2000,26,Good,Semi-Furnished,0,0,0,28.29,1,0,46.5,2503000
924,Rajshahi,Apartment,1643,4,3,22,4,1995,31,Good,Semi-Furnished,1,0,0,2.7,0,0,38.9,5029000
925,Dhaka,Apartment,1745,2,2,12,11,1993,33,Fair,Fully Furnished,1,0,0,23.11,0,0,61.8,16137000
926,Dhaka,Apartment,450,1,1,10,3,1993,33,New,Semi-Furnished,0,0,0,1.51,1,0,63.9,9036000
927,Rangpur,Apartment,1803,3,3,6,5,1988,38,Excellent,Semi-Furnished,1,0,0,4.89,1,0,69.8,3666000
928,Dhaka,House,2065,3,2,2,1,2009,17,Fair,Unfurnished,2,0,0,20.25,1,0,56.6,16533000
929,Rangpur,Apartment,1840,3,3,9,6,2016,10,New,Unfurnished,0,0,0,5.72,1,0,60.4,10113000
930,Khulna,House,2004,3,4,2,1,1988,38,Excellent,Unfurnished,1,0,0,5.91,0,0,31.8,6977000
931,Rangpur,Apartment,1795,2,2,20,6,1993,33,Fair,Semi-Furnished,0,0,0,24.75,0,0,81.1,5502000
932,Barishal,Apartment,2494,4,3,23,23,2016,10,Needs Renovation,Semi-Furnished,0,0,0,4.94,0,0,35.6,10043000
933,Rangpur,Apartment,2016,3,3,10,4,2014,12,Needs Renovation,Unfurnished,0,0,0,2.3,1,0,42.1,7310000
934,Chattogram,House,1651,1,2,2,0,2008,18,Needs Renovation,Unfurnished,2,1,0,8.87,0,1,27.7,16279000
935,Rajshahi,House,2629,5,5,1,1,2000,26,Good,Semi-Furnished,1,1,0,11.27,0,0,50.1,17122000
936,Sylhet,Apartment,1668,2,1,24,10,2024,2,Fair,Unfurnished,1,0,0,6.99,0,0,52.0,8553000
937,Sylhet,Apartment,1704,3,3,10,3,2008,18,Fair,Semi-Furnished,1,0,0,11.87,0,1,58.1,8822000
938,Sylhet,Townhouse,1474,3,3,2,0,1988,38,Good,Semi-Furnished,0,1,0,16.44,0,0,44.1,8621000
939,Barishal,Condo,1860,3,3,23,14,1990,36,Fair,Semi-Furnished,0,0,0,8.99,1,0,56.9,7362000
940,Rajshahi,Condo,606,1,1,9,7,1997,29,Good,Unfurnished,0,0,1,6.86,0,0,22.5,2233000
941,Mymensingh,Apartment,1222,1,2,12,3,2014,12,New,Unfurnished,2,0,0,7.66,1,1,56.4,5463000
942,Barishal,Apartment,896,1,1,6,1,2015,11,Fair,Unfurnished,1,0,0,9.5,1,1,57.6,2503000
943,Chattogram,Duplex,2774,3,2,2,0,1987,39,Excellent,Unfurnished,0,1,0,2.8,1,1,29.2,53830000
944,Khulna,Apartment,526,2,2,12,3,1994,32,Excellent,Semi-Furnished,1,0,0,2.52,1,1,22.4,2987000
945,Khulna,Duplex,2650,3,4,1,1,1987,39,Good,Unfurnished,3,1,0,8.12,1,0,58.8,10567000
946,Rangpur,Apartment,1745,3,4,9,5,2026,0,Fair,Fully Furnished,0,0,0,7.67,0,0,35.3,6461000
947,Rangpur,Condo,1323,3,3,18,15,1997,29,Excellent,Semi-Furnished,1,0,0,3.09,1,0,46.9,11237000
948,Chattogram,Duplex,2835,1,1,3,2,2021,5,Excellent,Fully Furnished,2,1,0,3.17,1,0,38.2,72784000
949,Barishal,House,1902,3,4,1,0,2026,0,New,Unfurnished,0,1,0,1.38,1,1,53.0,8052000
950,Barishal,Apartment,1647,3,4,11,6,1988,38,Good,Unfurnished,0,0,0,8.26,1,1,58.1,5773000
951,Rajshahi,House,1189,3,2,2,0,2012,14,Needs Renovation,Unfurnished,2,0,0,3.36,0,0,51.7,4166000
952,Barishal,Apartment,1022,1,1,21,0,1993,33,New,Unfurnished,2,0,0,15.11,1,0,52.9,2146000
953,Khulna,House,1656,3,4,2,1,2010,16,New,Fully Furnished,0,1,0,3.44,0,1,40.8,12187000
954,Dhaka,Apartment,1736,2,3,23,13,2007,19,Excellent,Semi-Furnished,1,0,0,18.71,1,0,81.6,18257000
955,Rajshahi,Apartment,1948,4,4,11,3,1992,34,Excellent,Unfurnished,0,0,1,4.62,1,1,34.3,14250000
956,Rajshahi,Apartment,1354,2,3,23,14,2010,16,Excellent,Semi-Furnished,1,0,0,5.06,1,0,24.6,6562000
957,Barishal,Apartment,1715,3,3,7,0,2011,15,Excellent,Unfurnished,1,0,0,3.96,1,1,50.4,7168000
958,Barishal,Apartment,1149,2,2,7,5,2022,4,Good,Unfurnished,0,0,0,5.7,1,1,48.3,2104000
959,Rajshahi,Condo,719,1,1,25,12,2007,19,Fair,Semi-Furnished,0,0,0,3.93,0,0,45.5,2477000
960,Chattogram,Duplex,2061,2,2,3,0,2001,25,Excellent,Semi-Furnished,1,0,0,6.58,0,0,74.8,11041000
961,Barishal,Apartment,2471,4,4,24,21,2019,7,Good,Fully Furnished,0,0,0,3.14,0,0,22.1,10225000
962,Sylhet,Apartment,1383,2,2,15,11,1997,29,Excellent,Semi-Furnished,0,0,0,2.55,1,1,45.6,8936000
963,Rajshahi,Apartment,2297,4,4,24,1,1986,40,Excellent,Semi-Furnished,0,0,0,10.19,0,0,55.7,10759000
964,Khulna,Apartment,1793,2,3,6,4,2012,14,Needs Renovation,Unfurnished,0,0,0,9.67,1,0,43.8,4563000
965,Chattogram,Apartment,927,1,1,15,5,1997,29,Fair,Unfurnished,0,0,0,2.43,1,1,31.3,8185000
966,Khulna,House,1243,2,3,3,0,1987,39,Good,Fully Furnished,1,0,0,14.54,0,1,51.3,9606000
967,Mymensingh,Apartment,1730,2,2,7,4,1998,28,Fair,Unfurnished,1,0,0,20.92,0,0,90.7,2484000
968,Sylhet,Apartment,1582,1,1,12,3,1993,33,Good,Unfurnished,1,0,1,3.95,1,1,38.6,4456000
969,Khulna,Apartment,1394,2,1,19,14,2008,18,Fair,Unfurnished,1,0,0,8.09,1,0,39.8,2506000
970,Barishal,Apartment,2786,5,5,24,17,2001,25,Fair,Unfurnished,1,0,0,11.1,0,0,52.7,14270000
971,Dhaka,Apartment,557,2,2,15,1,2008,18,New,Fully Furnished,0,0,0,15.95,0,1,24.4,11867000
972,Mymensingh,Apartment,1525,2,2,14,0,2009,17,Excellent,Semi-Furnished,0,0,0,9.18,1,0,40.1,2700000
973,Dhaka,Duplex,1016,1,2,2,1,2001,25,Fair,Semi-Furnished,1,1,0,7.84,0,1,55.0,6726000
974,Chattogram,Apartment,1709,3,3,23,13,2024,2,New,Fully Furnished,1,0,0,14.88,0,0,54.9,25530000
975,Barishal,Apartment,2008,4,4,11,9,2005,21,Good,Fully Furnished,1,0,0,18.39,0,0,65.2,6477000
976,Dhaka,Apartment,1548,2,3,11,6,2005,21,Good,Unfurnished,1,0,0,18.24,1,0,50.4,8770000
977,Rajshahi,Apartment,1654,4,4,22,16,2016,10,Good,Semi-Furnished,0,0,1,2.99,1,1,49.6,8840000
978,Barishal,Apartment,1018,2,2,18,13,2025,1,Good,Unfurnished,2,0,0,3.09,1,1,22.2,3268000
979,Sylhet,Apartment,2251,4,3,10,9,1993,33,New,Semi-Furnished,1,0,0,1.52,0,0,28.4,17040000
980,Barishal,Apartment,995,2,2,19,7,2014,12,Good,Fully Furnished,0,0,0,3.99,1,1,33.3,2464000
981,Dhaka,House,1586,2,2,3,0,1999,27,Good,Semi-Furnished,1,0,0,8.84,0,1,50.4,26493000
982,Sylhet,Duplex,2118,2,1,3,1,2019,7,Excellent,Semi-Furnished,0,1,0,1.93,1,1,46.5,23934000
983,Rajshahi,Duplex,1765,3,2,2,0,2021,5,Fair,Fully Furnished,0,0,0,6.7,0,0,44.7,7281000
984,Rajshahi,Duplex,2658,3,3,1,1,1996,30,New,Unfurnished,2,1,0,1.5,1,1,25.5,15179000
985,Chattogram,Apartment,1045,1,1,8,7,2024,2,Good,Fully Furnished,0,0,0,3.66,1,1,51.6,12034000
986,Dhaka,Apartment,1485,3,2,11,11,1985,41,New,Unfurnished,1,0,0,5.87,1,1,51.6,9019000
987,Rajshahi,Apartment,1325,2,1,17,17,1995,31,Fair,Fully Furnished,0,0,0,6.74,1,0,29.8,3455000
988,Rangpur,Townhouse,1569,3,3,3,2,2009,17,Good,Fully Furnished,1,1,0,6.2,0,0,70.1,10964000
989,Rangpur,Apartment,1439,2,2,9,0,1989,37,Excellent,Semi-Furnished,1,0,0,6.77,1,0,34.8,9987000
990,Sylhet,Apartment,627,1,2,16,0,2010,16,Needs Renovation,Semi-Furnished,0,0,0,7.68,0,1,60.1,4263000
991,Chattogram,Condo,1500,3,2,25,4,2014,12,Good,Fully Furnished,2,0,0,4.23,1,1,63.4,13000000
992,Barishal,House,2610,3,3,3,1,2009,17,Good,Fully Furnished,0,1,0,6.17,1,1,52.4,16348000
993,Sylhet,Apartment,1989,3,4,6,6,2013,13,Good,Fully Furnished,0,0,0,7.2,0,1,35.3,22379000
994,Mymensingh,House,1693,2,1,3,2,2014,12,Excellent,Semi-Furnished,1,0,0,3.79,1,0,54.3,13355000
995,Chattogram,Apartment,2359,3,3,12,6,2022,4,Good,Semi-Furnished,1,0,0,0.78,1,1,35.9,30715000
996,Rangpur,Condo,1549,2,1,11,6,1993,33,Needs Renovation,Unfurnished,0,0,0,1.22,1,0,47.9,3791000
997,Khulna,Apartment,1789,4,4,7,5,2015,11,Excellent,Fully Furnished,0,0,0,3.84,0,1,33.8,11399000
998,Dhaka,Apartment,1945,4,3,7,0,1998,28,New,Unfurnished,0,0,0,16.92,0,1,73.1,32327000
999,Rangpur,Apartment,809,1,1,20,17,2003,23,Good,Semi-Furnished,0,0,0,0.37,1,1,35.2,3828000
1000,Chattogram,House,2442,3,2,1,0,2002,24,Fair,Unfurnished,1,0,1,5.96,0,0,41.8,36602000
1001,Barishal,Apartment,1971,4,4,9,5,2007,19,Good,Semi-Furnished,0,0,0,3.25,1,0,41.4,6507000
1002,Rajshahi,Apartment,2161,4,5,18,9,2019,7,Excellent,Semi-Furnished,0,0,0,3.01,0,1,46.9,8999000
1003,Chattogram,Townhouse,1888,2,2,1,0,2023,3,New,Semi-Furnished,0,0,0,1.93,1,0,51.2,27765000
1004,Mymensingh,Apartment,1488,2,2,25,11,2020,6,Excellent,Semi-Furnished,0,0,0,3.91,1,0,37.4,5341000
1005,Barishal,Apartment,1131,2,1,16,1,2018,8,Fair,Unfurnished,0,0,0,3.51,0,0,46.1,2970000
1006,Mymensingh,Condo,727,2,2,9,7,1992,34,Excellent,Unfurnished,1,0,0,4.19,1,1,22.5,4272000
1007,Khulna,Apartment,945,1,1,12,3,2026,0,Good,Semi-Furnished,1,0,0,6.72,0,0,76.5,3233000
1008,Mymensingh,Apartment,1779,2,2,16,2,2005,21,Excellent,Semi-Furnished,0,0,0,19.74,0,0,75.2,4712000
1009,Chattogram,Apartment,1174,2,2,18,15,1990,36,Good,Semi-Furnished,0,0,0,6.35,1,1,50.1,9196000
1010,Rajshahi,Condo,1116,2,2,7,0,1987,39,New,Semi-Furnished,0,0,0,5.77,0,0,37.4,4489000
1011,Rangpur,House,1958,2,2,2,1,2017,9,Fair,Unfurnished,1,0,0,7.0,0,0,12.5,11244000
1012,Barishal,House,925,1,1,3,2,1992,34,Fair,Unfurnished,1,0,0,8.37,0,0,59.4,4328000
1013,Khulna,House,2268,4,3,2,0,2006,20,Good,Semi-Furnished,1,1,0,4.02,1,0,34.7,9573000
1014,Chattogram,Apartment,904,2,2,22,16,2006,20,Good,Fully Furnished,1,0,0,30.9,0,0,82.3,7924000
1015,Dhaka,Duplex,695,1,1,1,1,2014,12,Good,Semi-Furnished,2,0,0,3.33,1,0,63.5,8324000
1016,Dhaka,Duplex,1525,1,1,1,0,2010,16,New,Semi-Furnished,1,0,1,23.34,0,0,75.4,13936000
1017,Barishal,Apartment,2077,3,2,22,10,2019,7,Fair,Fully Furnished,1,0,0,15.4,0,1,52.2,3072000
1018,Mymensingh,Apartment,1549,3,4,8,3,2007,19,Good,Semi-Furnished,0,0,0,8.16,0,0,42.1,10373000
1019,Rangpur,Apartment,1166,2,2,8,5,2009,17,Fair,Unfurnished,0,0,0,14.88,1,0,56.6,3169000
1020,Sylhet,Condo,1892,4,4,20,0,1995,31,Good,Semi-Furnished,1,0,1,17.77,0,0,45.3,8088000
1021,Rangpur,Apartment,1803,4,5,16,6,2006,20,Good,Fully Furnished,1,0,0,27.84,1,0,66.5,4593000
1022,Khulna,Apartment,1998,3,4,10,8,1991,35,Excellent,Unfurnished,1,0,0,2.46,1,1,45.8,11497000
1023,Rangpur,Apartment,1923,2,1,24,5,1996,30,Good,Semi-Furnished,0,0,0,2.84,0,1,59.3,10197000
1024,Barishal,Apartment,1618,3,4,9,7,2002,24,Fair,Unfurnished,2,0,0,31.03,0,0,73.0,5276000
1025,Dhaka,Apartment,1946,4,3,22,15,1998,28,Good,Semi-Furnished,1,0,0,2.68,0,1,5.0,37066000
1026,Dhaka,House,1508,2,2,1,1,1986,40,Excellent,Unfurnished,1,1,1,3.44,1,0,48.5,40489000
1027,Barishal,Apartment,1924,3,3,8,0,1988,38,Good,Semi-Furnished,0,0,0,2.24,0,1,25.4,8780000
1028,Mymensingh,House,2128,1,1,1,1,2019,7,Needs Renovation,Unfurnished,0,1,0,3.93,1,1,21.5,7236000
1029,Rajshahi,Duplex,2403,3,3,1,1,1991,35,New,Fully Furnished,1,1,0,8.57,1,1,50.1,17633000
1030,Sylhet,Apartment,1845,4,3,25,10,2000,26,Good,Fully Furnished,1,0,0,4.77,1,1,36.1,14254000
1031,Dhaka,Apartment,2027,3,2,6,6,2014,12,Excellent,Semi-Furnished,1,0,0,1.51,1,0,61.3,33610000
1032,Mymensingh,Condo,1050,2,2,9,0,2001,25,Excellent,Fully Furnished,1,0,0,47.26,1,0,76.7,5907000
1033,Dhaka,Apartment,1686,2,2,13,12,2004,22,Excellent,Semi-Furnished,1,0,0,7.34,1,1,39.8,28176000
1034,Sylhet,Townhouse,1838,4,3,3,1,2004,22,Good,Semi-Furnished,2,1,1,8.7,0,1,21.2,10089000
1035,Rangpur,Apartment,1140,1,1,10,4,2007,19,Fair,Unfurnished,0,0,0,1.93,1,0,35.9,4575000
1036,Chattogram,Apartment,1300,1,1,25,25,2019,7,Fair,Unfurnished,0,0,0,5.89,1,1,34.1,3766000
1037,Rajshahi,Apartment,1764,2,2,20,17,1990,36,Needs Renovation,Unfurnished,1,0,0,1.85,1,1,40.1,8894000
1038,Khulna,Apartment,1980,4,4,16,7,2002,24,Good,Semi-Furnished,0,0,0,1.65,0,1,73.1,6627000
1039,Dhaka,Apartment,1727,3,4,10,0,2007,19,Fair,Unfurnished,1,0,0,1.17,1,1,46.8,24835000
1040,Khulna,House,1622,2,1,1,1,1992,34,Good,Unfurnished,0,1,0,9.77,1,0,34.5,5257000
1041,Mymensingh,Duplex,1551,2,2,2,0,2020,6,Good,Fully Furnished,0,1,0,14.06,1,1,57.5,7442000
1042,Khulna,Townhouse,1803,3,2,2,0,2023,3,Good,Semi-Furnished,1,0,0,4.53,1,1,59.0,12823000
1043,Barishal,Apartment,1464,3,4,6,3,2005,21,Good,Semi-Furnished,0,0,0,3.04,1,0,32.2,3385000
1044,Rajshahi,Condo,778,2,1,22,4,1993,33,Good,Semi-Furnished,0,0,0,2.91,1,1,24.5,4407000
1045,Rajshahi,House,2257,4,4,3,0,2011,15,Excellent,Fully Furnished,1,1,0,1.41,0,0,85.8,14627000
1046,Chattogram,House,2296,4,4,2,0,2003,23,Good,Fully Furnished,1,0,0,1.25,1,1,39.3,31265000
1047,Mymensingh,Apartment,2452,4,4,12,2,2021,5,Good,Fully Furnished,0,0,0,7.98,0,1,52.3,9882000
1048,Barishal,Apartment,1091,3,3,15,12,1987,39,Needs Renovation,Unfurnished,1,0,0,32.42,0,0,87.9,746000
1049,Barishal,Apartment,1402,1,1,15,15,1994,32,Excellent,Unfurnished,1,0,0,5.68,1,1,41.4,8928000
1050,Sylhet,Apartment,2057,4,5,18,11,2010,16,Needs Renovation,Fully Furnished,1,0,0,16.57,0,0,64.1,8992000
1051,Rajshahi,Apartment,1303,3,2,12,5,1985,41,New,Fully Furnished,1,0,0,5.23,1,1,53.6,13204000
1052,Rajshahi,Apartment,699,2,3,23,4,1992,34,Excellent,Unfurnished,0,0,0,10.07,1,0,27.2,1274000
1053,Rajshahi,Duplex,1699,2,1,1,1,1997,29,Good,Unfurnished,1,0,0,3.24,1,1,48.6,14941000
1054,Sylhet,House,1587,2,3,3,0,2010,16,Good,Fully Furnished,2,0,0,1.73,0,1,40.8,17337000
1055,Sylhet,Apartment,2184,4,3,15,13,1985,41,Fair,Unfurnished,1,0,0,5.03,1,1,60.5,19189000
1056,Mymensingh,House,915,1,1,1,0,2002,24,New,Unfurnished,0,0,0,10.7,1,0,83.7,5030000
1057,Dhaka,Duplex,3206,4,5,1,1,2024,2,Needs Renovation,Fully Furnished,0,0,0,27.71,0,0,62.4,35325000
1058,Chattogram,Apartment,1459,2,2,9,0,2015,11,Fair,Semi-Furnished,0,0,0,0.3,1,0,9.9,17512000
1059,Rangpur,Apartment,2176,4,3,25,15,1994,32,New,Unfurnished,0,0,0,4.36,0,1,26.8,10900000
1060,Dhaka,Apartment,1329,1,1,11,4,2020,6,New,Semi-Furnished,0,0,0,24.67,1,0,61.6,16431000
1061,Sylhet,Apartment,1499,2,1,18,18,1987,39,Fair,Semi-Furnished,0,0,0,5.06,1,1,29.2,9568000
1062,Chattogram,Apartment,1139,2,2,10,1,2005,21,New,Unfurnished,0,0,0,1.49,1,1,44.1,5842000
1063,Rajshahi,Condo,2623,4,3,25,17,1999,27,Good,Unfurnished,1,0,0,1.9,0,1,23.7,23717000
1064,Barishal,Condo,1774,3,2,18,15,2008,18,Fair,Semi-Furnished,2,0,0,11.53,0,0,49.6,5380000
1065,Chattogram,Apartment,1913,2,2,21,13,2001,25,Fair,Unfurnished,0,0,0,13.79,0,0,53.4,8949000
1066,Chattogram,Apartment,1018,3,4,16,3,1993,33,Excellent,Semi-Furnished,0,0,0,2.86,0,1,32.2,13786000
1067,Sylhet,Apartment,1497,2,2,19,11,2002,24,Good,Semi-Furnished,1,0,0,0.6,0,1,46.8,10438000
1068,Mymensingh,Apartment,1185,2,1,12,1,2016,10,Excellent,Fully Furnished,0,0,0,2.61,1,0,33.8,8386000
1069,Rangpur,Apartment,1256,2,3,22,12,1994,32,Fair,Unfurnished,0,0,0,4.27,1,0,39.7,3250000
1070,Mymensingh,Townhouse,1691,4,4,1,1,2015,11,Good,Unfurnished,0,0,0,13.87,0,0,48.0,2093000
1071,Rangpur,House,2211,3,3,2,0,2001,25,New,Semi-Furnished,0,0,0,2.4,1,0,5.1,14960000
1072,Rajshahi,Duplex,2469,2,2,2,1,1988,38,Good,Semi-Furnished,1,1,0,4.17,0,1,28.9,23876000
1073,Sylhet,Condo,1104,1,1,20,6,1996,30,New,Unfurnished,1,0,0,11.71,0,0,48.5,9044000
1074,Mymensingh,Apartment,2582,4,4,25,17,2008,18,New,Unfurnished,0,0,0,5.17,0,0,35.9,4632000
1075,Sylhet,Apartment,1764,4,3,9,4,1996,30,Good,Unfurnished,1,0,0,15.09,0,0,51.5,14762000
1076,Chattogram,Apartment,2377,3,2,16,0,1987,39,Excellent,Unfurnished,1,0,0,18.16,1,1,86.5,20147000
1077,Rajshahi,Duplex,1983,2,1,3,0,2021,5,New,Semi-Furnished,1,1,0,10.76,0,1,45.1,16393000
1078,Khulna,Apartment,450,1,2,11,8,1990,36,Excellent,Semi-Furnished,1,0,0,4.03,0,1,31.1,4201000
1079,Mymensingh,Apartment,1546,2,2,23,20,2004,22,Excellent,Unfurnished,0,0,0,4.18,1,0,42.3,6732000
1080,Rangpur,Duplex,2791,4,3,1,0,2019,7,New,Semi-Furnished,2,0,0,2.81,0,0,61.9,29314000
1081,Khulna,House,2130,2,1,3,0,1996,30,Fair,Unfurnished,1,1,0,3.18,0,0,49.0,14219000
1082,Dhaka,Apartment,1573,3,3,15,10,1987,39,Excellent,Semi-Furnished,0,0,0,8.73,1,0,46.7,10637000
1083,Khulna,Apartment,2027,3,2,23,0,2007,19,Good,Semi-Furnished,1,0,0,24.19,0,1,68.9,6944000
1084,Barishal,Duplex,1969,1,1,1,0,1994,32,Excellent,Semi-Furnished,1,1,0,3.03,1,0,55.5,19661000
1085,Khulna,Condo,1817,1,1,24,4,1996,30,Good,Unfurnished,1,0,0,5.47,0,1,59.7,8184000
1086,Rangpur,Apartment,2521,4,3,25,13,1992,34,Good,Semi-Furnished,2,0,0,10.54,1,0,53.0,6098000
1087,Chattogram,Apartment,759,2,2,6,2,1991,35,Excellent,Semi-Furnished,1,0,0,3.58,1,1,55.2,12498000
1088,Sylhet,Apartment,1264,2,2,10,2,1990,36,Good,Unfurnished,1,0,0,9.52,1,1,29.2,11277000
1089,Mymensingh,Apartment,1205,1,1,12,3,1995,31,Good,Fully Furnished,0,0,0,20.35,0,0,66.3,2458000
1090,Dhaka,Condo,1707,2,2,22,16,1997,29,Fair,Semi-Furnished,1,0,0,11.32,0,1,48.6,19068000
1091,Sylhet,House,1706,3,3,3,1,2008,18,New,Semi-Furnished,1,1,0,10.91,1,0,58.0,22264000
1092,Rajshahi,Apartment,1300,2,2,11,10,1985,41,New,Fully Furnished,1,0,0,3.52,1,0,29.1,10624000
1093,Rangpur,Apartment,1281,2,3,18,0,2001,25,Fair,Fully Furnished,1,0,0,4.31,1,1,36.7,2334000
1094,Chattogram,Apartment,1299,3,3,17,6,2019,7,Good,Unfurnished,0,0,0,7.04,1,1,60.8,18228000
1095,Sylhet,Apartment,1126,2,2,18,3,2011,15,Fair,Unfurnished,2,0,0,2.78,0,1,34.3,7637000
1096,Sylhet,Apartment,1175,1,2,10,3,1992,34,Excellent,Fully Furnished,1,0,1,20.57,0,1,78.4,5991000
1097,Khulna,House,1848,2,2,1,0,2014,12,Excellent,Semi-Furnished,1,0,0,17.62,0,1,48.5,5936000
1098,Dhaka,Condo,1679,4,5,16,10,1991,35,Good,Semi-Furnished,2,0,0,7.07,1,1,44.5,36885000
1099,Khulna,Apartment,1628,2,3,11,3,2002,24,Excellent,Semi-Furnished,1,0,0,3.21,0,1,22.5,16607000
1100,Barishal,Duplex,1884,1,2,3,2,1987,39,Excellent,Semi-Furnished,1,0,1,2.0,1,1,52.9,20826000
1101,Barishal,Apartment,1659,3,4,14,3,2005,21,Fair,Semi-Furnished,1,0,0,4.69,0,1,38.2,6846000
1102,Rangpur,Duplex,2322,2,2,2,0,2014,12,New,Semi-Furnished,2,0,0,3.86,0,0,52.8,8380000
1103,Khulna,Apartment,2126,5,4,17,9,1990,36,Good,Fully Furnished,1,0,0,2.08,0,1,18.4,7747000
1104,Rajshahi,Apartment,917,2,3,6,2,2000,26,Good,Semi-Furnished,0,0,0,9.45,0,0,54.1,2245000
1105,Mymensingh,House,1570,2,3,2,0,2020,6,Fair,Unfurnished,1,0,0,8.75,0,0,61.3,5070000
1106,Rangpur,Apartment,1005,1,1,18,15,1998,28,Good,Unfurnished,0,0,0,8.43,0,0,38.5,1445000
1107,Barishal,Condo,1339,3,3,10,1,2014,12,New,Semi-Furnished,0,0,0,6.32,0,1,34.3,6630000
1108,Dhaka,Duplex,2002,2,1,2,0,2022,4,Good,Semi-Furnished,0,0,0,5.7,1,1,41.8,43534000
1109,Khulna,Duplex,2527,3,2,3,1,2004,22,Good,Unfurnished,0,1,0,7.28,1,0,40.6,17375000
1110,Barishal,Apartment,2060,4,3,9,4,2007,19,Fair,Semi-Furnished,0,0,0,2.62,0,1,40.4,2935000
1111,Sylhet,Townhouse,1789,2,2,3,0,1988,38,Good,Semi-Furnished,0,1,0,1.77,0,1,11.3,20915000
1112,Rajshahi,House,1316,2,1,1,1,2026,0,Fair,Fully Furnished,0,1,0,5.66,1,1,31.2,3164000
1113,Sylhet,Apartment,1712,2,1,12,0,2017,9,Good,Unfurnished,0,0,0,5.04,1,0,18.8,9820000
1114,Rajshahi,Condo,1484,3,2,6,3,1994,32,Good,Semi-Furnished,3,0,0,8.55,1,1,39.1,3836000
1115,Chattogram,House,1816,3,2,1,1,2010,16,Good,Unfurnished,1,1,0,5.54,0,0,44.4,16515000
1116,Rajshahi,Apartment,2313,3,4,11,10,2001,25,Excellent,Semi-Furnished,1,0,1,2.85,1,0,23.4,17594000
1117,Barishal,Apartment,760,1,1,13,7,2008,18,Excellent,Unfurnished,2,0,0,13.27,1,0,43.1,3644000
1118,Rajshahi,Apartment,1948,2,2,7,5,2007,19,Excellent,Semi-Furnished,1,0,0,13.4,0,1,78.9,3034000
1119,Rangpur,Condo,2039,2,2,9,5,2021,5,Good,Semi-Furnished,0,0,0,5.7,0,1,41.6,3791000
1120,Mymensingh,House,1299,2,2,3,0,1993,33,Good,Unfurnished,2,0,0,2.84,0,1,5.0,6602000
1121,Rangpur,House,2358,3,4,1,1,2021,5,Good,Unfurnished,1,0,0,22.01,1,0,56.7,7912000
1122,Khulna,Apartment,1192,3,4,23,16,2014,12,Good,Semi-Furnished,1,0,0,3.0,1,1,70.1,10524000
1123,Khulna,Apartment,2114,3,3,25,2,1994,32,Needs Renovation,Semi-Furnished,2,0,0,2.31,0,0,44.1,5023000
1124,Chattogram,Townhouse,1821,2,2,1,1,2021,5,New,Unfurnished,2,0,0,17.89,0,1,61.9,17138000
1125,Barishal,Condo,1499,2,2,15,0,2006,20,Good,Semi-Furnished,1,0,0,12.53,0,0,67.3,6157000
1126,Chattogram,House,2502,2,3,1,0,2026,0,Needs Renovation,Semi-Furnished,0,1,0,3.85,1,1,33.9,9871000
1127,Barishal,Townhouse,2550,4,4,1,1,2000,26,Fair,Unfurnished,1,1,0,8.45,0,0,70.4,3903000
1128,Mymensingh,Apartment,1269,2,2,7,3,2011,15,New,Semi-Furnished,0,0,0,4.08,0,0,7.4,2951000
1129,Mymensingh,Apartment,1423,2,2,15,9,2002,24,Fair,Unfurnished,0,0,0,1.68,1,0,20.9,7049000
1130,Chattogram,Condo,1754,4,5,19,10,1989,37,Fair,Semi-Furnished,1,0,0,9.86,0,1,28.2,22404000
1131,Sylhet,Condo,1296,2,2,18,6,2001,25,New,Fully Furnished,0,0,1,4.46,0,0,36.2,13133000
1132,Rajshahi,Apartment,1417,3,3,13,9,1992,34,Fair,Unfurnished,0,0,0,0.57,0,1,36.7,5109000
1133,Chattogram,Apartment,2707,6,6,25,25,2019,7,Excellent,Unfurnished,0,0,0,3.82,0,0,34.8,16492000
1134,Rangpur,House,2685,2,1,3,1,2019,7,Good,Unfurnished,0,1,0,4.75,0,1,60.1,6405000
1135,Rangpur,Apartment,1803,3,4,15,8,1986,40,Good,Semi-Furnished,2,0,0,1.74,1,1,45.9,13604000
1136,Dhaka,Townhouse,933,2,1,3,2,2025,1,Fair,Unfurnished,1,0,0,12.41,1,0,58.9,9135000
1137,Barishal,Apartment,1495,2,1,9,9,2026,0,Good,Unfurnished,0,0,0,1.74,1,1,43.8,2528000
1138,Rajshahi,Apartment,1741,2,1,23,21,1993,33,Fair,Fully Furnished,2,0,0,11.24,0,0,62.8,7346000
1139,Mymensingh,Duplex,2331,3,4,1,0,2005,21,Good,Semi-Furnished,1,0,0,4.88,1,1,35.2,13139000
1140,Mymensingh,Apartment,1870,4,3,16,1,2010,16,Excellent,Semi-Furnished,1,0,0,2.03,1,0,66.0,8814000
1141,Chattogram,Apartment,1826,3,2,11,0,2000,26,Good,Unfurnished,1,0,0,9.7,1,1,64.0,13836000
1142,Khulna,Condo,732,1,2,7,0,2024,2,Good,Semi-Furnished,2,0,0,12.79,1,1,82.0,5767000
1143,Sylhet,Apartment,1780,2,2,15,10,1999,27,Good,Unfurnished,2,0,0,7.03,1,1,46.8,19693000
1144,Barishal,Apartment,1378,1,1,10,1,2016,10,Good,Unfurnished,0,0,0,11.89,0,1,37.7,4550000
1145,Dhaka,Apartment,1585,3,4,18,0,1993,33,Excellent,Semi-Furnished,2,0,1,3.68,1,1,47.0,34331000
1146,Chattogram,Apartment,1461,3,2,17,16,2013,13,Good,Semi-Furnished,1,0,0,6.87,0,1,56.1,10056000
1147,Barishal,Apartment,1107,2,3,24,1,2005,21,Good,Unfurnished,1,0,0,6.36,1,0,41.4,7630000
1148,Rangpur,House,1378,1,1,3,0,1997,29,Fair,Semi-Furnished,0,0,0,22.43,0,0,67.1,5496000
1149,Mymensingh,Condo,1595,3,3,13,13,1985,41,Fair,Unfurnished,1,0,0,5.13,0,1,45.3,8745000
1150,Khulna,Duplex,2762,3,4,2,1,1987,39,Excellent,Semi-Furnished,1,1,0,13.33,0,0,61.9,18579000
1151,Mymensingh,Apartment,2494,3,3,13,11,2019,7,Fair,Semi-Furnished,1,0,0,6.5,0,1,47.3,9741000
1152,Sylhet,Apartment,1589,2,2,21,21,1989,37,Good,Semi-Furnished,1,0,0,3.46,1,0,38.5,13538000
1153,Rangpur,Apartment,1599,3,2,12,8,1999,27,New,Unfurnished,1,0,0,1.99,0,1,14.8,10519000
1154,Sylhet,Apartment,1417,2,1,19,16,1987,39,Needs Renovation,Semi-Furnished,0,0,0,4.51,1,1,57.6,9332000
1155,Barishal,Apartment,1363,2,2,8,0,2025,1,Good,Semi-Furnished,1,0,0,1.43,1,0,29.1,5238000
1156,Mymensingh,Apartment,1554,1,2,11,0,1987,39,Excellent,Semi-Furnished,1,0,0,14.76,0,0,34.9,4113000
1157,Chattogram,Apartment,1462,2,3,24,6,1991,35,Good,Unfurnished,0,0,0,11.34,0,0,37.5,10684000
1158,Rangpur,Apartment,679,2,2,6,6,2003,23,Good,Fully Furnished,1,0,0,4.45,1,1,68.2,3555000
1159,Chattogram,Apartment,2076,3,2,9,5,2024,2,Excellent,Fully Furnished,1,0,0,2.31,0,0,40.9,32954000
1160,Khulna,Condo,2000,4,4,21,9,1996,30,Fair,Fully Furnished,1,0,0,5.89,0,0,56.1,12504000
1161,Sylhet,Apartment,942,1,2,7,5,2019,7,Needs Renovation,Unfurnished,0,0,0,31.05,0,0,81.6,1945000
1162,Rajshahi,Apartment,1437,3,4,20,19,2002,24,Good,Semi-Furnished,1,0,0,1.27,0,1,57.9,5759000
1163,Dhaka,House,2203,3,4,1,0,1991,35,Good,Unfurnished,0,0,0,4.14,1,1,55.7,22815000
1164,Mymensingh,Apartment,1718,3,4,19,8,1985,41,New,Semi-Furnished,0,0,0,13.28,1,1,59.6,3192000
1165,Rajshahi,Apartment,2662,4,4,14,1,2017,9,Good,Semi-Furnished,0,0,0,2.64,0,0,46.7,5392000
1166,Barishal,Condo,1694,4,5,6,1,2011,15,Excellent,Fully Furnished,0,0,0,2.96,1,1,72.8,13542000
1167,Khulna,Apartment,587,1,1,12,4,2022,4,New,Semi-Furnished,0,0,0,6.33,0,0,22.6,3887000
1168,Barishal,Townhouse,1315,2,2,2,1,2018,8,New,Unfurnished,1,0,0,8.83,0,0,50.0,6848000
1169,Khulna,House,540,1,1,1,1,1985,41,Excellent,Semi-Furnished,0,0,1,2.04,0,0,59.4,4689000
1170,Rajshahi,House,1753,3,3,1,0,1999,27,New,Semi-Furnished,0,0,0,8.5,1,1,32.3,10993000
1171,Rajshahi,Townhouse,883,2,2,1,0,2023,3,Excellent,Semi-Furnished,2,0,0,6.24,0,1,27.2,8530000
1172,Barishal,House,1598,1,1,1,1,2011,15,Fair,Unfurnished,0,0,0,0.82,0,1,35.4,12014000
1173,Chattogram,Apartment,2043,4,3,20,17,2017,9,Excellent,Semi-Furnished,2,0,0,6.63,1,0,26.0,39105000
1174,Khulna,Apartment,1140,2,3,9,7,2024,2,Good,Semi-Furnished,2,0,0,9.11,1,0,44.0,7567000
1175,Rajshahi,Condo,917,2,3,7,4,2014,12,Needs Renovation,Semi-Furnished,1,0,0,4.45,1,1,35.7,7159000
1176,Dhaka,Condo,1002,2,1,17,2,2005,21,Good,Unfurnished,0,0,0,11.31,1,0,43.8,6780000
1177,Mymensingh,Apartment,906,1,1,21,12,1990,36,Excellent,Semi-Furnished,0,0,0,12.01,0,1,43.2,1896000
1178,Chattogram,Apartment,771,1,2,9,8,1993,33,Fair,Unfurnished,1,0,0,10.49,0,0,48.1,2124000
1179,Khulna,Apartment,2064,3,4,23,19,1999,27,Excellent,Fully Furnished,0,0,0,4.34,0,1,38.6,10008000
1180,Barishal,Apartment,578,1,1,12,5,2007,19,Good,Unfurnished,0,0,0,2.92,0,1,40.0,1833000
1181,Dhaka,House,1651,3,2,2,0,2026,0,New,Semi-Furnished,0,1,0,12.62,1,0,34.1,23543000
1182,Chattogram,Apartment,1723,2,1,9,2,1999,27,Needs Renovation,Semi-Furnished,1,0,0,4.76,0,0,33.6,16178000
1183,Dhaka,House,1516,1,2,3,0,1994,32,Excellent,Fully Furnished,1,1,0,4.09,1,1,20.9,52376000
1184,Rangpur,House,1790,2,1,1,1,1998,28,Fair,Semi-Furnished,0,0,0,2.05,1,1,41.1,11666000
1185,Sylhet,House,2545,3,3,3,0,1993,33,Good,Unfurnished,0,0,0,38.98,1,1,77.3,16467000
1186,Chattogram,Apartment,1189,2,2,24,13,2009,17,New,Semi-Furnished,1,0,0,4.97,1,1,54.0,18248000
1187,Rajshahi,House,2290,4,3,2,0,2013,13,New,Unfurnished,1,0,0,5.96,0,1,51.0,20515000
1188,Rajshahi,Condo,1086,2,1,24,8,2020,6,Excellent,Semi-Furnished,0,0,0,7.7,1,1,46.8,8840000
1189,Khulna,Duplex,2380,3,3,3,0,2021,5,Good,Semi-Furnished,0,0,0,4.23,1,1,31.6,14459000
1190,Chattogram,Apartment,2081,4,4,14,2,1987,39,New,Fully Furnished,1,0,0,3.37,1,0,56.0,15727000
1191,Rangpur,House,2217,4,3,1,1,2013,13,Good,Unfurnished,0,1,0,0.52,1,0,26.7,4575000
1192,Rangpur,Condo,1483,2,3,7,1,2020,6,Good,Semi-Furnished,1,0,0,11.39,0,0,58.5,6336000
1193,Sylhet,House,1249,1,1,1,1,2023,3,New,Unfurnished,2,0,0,26.72,0,1,51.7,8732000
1194,Rajshahi,Duplex,2180,3,4,2,0,1996,30,Good,Semi-Furnished,0,0,0,2.33,1,0,32.7,16657000
1195,Mymensingh,Apartment,1565,3,2,9,4,2022,4,Good,Semi-Furnished,0,0,0,14.56,1,0,48.4,3497000
1196,Rangpur,Apartment,1360,2,2,22,1,1988,38,New,Semi-Furnished,0,0,0,6.76,0,1,45.8,5739000
1197,Sylhet,House,2052,3,2,3,1,1991,35,New,Semi-Furnished,0,1,0,4.34,0,0,31.4,8718000
1198,Khulna,Apartment,1610,3,3,11,11,1997,29,New,Unfurnished,1,0,0,4.63,0,0,46.1,12618000
1199,Barishal,Condo,1937,3,2,9,4,1994,32,New,Semi-Furnished,1,0,0,10.52,1,0,52.7,10451000
1200,Khulna,Condo,1349,2,2,14,0,1987,39,Needs Renovation,Unfurnished,1,0,0,1.09,1,1,35.4,8028000
1201,Dhaka,Condo,1877,3,3,12,3,2021,5,New,Unfurnished,1,0,0,26.84,1,0,81.0,13227000
1202,Rangpur,House,1882,2,2,3,1,2004,22,Fair,Unfurnished,0,1,0,4.32,1,1,50.4,11136000
1203,Khulna,Apartment,1150,1,1,14,10,2021,5,Good,Semi-Furnished,1,0,0,5.18,1,1,57.5,5779000
1204,Barishal,Condo,1323,2,3,18,5,2008,18,Fair,Fully Furnished,0,0,0,3.03,0,1,37.8,5043000
1205,Barishal,Apartment,1693,4,4,18,13,2005,21,Good,Unfurnished,0,0,0,5.19,0,0,33.6,10620000
1206,Sylhet,Apartment,1729,4,5,21,18,1994,32,Excellent,Unfurnished,2,0,0,9.21,1,0,58.4,17610000
1207,Khulna,Townhouse,1775,2,3,1,0,2011,15,Fair,Semi-Furnished,0,0,0,8.2,0,0,43.5,3331000
1208,Khulna,House,1642,2,2,3,1,1990,36,New,Unfurnished,1,1,0,2.93,1,1,23.2,13504000
1209,Mymensingh,Townhouse,1693,3,3,2,1,2021,5,Excellent,Unfurnished,1,0,0,4.02,1,1,49.2,5523000
1210,Sylhet,Apartment,1080,2,3,12,3,2023,3,New,Unfurnished,2,0,0,16.09,0,0,45.0,7345000
1211,Chattogram,Apartment,1384,1,1,24,14,1990,36,Good,Semi-Furnished,0,0,0,2.43,1,1,24.8,20504000
1212,Barishal,Duplex,1753,2,2,3,2,2002,24,Good,Unfurnished,1,1,0,3.53,1,1,30.1,16201000
1213,Rajshahi,Apartment,1789,3,3,8,0,1989,37,Fair,Semi-Furnished,1,0,0,5.71,1,1,48.7,9457000
1214,Chattogram,Duplex,2447,3,3,1,0,2018,8,Good,Fully Furnished,2,1,0,2.16,0,0,10.8,23210000
1215,Khulna,Apartment,1978,5,5,23,8,1994,32,Needs Renovation,Unfurnished,1,0,0,7.18,1,0,60.0,6709000
1216,Rangpur,Apartment,1707,2,1,21,3,1998,28,Fair,Semi-Furnished,2,0,0,13.88,1,0,67.5,6600000
1217,Chattogram,Apartment,2520,4,5,15,10,1993,33,Fair,Fully Furnished,2,0,0,5.71,1,1,58.7,31025000
1218,Chattogram,Apartment,1599,3,4,15,3,2009,17,New,Semi-Furnished,0,0,0,4.75,1,1,52.7,25561000
1219,Dhaka,Apartment,450,1,1,18,2,2011,15,Good,Fully Furnished,0,0,0,8.95,0,1,93.4,5234000
1220,Chattogram,Townhouse,1096,1,1,3,2,2007,19,Good,Semi-Furnished,0,0,0,0.43,0,0,33.8,8850000
1221,Rangpur,Apartment,1665,2,2,11,7,2025,1,Good,Semi-Furnished,0,0,0,3.69,1,1,45.3,2422000
1222,Rajshahi,Condo,1152,2,2,6,6,2009,17,Good,Fully Furnished,0,0,1,9.33,0,0,52.6,2643000
1223,Rangpur,Apartment,721,1,1,21,4,2019,7,Excellent,Semi-Furnished,1,0,0,4.61,1,1,56.9,3245000
1224,Sylhet,Apartment,926,1,1,22,6,2007,19,Needs Renovation,Semi-Furnished,1,0,0,10.18,1,0,50.0,3112000
1225,Chattogram,House,1932,3,2,2,0,2005,21,Needs Renovation,Fully Furnished,1,0,0,18.01,0,0,56.3,14057000
1226,Barishal,Townhouse,1336,2,3,3,0,1986,40,New,Semi-Furnished,1,1,0,18.28,0,0,58.0,6994000
1227,Sylhet,Duplex,1298,1,1,2,1,2020,6,Good,Semi-Furnished,0,0,0,8.53,0,1,25.9,9979000
1228,Mymensingh,Townhouse,821,1,1,3,0,2014,12,Good,Semi-Furnished,0,0,0,17.36,0,0,53.4,3504000
1229,Dhaka,Apartment,1623,2,2,21,11,2022,4,Good,Semi-Furnished,2,0,0,15.76,0,0,60.4,15086000
1230,Rajshahi,Apartment,2100,3,4,6,3,1989,37,Good,Semi-Furnished,0,0,0,3.12,1,1,44.7,5795000
1231,Khulna,Apartment,1267,2,1,10,5,1999,27,Good,Semi-Furnished,1,0,0,2.45,1,1,61.0,7173000
1232,Sylhet,Apartment,1698,3,3,11,3,1994,32,Fair,Unfurnished,1,0,0,2.0,1,0,39.2,9700000
1233,Rangpur,House,1960,2,3,2,0,2009,17,Excellent,Semi-Furnished,1,1,0,2.44,1,0,36.0,12347000
1234,Rajshahi,Apartment,2180,5,5,23,4,2018,8,Good,Unfurnished,2,0,0,5.3,0,0,46.0,8385000
1235,Rajshahi,Townhouse,644,1,1,2,0,2011,15,Good,Fully Furnished,1,0,0,16.87,1,0,65.4,3605000
1236,Sylhet,Condo,851,3,2,13,9,1995,31,Good,Unfurnished,1,0,1,1.98,1,1,10.4,10130000
1237,Khulna,Apartment,2174,3,2,25,1,1985,41,New,Unfurnished,0,0,0,3.68,1,0,19.2,17746000
1238,Chattogram,Apartment,1652,1,1,6,5,2013,13,Good,Semi-Furnished,1,0,0,12.04,0,1,45.4,9641000
1239,Mymensingh,Apartment,1176,3,3,16,12,2003,23,Good,Unfurnished,1,0,0,8.57,1,0,49.4,4905000
1240,Chattogram,House,2439,4,5,3,1,2006,20,New,Unfurnished,0,1,0,11.04,1,0,56.3,19155000
1241,Rangpur,House,1544,3,3,1,0,1989,37,Good,Semi-Furnished,0,1,0,13.5,1,1,37.8,3574000
1242,Chattogram,Apartment,1304,2,2,18,16,2003,23,Good,Semi-Furnished,1,0,0,14.3,1,1,72.3,13955000
1243,Barishal,Duplex,3079,3,3,1,0,1998,28,Excellent,Semi-Furnished,0,0,0,3.58,0,1,27.7,13772000
1244,Khulna,Duplex,1370,1,1,2,0,2018,8,New,Unfurnished,1,1,0,4.45,1,1,19.3,12131000
1245,Khulna,Condo,1448,1,2,11,4,2005,21,Needs Renovation,Unfurnished,1,0,0,3.97,0,1,29.9,6127000
1246,Mymensingh,Apartment,1267,2,2,24,9,2008,18,Fair,Unfurnished,0,0,1,3.99,1,1,45.1,4989000
1247,Chattogram,Apartment,450,1,1,20,13,2016,10,Excellent,Fully Furnished,1,0,0,6.58,0,1,20.9,2548000
1248,Chattogram,Apartment,1735,4,3,11,2,1997,29,Excellent,Semi-Furnished,0,0,0,9.87,1,0,39.7,27108000
1249,Mymensingh,Condo,1854,3,3,7,7,1986,40,Excellent,Semi-Furnished,0,0,0,9.88,0,1,47.6,6031000
1250,Sylhet,House,2234,4,4,2,0,2010,16,Good,Semi-Furnished,0,1,0,2.79,0,1,44.0,10827000
1251,Sylhet,Condo,1661,3,2,22,9,2017,9,Fair,Unfurnished,1,0,0,3.58,1,0,16.4,15292000
1252,Sylhet,Townhouse,950,2,3,3,2,2025,1,New,Unfurnished,1,0,0,3.23,0,1,40.3,9083000
1253,Rangpur,Apartment,1264,2,2,10,4,2024,2,Good,Fully Furnished,2,0,0,14.13,0,1,35.9,6961000
1254,Chattogram,Apartment,1335,3,2,23,1,1998,28,Needs Renovation,Semi-Furnished,0,0,0,3.63,1,1,28.3,6121000
1255,Rangpur,Condo,1794,2,2,12,8,2025,1,Good,Unfurnished,0,0,0,3.14,1,0,25.8,4094000
1256,Barishal,Apartment,1133,1,2,23,8,1987,39,New,Fully Furnished,2,0,0,8.3,0,0,53.9,6782000
1257,Chattogram,Apartment,2336,4,5,19,16,2012,14,New,Semi-Furnished,0,0,0,7.48,1,1,50.8,21765000
1258,Dhaka,House,1808,3,3,2,0,2001,25,Excellent,Semi-Furnished,0,1,0,3.96,1,1,32.3,39936000
1259,Sylhet,Apartment,1323,1,1,20,15,2006,20,Good,Unfurnished,0,0,0,4.88,0,1,65.9,10959000
1260,Sylhet,Duplex,2068,2,3,1,1,2009,17,Good,Semi-Furnished,0,1,0,9.52,1,0,39.1,13944000
1261,Chattogram,Townhouse,2101,4,4,1,1,1993,33,Fair,Fully Furnished,0,1,0,14.93,0,0,36.3,27444000
1262,Chattogram,Apartment,1456,3,3,10,7,2026,0,Good,Semi-Furnished,2,0,1,16.95,1,1,58.9,15694000
1263,Rajshahi,House,1269,1,1,2,1,2013,13,Needs Renovation,Unfurnished,0,0,0,2.06,1,1,14.5,4477000
1264,Barishal,Duplex,1644,1,1,1,1,2018,8,Fair,Unfurnished,1,0,0,2.88,1,1,36.4,10520000
1265,Barishal,Apartment,1426,2,2,10,1,2022,4,New,Unfurnished,2,0,0,3.71,0,1,37.9,10120000
1266,Chattogram,Apartment,1699,3,2,7,1,2010,16,Good,Fully Furnished,0,0,0,4.71,0,0,43.4,25576000
1267,Mymensingh,Condo,1620,3,3,15,6,2007,19,Good,Unfurnished,1,0,0,7.55,1,0,56.9,9817000
1268,Rangpur,Condo,1149,2,2,6,1,1990,36,Needs Renovation,Fully Furnished,0,0,0,4.73,1,1,15.7,3969000
1269,Sylhet,Townhouse,1372,2,1,1,0,1994,32,New,Semi-Furnished,1,0,0,3.87,1,1,44.3,7975000
1270,Chattogram,Apartment,574,1,1,13,5,2011,15,Fair,Fully Furnished,0,0,0,1.59,0,1,53.3,1819000
1271,Khulna,Apartment,1426,2,1,15,1,1996,30,Good,Fully Furnished,1,0,0,4.62,1,1,64.5,10190000
1272,Khulna,Apartment,1602,2,3,19,13,1990,36,Excellent,Semi-Furnished,2,0,1,11.05,0,0,79.8,6888000
1273,Rajshahi,Duplex,2531,5,6,1,1,1999,27,New,Fully Furnished,1,1,0,3.23,1,0,39.5,22817000
1274,Mymensingh,House,1854,2,1,3,1,1993,33,Good,Semi-Furnished,0,0,0,10.12,0,0,51.6,8010000
1275,Mymensingh,Apartment,1605,3,3,19,7,2012,14,Good,Fully Furnished,1,0,0,5.09,0,1,39.2,6784000
1276,Sylhet,Apartment,1167,1,1,24,22,1997,29,Good,Semi-Furnished,3,0,0,3.28,1,0,25.5,10710000
1277,Mymensingh,Apartment,708,1,1,10,5,2006,20,Good,Semi-Furnished,1,0,0,5.39,1,1,53.4,3618000
1278,Dhaka,Apartment,2111,5,5,9,7,1991,35,Fair,Semi-Furnished,0,0,0,2.15,1,0,54.7,18054000
1279,Chattogram,Apartment,1181,1,1,22,13,1987,39,New,Semi-Furnished,1,0,0,3.31,1,1,38.2,14714000
1280,Mymensingh,Apartment,1394,2,2,6,6,1994,32,Good,Unfurnished,2,0,0,1.38,1,0,55.2,5539000
1281,Dhaka,Apartment,1132,2,2,11,3,1997,29,Good,Unfurnished,1,0,0,15.25,0,0,69.4,3144000
1282,Rajshahi,Duplex,2457,4,5,1,1,2021,5,Good,Unfurnished,2,1,1,12.58,0,1,44.4,15853000
1283,Rangpur,Townhouse,2013,4,5,3,1,2001,25,New,Semi-Furnished,2,1,0,20.1,0,1,48.0,6732000
1284,Rangpur,Apartment,1573,3,3,22,6,2003,23,Good,Fully Furnished,0,0,0,21.52,0,0,36.0,3161000
1285,Rajshahi,Apartment,1810,3,4,21,11,2018,8,Good,Fully Furnished,1,0,0,15.89,0,0,50.0,8901000
1286,Rajshahi,Apartment,2036,4,4,23,1,2007,19,New,Semi-Furnished,0,0,0,10.12,0,0,74.4,5860000
1287,Dhaka,Apartment,2094,2,2,24,1,2014,12,Good,Fully Furnished,0,0,0,3.92,0,0,41.0,39192000
1288,Dhaka,Apartment,2051,3,3,9,5,1987,39,Good,Semi-Furnished,0,0,0,9.43,1,1,38.6,13543000
1289,Mymensingh,House,1477,3,3,1,1,2024,2,Fair,Semi-Furnished,1,0,0,2.39,1,1,63.2,9044000
1290,Sylhet,Condo,1558,3,4,18,5,2007,19,New,Unfurnished,0,0,0,9.48,1,0,56.3,9599000
1291,Dhaka,Duplex,1776,3,3,2,0,1990,36,Good,Fully Furnished,0,1,0,9.56,0,0,74.9,23992000
1292,Chattogram,Apartment,2069,3,4,9,2,1990,36,Good,Fully Furnished,0,0,0,14.59,0,0,66.6,8341000
1293,Rajshahi,Apartment,969,1,2,18,5,1985,41,Good,Fully Furnished,0,0,0,3.99,0,0,45.6,6027000
1294,Rangpur,Duplex,2195,3,2,3,1,2024,2,Fair,Semi-Furnished,1,0,0,5.42,1,1,38.8,12757000
1295,Khulna,Condo,928,1,1,15,11,1990,36,Good,Semi-Furnished,1,0,0,4.32,0,1,46.1,3730000
1296,Chattogram,Apartment,1961,3,3,20,12,2014,12,Excellent,Semi-Furnished,1,0,0,10.92,1,1,58.9,24278000
1297,Rajshahi,Apartment,1516,3,2,7,2,2022,4,Good,Unfurnished,0,0,0,8.28,0,0,36.3,3631000
1298,Barishal,Duplex,2169,3,3,3,0,2012,14,Excellent,Semi-Furnished,1,0,0,1.38,1,1,12.6,26118000
1299,Mymensingh,Apartment,1150,1,1,6,2,1993,33,Good,Semi-Furnished,0,0,0,14.78,0,1,57.0,4804000
1300,Rajshahi,Apartment,2873,6,5,10,10,2009,17,Good,Semi-Furnished,0,0,0,3.56,1,0,32.9,8113000
1301,Rangpur,Apartment,1517,2,1,14,0,2023,3,Fair,Semi-Furnished,0,0,0,4.24,1,0,63.5,3294000
1302,Chattogram,Apartment,1689,4,4,20,5,1989,37,New,Semi-Furnished,1,0,0,1.36,1,1,43.5,22610000
1303,Barishal,Duplex,3013,3,3,3,2,1989,37,Fair,Semi-Furnished,0,0,0,13.35,0,0,50.2,5982000
1304,Mymensingh,Townhouse,924,2,3,3,2,2022,4,Good,Semi-Furnished,0,1,0,1.99,1,1,41.9,4011000
1305,Chattogram,Apartment,1682,2,1,23,19,2005,21,New,Unfurnished,1,0,0,16.14,1,0,58.2,15398000
1306,Barishal,Apartment,1088,1,1,16,12,1992,34,Good,Semi-Furnished,0,0,0,8.3,0,0,46.7,3430000
1307,Rangpur,Apartment,1494,2,3,18,14,2019,7,Excellent,Unfurnished,0,0,0,7.21,1,1,52.8,8782000
1308,Sylhet,Apartment,575,1,1,18,2,2004,22,Excellent,Semi-Furnished,0,0,0,2.32,1,1,50.1,4842000
1309,Rajshahi,Apartment,1088,2,2,22,7,1992,34,Good,Fully Furnished,1,0,0,2.18,1,1,27.9,7027000
1310,Mymensingh,Condo,2138,3,3,6,0,2002,24,Good,Semi-Furnished,0,0,0,3.49,0,0,26.9,7195000
1311,Chattogram,House,3312,4,5,2,0,2002,24,New,Fully Furnished,2,0,0,1.5,1,1,44.7,50558000
1312,Dhaka,Apartment,2425,4,5,7,7,2006,20,Good,Semi-Furnished,0,0,0,3.19,0,0,11.2,30622000
1313,Barishal,Apartment,1614,3,2,9,4,2019,7,Fair,Semi-Furnished,1,0,0,6.7,1,0,43.3,9634000
1314,Mymensingh,Apartment,1115,3,3,19,7,1991,35,Needs Renovation,Unfurnished,2,0,0,3.9,0,0,51.7,3890000
1315,Rajshahi,House,2934,3,2,1,0,2018,8,Fair,Semi-Furnished,0,1,0,22.06,1,0,40.7,13247000
1316,Rangpur,Townhouse,1489,1,1,1,1,1999,27,Fair,Semi-Furnished,0,0,0,7.72,1,1,49.4,7175000
1317,Dhaka,Apartment,974,2,2,17,16,2006,20,Good,Unfurnished,0,0,0,9.81,0,0,67.4,5246000
1318,Khulna,House,3224,4,4,1,1,2002,24,New,Semi-Furnished,1,0,1,11.37,0,1,37.7,22016000
1319,Sylhet,Condo,2408,4,4,12,6,1987,39,New,Semi-Furnished,1,0,0,1.14,0,1,56.7,16796000
1320,Khulna,Duplex,1813,2,3,3,1,2018,8,Good,Unfurnished,1,0,0,4.32,1,1,39.8,15124000
1321,Dhaka,House,1104,2,2,3,0,2014,12,Good,Semi-Furnished,1,0,0,3.71,0,1,60.3,16162000
1322,Rangpur,Apartment,1394,2,3,13,11,2003,23,Needs Renovation,Semi-Furnished,1,0,0,3.01,1,0,46.5,4657000
1323,Khulna,Condo,2275,4,4,11,11,2000,26,Good,Unfurnished,2,0,0,11.54,1,0,54.0,13626000
1324,Sylhet,House,1441,2,2,1,1,1985,41,Good,Unfurnished,0,0,0,10.17,1,1,61.6,12821000
1325,Rajshahi,Apartment,1376,2,1,12,7,1987,39,Excellent,Fully Furnished,2,0,0,9.32,0,0,69.5,5423000
1326,Chattogram,Apartment,2038,3,3,11,11,2021,5,Good,Unfurnished,0,0,0,9.56,0,0,41.4,18222000
1327,Barishal,Apartment,1336,2,2,8,1,2025,1,Fair,Semi-Furnished,1,0,0,12.59,1,1,73.7,4526000
1328,Dhaka,Apartment,1019,2,2,14,6,1997,29,Excellent,Unfurnished,0,0,0,3.03,1,0,37.0,13954000
1329,Rajshahi,Duplex,1325,1,1,2,0,2003,23,Excellent,Semi-Furnished,0,1,0,0.69,1,0,49.9,10331000
1330,Barishal,House,1892,4,3,1,1,2023,3,Fair,Semi-Furnished,0,1,0,3.72,1,0,51.9,7581000
1331,Barishal,Apartment,758,1,1,14,4,2024,2,Good,Semi-Furnished,0,0,0,6.58,1,1,42.6,1747000
1332,Dhaka,Condo,1468,3,2,8,4,2024,2,Good,Unfurnished,2,0,0,4.02,0,0,44.8,9617000
1333,Barishal,Apartment,1366,2,2,8,8,2017,9,Good,Unfurnished,1,0,0,7.24,1,1,55.0,3867000
1334,Rangpur,House,1935,1,1,2,0,2026,0,Excellent,Semi-Furnished,1,0,0,2.88,0,0,23.6,16700000
1335,Rangpur,Apartment,1372,3,3,16,14,1992,34,Excellent,Unfurnished,1,0,0,14.8,0,0,59.4,3653000
1336,Rangpur,Condo,1992,1,1,19,7,2018,8,Good,Semi-Furnished,1,0,0,1.14,1,1,21.3,4793000
1337,Dhaka,Duplex,2135,3,4,3,1,1990,36,Needs Renovation,Semi-Furnished,1,0,0,5.03,0,1,66.5,17510000
1338,Mymensingh,Apartment,2017,3,3,7,3,2012,14,Excellent,Unfurnished,0,0,0,6.17,0,0,64.4,5183000
1339,Sylhet,Apartment,1371,1,1,21,1,2013,13,Fair,Fully Furnished,1,0,0,6.1,1,1,35.2,5104000
1340,Rangpur,Apartment,1458,2,3,21,8,2016,10,Needs Renovation,Fully Furnished,0,0,0,21.48,0,1,50.2,2220000
1341,Mymensingh,Duplex,2197,4,4,2,1,2014,12,Good,Semi-Furnished,2,1,0,4.54,1,1,46.1,7443000
1342,Barishal,Duplex,1691,3,3,1,0,1987,39,Good,Unfurnished,1,0,0,4.1,1,1,21.0,6510000
1343,Barishal,House,1782,2,2,1,0,2011,15,Good,Unfurnished,0,0,0,1.2,0,1,6.2,3971000
1344,Khulna,Condo,729,1,1,19,2,1990,36,Good,Semi-Furnished,0,0,0,2.8,1,0,38.7,3371000
1345,Mymensingh,Duplex,2312,2,2,3,1,2015,11,Good,Fully Furnished,0,1,0,1.44,0,1,35.3,19645000
1346,Rangpur,Apartment,2093,3,3,10,5,2010,16,Excellent,Semi-Furnished,0,0,0,2.59,1,1,51.6,12737000
1347,Sylhet,Apartment,1736,4,4,14,13,2015,11,Good,Semi-Furnished,0,0,0,0.53,0,1,51.3,10409000
1348,Rajshahi,Apartment,2147,3,2,14,7,2017,9,Excellent,Unfurnished,0,0,0,2.67,1,1,50.9,18243000
1349,Sylhet,Condo,2116,3,3,17,2,2019,7,Fair,Semi-Furnished,1,0,0,15.12,1,1,40.9,23014000
1350,Chattogram,Apartment,1898,3,3,12,4,2011,15,Fair,Semi-Furnished,1,0,0,6.32,0,0,48.7,14679000
1351,Barishal,Condo,1623,3,3,8,2,2020,6,Needs Renovation,Unfurnished,1,0,0,1.74,0,1,10.6,7811000
1352,Chattogram,House,2265,2,1,3,2,1987,39,Good,Fully Furnished,1,1,0,3.51,0,1,38.6,38831000
1353,Barishal,House,1348,2,1,3,2,1991,35,Excellent,Semi-Furnished,2,1,0,3.26,1,1,66.4,11661000
1354,Khulna,Condo,1644,3,2,12,0,2004,22,Excellent,Semi-Furnished,0,0,0,2.34,0,1,33.7,13256000
1355,Barishal,Apartment,1358,1,2,13,11,2004,22,Excellent,Fully Furnished,1,0,0,6.57,1,0,57.3,9824000
1356,Sylhet,Apartment,1497,2,1,6,3,1991,35,Fair,Semi-Furnished,1,0,0,1.91,0,0,36.0,13239000
1357,Sylhet,House,2992,4,5,3,0,2011,15,Fair,Fully Furnished,1,0,0,7.45,0,0,50.5,21679000
1358,Sylhet,Apartment,1976,3,2,6,0,2007,19,Good,Unfurnished,1,0,0,8.01,0,0,26.0,12704000
1359,Sylhet,Apartment,2227,4,5,14,8,2006,20,Good,Semi-Furnished,1,0,0,2.13,1,1,47.8,27949000
1360,Barishal,House,1144,1,1,3,0,2025,1,Needs Renovation,Semi-Furnished,1,0,0,19.53,1,0,58.1,4365000
1361,Rajshahi,Apartment,1252,3,3,7,0,2001,25,Fair,Semi-Furnished,2,0,0,4.86,1,1,38.3,5265000
1362,Barishal,Apartment,2026,3,4,22,16,2017,9,Good,Fully Furnished,0,0,0,8.31,1,1,65.6,13235000
1363,Sylhet,Condo,2066,3,2,9,3,2020,6,Good,Fully Furnished,0,0,0,5.91,0,0,45.5,9971000
1364,Barishal,Apartment,1120,2,2,13,8,1995,31,Needs Renovation,Semi-Furnished,0,0,0,3.72,0,0,58.9,2166000
1365,Khulna,House,2270,5,6,2,0,2025,1,New,Semi-Furnished,1,0,0,12.06,0,0,44.2,18876000
1366,Rangpur,Condo,1809,2,2,24,5,2008,18,Fair,Fully Furnished,0,0,0,5.55,1,1,40.7,11007000
1367,Sylhet,Apartment,2072,3,3,19,17,2004,22,Good,Fully Furnished,0,0,0,2.03,1,0,39.3,12224000
1368,Rajshahi,House,1682,3,3,1,0,2007,19,Good,Unfurnished,0,0,0,6.73,1,0,48.9,5870000
1369,Rajshahi,Apartment,895,2,2,22,12,1995,31,Good,Unfurnished,2,0,0,7.71,1,1,62.9,4354000
1370,Barishal,Apartment,1377,1,1,9,9,2010,16,Good,Semi-Furnished,1,0,0,2.27,1,1,62.1,4174000
1371,Rangpur,Duplex,2173,3,3,3,1,2026,0,Good,Unfurnished,1,1,0,10.18,0,1,56.9,8061000
1372,Rajshahi,Apartment,598,2,1,14,0,1998,28,Excellent,Unfurnished,2,0,0,3.23,1,0,40.4,3274000
1373,Mymensingh,Apartment,1581,2,3,6,2,2000,26,Good,Fully Furnished,2,0,0,3.67,0,0,48.2,3745000
1374,Barishal,Duplex,1784,1,1,3,2,1989,37,New,Semi-Furnished,0,1,0,8.26,0,1,19.6,5870000
1375,Barishal,Townhouse,736,2,2,3,0,1986,40,Good,Semi-Furnished,1,1,0,1.93,0,1,24.3,4037000
1376,Rajshahi,Duplex,2829,4,3,2,1,1990,36,Good,Fully Furnished,0,0,1,5.36,1,0,9.1,14127000
1377,Rajshahi,House,2307,3,2,2,1,2024,2,Good,Semi-Furnished,0,0,0,6.46,1,1,34.1,16935000
1378,Dhaka,Apartment,1584,2,2,12,10,2004,22,Excellent,Semi-Furnished,0,0,0,15.36,1,1,51.4,5940000
1379,Dhaka,Apartment,1922,4,4,9,5,1998,28,Excellent,Semi-Furnished,1,0,0,1.59,1,1,40.7,18326000
1380,Rajshahi,Apartment,2754,5,5,23,15,1993,33,Excellent,Fully Furnished,0,0,0,1.45,1,0,40.5,15132000
1381,Barishal,Condo,1532,2,2,10,3,1994,32,Good,Fully Furnished,1,0,0,11.27,0,0,53.1,8813000
1382,Barishal,Condo,1924,3,2,10,8,2001,25,Good,Unfurnished,1,0,0,10.9,0,0,58.8,5812000
1383,Rajshahi,Apartment,513,1,1,14,11,2016,10,Good,Semi-Furnished,1,0,0,3.52,0,0,14.0,4408000
1384,Khulna,Apartment,1880,2,3,7,1,2014,12,New,Semi-Furnished,0,0,0,6.76,0,0,46.4,8919000
1385,Rangpur,Apartment,1476,3,2,21,17,2012,14,Good,Unfurnished,0,0,0,16.71,0,0,56.0,5036000
1386,Rangpur,Apartment,1094,2,2,19,15,2000,26,Good,Semi-Furnished,0,0,0,5.61,1,0,57.3,2593000
1387,Khulna,Apartment,1499,2,2,25,0,1989,37,Excellent,Unfurnished,0,0,0,9.01,1,1,53.5,8410000
1388,Mymensingh,House,1238,2,1,3,1,2018,8,Needs Renovation,Unfurnished,1,0,0,18.54,1,0,20.8,3872000
1389,Sylhet,Apartment,1762,3,3,11,10,2011,15,Excellent,Semi-Furnished,1,0,0,11.55,0,0,17.5,12393000
1390,Chattogram,Apartment,1853,3,3,11,1,2001,25,Good,Unfurnished,2,0,0,1.78,1,1,17.3,34945000
1391,Rajshahi,Apartment,1441,3,3,14,6,2008,18,Good,Unfurnished,0,0,0,1.6,0,0,25.2,8824000
1392,Barishal,Apartment,1613,2,1,16,4,1988,38,Excellent,Fully Furnished,0,0,0,6.02,1,1,38.0,4630000
1393,Rajshahi,Condo,1634,3,3,11,0,1989,37,Excellent,Semi-Furnished,1,0,0,16.3,0,0,70.4,9834000
1394,Dhaka,Apartment,1501,3,3,20,15,1987,39,Good,Unfurnished,0,0,0,25.34,0,1,80.9,9727000
1395,Rangpur,House,1508,2,3,1,0,2016,10,Excellent,Unfurnished,0,0,0,1.54,1,1,34.5,11902000
1396,Rangpur,Condo,524,1,1,25,13,2014,12,Excellent,Semi-Furnished,1,0,0,8.54,0,1,49.0,4210000
1397,Dhaka,Townhouse,830,2,1,1,1,1993,33,Excellent,Semi-Furnished,2,0,0,7.1,1,0,70.1,7521000
1398,Sylhet,House,1656,2,2,1,0,2006,20,Fair,Unfurnished,1,0,0,3.26,0,1,71.8,5541000
1399,Dhaka,House,1188,1,1,3,0,1994,32,Fair,Fully Furnished,1,1,0,5.5,0,0,68.4,6448000
1400,Mymensingh,Apartment,1121,3,4,15,10,2001,25,Good,Unfurnished,0,0,1,1.41,1,0,24.1,2858000
1401,Khulna,Apartment,1233,2,3,24,18,1985,41,Fair,Unfurnished,1,0,0,18.67,0,1,40.8,1660000
1402,Mymensingh,Condo,1555,3,3,14,14,2009,17,New,Unfurnished,0,0,0,8.16,1,1,58.2,6472000
1403,Mymensingh,Duplex,1645,1,2,1,0,2009,17,Excellent,Unfurnished,2,0,0,10.16,0,1,41.4,4331000
1404,Khulna,Apartment,1985,3,4,20,10,2016,10,Fair,Unfurnished,1,0,1,7.27,0,0,39.7,12526000
1405,Khulna,Condo,750,1,2,6,6,2006,20,Fair,Unfurnished,2,0,0,16.23,0,0,64.1,3864000
1406,Chattogram,Apartment,2708,5,6,18,9,2013,13,Good,Semi-Furnished,0,0,0,6.74,1,0,55.5,14165000
1407,Rajshahi,Townhouse,866,2,1,3,2,2001,25,Needs Renovation,Semi-Furnished,1,1,0,10.46,1,0,30.5,4091000
1408,Chattogram,Apartment,1980,3,4,7,7,2013,13,Fair,Semi-Furnished,0,0,0,7.69,1,1,48.8,15354000
1409,Mymensingh,Apartment,1621,3,4,13,5,1992,34,New,Semi-Furnished,1,0,0,7.23,0,1,64.6,4093000
1410,Khulna,Apartment,2087,3,3,14,4,2009,17,New,Semi-Furnished,1,0,0,21.78,0,0,62.1,8961000
1411,Barishal,House,2470,3,4,2,0,2023,3,Excellent,Unfurnished,0,0,1,5.26,1,0,56.7,13190000
1412,Mymensingh,Duplex,2026,2,1,2,0,2008,18,Excellent,Unfurnished,2,1,0,5.68,0,1,64.1,15869000
1413,Rangpur,House,1315,2,3,1,0,1987,39,Excellent,Semi-Furnished,1,0,0,2.04,1,0,43.4,5326000
1414,Rangpur,Condo,1918,4,4,23,15,2021,5,Good,Semi-Furnished,2,0,0,11.33,0,0,42.1,9508000
1415,Sylhet,House,3081,4,5,2,1,1992,34,Good,Unfurnished,1,0,0,0.3,1,1,16.7,22440000
1416,Sylhet,Townhouse,1885,3,2,1,1,2008,18,Excellent,Fully Furnished,1,0,0,14.15,0,1,59.7,13451000
1417,Barishal,House,2095,3,3,2,1,2001,25,Excellent,Fully Furnished,1,1,0,10.78,0,0,73.9,5629000
1418,Barishal,Apartment,1039,1,1,18,17,2026,0,New,Unfurnished,1,0,0,6.78,1,1,50.6,6825000
1419,Chattogram,House,1687,2,1,3,0,2021,5,Good,Semi-Furnished,1,1,0,4.16,1,0,26.7,11350000
1420,Barishal,Apartment,1915,3,4,6,6,2002,24,Good,Fully Furnished,1,0,0,6.51,1,0,24.2,15864000
1421,Chattogram,Apartment,1593,4,5,8,4,2023,3,Excellent,Unfurnished,1,0,0,4.24,0,0,27.8,23475000
1422,Mymensingh,Condo,1273,2,2,17,2,2018,8,Fair,Unfurnished,1,0,0,27.91,0,0,79.5,4057000
1423,Mymensingh,Apartment,1557,3,3,15,6,2025,1,Fair,Fully Furnished,0,0,0,8.21,1,1,34.9,9742000
1424,Rajshahi,Apartment,952,1,1,11,9,2021,5,New,Fully Furnished,0,0,1,3.05,1,1,57.7,2657000
1425,Dhaka,House,2084,3,3,2,0,2015,11,Good,Unfurnished,1,0,0,1.77,1,0,50.3,18960000
1426,Khulna,Apartment,1206,3,3,7,1,2006,20,Excellent,Unfurnished,1,0,0,12.78,0,1,50.4,8396000
1427,Dhaka,Condo,1070,2,2,25,25,1999,27,Excellent,Unfurnished,0,0,0,2.87,1,1,34.8,26164000
1428,Barishal,House,540,1,2,2,0,2007,19,Excellent,Semi-Furnished,1,0,0,3.97,1,1,31.8,1295000
1429,Dhaka,House,1104,2,3,2,1,2011,15,New,Fully Furnished,0,0,0,10.01,1,0,56.8,20595000
1430,Khulna,Apartment,706,1,1,19,14,2008,18,Fair,Unfurnished,0,0,0,2.99,1,1,30.2,5027000
1431,Sylhet,Duplex,1593,2,3,3,2,1999,27,Excellent,Unfurnished,1,1,0,1.1,1,1,11.7,29753000
1432,Dhaka,Apartment,2012,3,3,10,4,2015,11,Fair,Unfurnished,0,0,0,4.41,1,1,35.0,32595000
1433,Sylhet,Apartment,1839,3,2,21,2,2008,18,Needs Renovation,Unfurnished,1,0,0,25.01,0,0,66.1,3085000
1434,Rajshahi,Townhouse,1448,2,2,2,1,1990,36,New,Unfurnished,1,0,0,7.87,0,0,42.2,12785000
1435,Barishal,House,2671,3,3,1,1,1992,34,Excellent,Semi-Furnished,1,0,0,5.08,1,1,28.0,21081000
1436,Rangpur,Apartment,1434,3,4,10,1,2019,7,Good,Fully Furnished,0,0,0,14.5,0,1,44.5,1896000
1437,Barishal,House,1250,2,2,3,2,2011,15,Good,Semi-Furnished,1,1,0,2.04,1,0,42.4,2608000
1438,Rajshahi,Duplex,1948,2,1,3,0,2023,3,Excellent,Fully Furnished,0,0,0,4.26,1,1,38.0,23023000
1439,Chattogram,Apartment,983,1,1,8,8,2007,19,Fair,Fully Furnished,1,0,0,6.93,1,0,48.7,10812000
1440,Sylhet,Apartment,2510,5,6,11,0,2025,1,Needs Renovation,Unfurnished,0,0,0,7.92,1,1,19.9,10926000
1441,Dhaka,Townhouse,2285,3,4,3,2,2022,4,Good,Semi-Furnished,1,0,0,2.52,1,1,45.5,20075000
1442,Rangpur,Apartment,977,1,1,8,8,2006,20,Fair,Fully Furnished,1,0,0,4.24,1,1,47.4,6027000
1443,Chattogram,Apartment,1847,4,4,24,4,1986,40,Good,Unfurnished,0,0,0,10.37,0,0,42.5,12302000
1444,Khulna,Apartment,1022,1,1,24,5,2011,15,New,Unfurnished,0,0,0,2.41,1,1,39.4,8763000
1445,Dhaka,House,2068,3,2,3,2,1987,39,Good,Semi-Furnished,0,0,0,5.33,1,1,39.3,12367000
1446,Khulna,Duplex,2000,3,3,3,0,1986,40,New,Unfurnished,1,1,0,30.82,0,0,86.8,8123000
1447,Rangpur,Apartment,1918,2,2,22,19,2016,10,Good,Unfurnished,0,0,0,3.78,1,1,36.6,2568000
1448,Dhaka,Apartment,1565,3,3,18,14,2013,13,Fair,Fully Furnished,1,0,0,6.59,0,1,52.7,18783000
1449,Dhaka,Apartment,1192,1,1,11,3,2022,4,New,Semi-Furnished,0,0,0,1.35,0,1,48.5,14235000
1450,Barishal,Condo,1126,3,3,15,9,1994,32,New,Unfurnished,2,0,0,7.06,1,1,41.6,9653000
1451,Chattogram,Apartment,2653,5,4,23,1,1994,32,Good,Semi-Furnished,0,0,0,2.43,1,1,34.4,19948000
1452,Mymensingh,Townhouse,1078,3,2,1,0,2005,21,Fair,Semi-Furnished,0,0,0,4.79,0,1,24.7,6519000
1453,Chattogram,Apartment,1848,3,2,9,8,2025,1,New,Unfurnished,3,0,0,2.47,1,0,34.9,26766000
1454,Mymensingh,Apartment,1383,2,2,7,6,2014,12,New,Semi-Furnished,0,0,0,2.07,0,0,37.5,5961000
1455,Sylhet,Townhouse,1970,3,4,3,1,1988,38,Good,Unfurnished,1,0,0,7.9,0,0,75.2,5103000
1456,Khulna,House,1261,2,2,1,0,2025,1,Good,Unfurnished,1,1,0,12.29,0,0,52.6,6088000
1457,Rangpur,Apartment,1287,2,1,23,19,2010,16,Good,Unfurnished,1,0,0,2.13,1,1,29.2,4112000
1458,Mymensingh,House,1804,3,3,3,1,2018,8,New,Unfurnished,0,1,0,18.71,0,0,48.8,7083000
1459,Khulna,House,2439,2,2,1,0,2013,13,Good,Unfurnished,1,0,0,14.48,1,1,44.5,16063000
1460,Rajshahi,Apartment,2035,4,5,20,8,1999,27,Excellent,Semi-Furnished,0,0,0,31.22,0,1,76.1,6111000
1461,Dhaka,Condo,1061,2,1,7,4,2024,2,Good,Semi-Furnished,1,0,0,2.46,1,0,57.5,16740000
1462,Khulna,Apartment,1247,1,1,19,4,2002,24,Good,Semi-Furnished,2,0,0,13.34,0,0,81.1,4125000
1463,Sylhet,Condo,1095,2,3,8,4,1990,36,Needs Renovation,Fully Furnished,1,0,0,11.98,1,0,61.7,5304000
1464,Chattogram,Apartment,2016,3,3,9,1,2009,17,New,Unfurnished,0,0,0,19.82,0,0,43.9,8944000
1465,Mymensingh,Apartment,1907,4,4,17,15,1985,41,Fair,Unfurnished,0,0,0,10.29,0,0,38.3,5247000
1466,Sylhet,Apartment,2535,4,3,16,0,2024,2,Fair,Semi-Furnished,1,0,0,23.9,0,0,70.0,4336000
1467,Chattogram,Apartment,1428,3,3,14,12,2024,2,Good,Unfurnished,2,0,1,8.93,1,0,38.0,13273000
1468,Rangpur,Condo,614,1,2,21,4,1997,29,Good,Unfurnished,2,0,0,6.54,0,0,52.5,1995000
1469,Barishal,Townhouse,1245,2,2,1,0,2018,8,Good,Fully Furnished,1,1,0,4.12,1,1,42.1,9259000
1470,Khulna,Condo,2012,3,2,19,19,2000,26,Good,Unfurnished,2,0,1,14.04,1,1,44.0,7715000
1471,Chattogram,House,1065,2,2,1,0,2025,1,Fair,Fully Furnished,1,0,0,7.34,0,1,40.4,16343000
1472,Barishal,Apartment,640,1,1,15,8,2000,26,Fair,Semi-Furnished,0,0,0,6.7,0,1,54.4,2875000
1473,Dhaka,Apartment,2168,4,3,16,15,2015,11,New,Unfurnished,0,0,0,9.84,0,0,29.5,15061000
1474,Mymensingh,Condo,2689,5,4,10,0,2002,24,Needs Renovation,Fully Furnished,0,0,0,9.82,0,1,50.2,5548000
1475,Chattogram,Apartment,2109,4,4,25,18,2021,5,Needs Renovation,Semi-Furnished,1,0,0,7.13,1,0,61.4,15178000
1476,Chattogram,House,1468,2,3,2,0,1989,37,New,Semi-Furnished,3,0,0,5.55,1,0,39.8,18715000
1477,Chattogram,Apartment,1642,3,3,12,3,1986,40,Fair,Semi-Furnished,0,0,0,22.06,0,1,94.6,5163000
1478,Sylhet,Apartment,2442,3,3,9,0,2015,11,Good,Semi-Furnished,1,0,0,10.78,0,1,58.9,11319000
1479,Mymensingh,Apartment,2231,4,3,23,9,1993,33,Good,Unfurnished,0,0,0,6.11,0,1,29.3,6815000
1480,Barishal,Apartment,2371,4,3,17,2,1987,39,Good,Semi-Furnished,0,0,0,2.72,1,1,15.0,6708000
1481,Mymensingh,Apartment,1822,3,3,6,5,1997,29,Good,Semi-Furnished,1,0,0,5.89,1,0,28.3,9834000
1482,Dhaka,Condo,1951,3,4,13,1,2012,14,Fair,Semi-Furnished,0,0,0,7.91,1,1,27.6,22841000
1483,Chattogram,Townhouse,1595,2,2,3,1,1985,41,New,Semi-Furnished,0,0,0,9.33,1,1,71.7,27482000
1484,Sylhet,Apartment,1227,2,1,17,0,2005,21,Fair,Semi-Furnished,1,0,0,8.74,0,1,43.8,5278000
1485,Barishal,Apartment,887,2,2,23,1,2005,21,Good,Semi-Furnished,2,0,0,3.72,0,0,38.0,5751000
1486,Rangpur,Apartment,1573,1,1,25,11,1987,39,Fair,Unfurnished,2,0,0,4.06,0,1,27.4,7451000
1487,Sylhet,Apartment,2657,3,3,23,18,1986,40,Needs Renovation,Unfurnished,1,0,0,16.52,0,0,50.4,5109000
1488,Chattogram,Duplex,2023,3,3,1,0,2008,18,Needs Renovation,Unfurnished,0,0,0,2.05,0,1,26.1,15375000
1489,Chattogram,Apartment,2063,3,3,6,5,2004,22,Good,Semi-Furnished,2,0,0,11.56,1,0,48.3,20519000
1490,Barishal,Townhouse,698,1,1,1,1,1995,31,Excellent,Semi-Furnished,1,0,0,1.08,1,1,59.0,4737000
1491,Khulna,Apartment,2061,4,5,9,1,2000,26,Good,Semi-Furnished,1,0,0,13.33,1,0,36.5,7212000
1492,Dhaka,Condo,1547,3,4,23,16,2007,19,Fair,Unfurnished,0,0,0,14.83,0,1,71.9,17340000
1493,Khulna,Townhouse,1113,1,1,3,2,1985,41,Good,Semi-Furnished,0,0,0,12.15,0,0,52.3,3928000
1494,Rajshahi,Condo,1518,2,1,20,12,2022,4,Fair,Unfurnished,0,0,0,4.25,1,1,47.6,6004000
1495,Rangpur,Apartment,1487,3,3,24,20,2017,9,Excellent,Semi-Furnished,0,0,0,5.98,0,0,61.9,6273000
1496,Barishal,Apartment,985,3,4,16,13,2020,6,New,Semi-Furnished,0,0,0,8.89,0,1,73.5,7355000
1497,Chattogram,Duplex,1914,3,4,1,0,2005,21,Good,Semi-Furnished,2,1,0,1.52,0,1,37.4,10704000
1498,Rangpur,House,1516,2,2,3,0,1996,30,Excellent,Semi-Furnished,3,0,0,2.44,1,0,30.2,6423000
1499,Mymensingh,Apartment,1308,2,2,10,3,2002,24,Good,Unfurnished,0,0,0,7.58,1,1,55.1,5028000
1500,Sylhet,Apartment,1207,1,1,12,6,2004,22,Excellent,Fully Furnished,0,0,0,5.01,1,0,51.2,15559000
1501,Sylhet,Apartment,794,2,3,16,0,2013,13,Good,Unfurnished,2,0,0,5.92,0,1,68.2,4185000
1502,Barishal,Apartment,1736,3,3,16,10,2022,4,Excellent,Unfurnished,0,0,0,5.82,1,0,56.0,6086000
1503,Khulna,House,1269,1,1,3,2,2023,3,New,Semi-Furnished,0,1,0,3.09,0,0,41.3,14577000
1504,Rangpur,Condo,1289,2,2,10,0,2021,5,Good,Fully Furnished,0,0,0,7.37,0,1,31.7,8687000
1505,Barishal,House,2193,3,3,2,1,2024,2,New,Semi-Furnished,0,1,0,1.84,1,0,38.9,20615000
1506,Chattogram,Duplex,3657,4,4,1,0,2006,20,Excellent,Semi-Furnished,2,1,1,7.5,1,0,73.9,43611000
1507,Mymensingh,Duplex,2416,2,2,2,1,1995,31,Fair,Fully Furnished,1,1,0,13.92,1,1,58.2,16892000
1508,Dhaka,Condo,1883,2,2,22,18,2005,21,New,Fully Furnished,0,0,0,13.59,0,0,54.2,43744000
1509,Rajshahi,Condo,1729,3,4,12,7,2020,6,Good,Unfurnished,0,0,0,5.7,0,1,44.0,6807000
1510,Dhaka,Townhouse,2819,5,6,1,1,1994,32,Good,Unfurnished,0,0,0,8.27,0,1,36.1,14120000
1511,Barishal,Apartment,1031,1,2,7,5,2009,17,Good,Semi-Furnished,0,0,0,14.08,0,0,52.1,5557000
1512,Barishal,House,2487,3,3,1,0,2001,25,New,Semi-Furnished,1,0,0,3.6,1,1,54.5,18461000
1513,Dhaka,Apartment,2098,4,5,6,5,2017,9,Fair,Semi-Furnished,0,0,0,1.22,1,0,39.5,22193000
1514,Rajshahi,Apartment,1199,1,1,20,19,2009,17,Good,Unfurnished,1,0,0,2.91,1,0,31.0,8094000
1515,Mymensingh,Apartment,2349,4,4,6,5,1996,30,New,Unfurnished,0,0,0,9.97,1,0,59.1,5073000
1516,Sylhet,House,1827,3,4,2,1,2026,0,Good,Fully Furnished,0,1,0,10.56,1,0,26.5,8113000
1517,Rajshahi,House,2353,3,4,2,0,2007,19,Fair,Unfurnished,0,0,0,2.48,1,1,73.0,13833000
1518,Khulna,Condo,1159,3,4,24,24,2023,3,Good,Semi-Furnished,1,0,0,1.09,1,0,5.0,11902000
1519,Dhaka,Duplex,1282,1,2,3,2,1990,36,Excellent,Semi-Furnished,1,0,0,5.24,0,0,43.5,18950000
1520,Dhaka,House,1012,1,1,2,1,2000,26,Excellent,Fully Furnished,1,0,0,24.86,0,0,62.6,16435000
1521,Rajshahi,Apartment,1190,1,1,25,7,1995,31,New,Unfurnished,0,0,0,1.69,0,1,33.9,5580000
1522,Dhaka,Condo,1777,3,4,14,2,2007,19,Good,Fully Furnished,0,0,0,3.92,1,0,33.6,47628000
1523,Chattogram,House,2187,3,3,2,1,2023,3,Good,Unfurnished,1,1,0,4.46,0,0,42.6,30175000
1524,Sylhet,Apartment,1165,1,2,16,1,2002,24,Excellent,Unfurnished,1,0,0,20.88,0,0,56.0,6637000
1525,Mymensingh,Townhouse,1603,2,2,2,1,1989,37,Excellent,Unfurnished,2,1,0,35.04,0,0,67.2,1741000
1526,Rangpur,Apartment,1149,1,1,24,6,2001,25,Good,Unfurnished,0,0,0,13.95,0,0,50.2,2323000
1527,Barishal,Apartment,1670,3,3,19,17,2010,16,New,Unfurnished,2,0,0,20.85,0,0,49.9,3570000
1528,Barishal,Townhouse,1782,3,3,2,1,2000,26,Excellent,Unfurnished,0,0,0,10.62,1,0,58.1,8171000
1529,Mymensingh,Condo,1540,2,1,9,2,2025,1,New,Semi-Furnished,2,0,0,17.49,0,0,61.2,5905000
1530,Rajshahi,Apartment,1503,3,4,18,7,2007,19,Good,Semi-Furnished,0,0,1,8.03,0,1,63.7,3043000
1531,Rangpur,Apartment,2643,5,5,18,18,2023,3,Good,Unfurnished,0,0,0,14.84,0,1,48.5,4046000
1532,Khulna,Condo,2127,3,4,8,2,1998,28,Good,Fully Furnished,1,0,0,4.6,0,0,56.9,18008000
1533,Sylhet,Apartment,884,1,1,11,7,1994,32,Good,Semi-Furnished,2,0,0,6.76,1,1,41.7,5333000
1534,Dhaka,Apartment,1165,2,2,14,10,2025,1,Excellent,Fully Furnished,1,0,0,5.27,1,1,5.0,26552000
1535,Mymensingh,Apartment,1282,2,2,16,6,2006,20,Good,Semi-Furnished,0,0,0,5.83,0,1,44.2,5952000
1536,Mymensingh,Condo,2163,4,4,7,2,2006,20,Excellent,Unfurnished,0,0,0,10.02,0,0,59.9,15274000
1537,Rajshahi,Apartment,1454,1,1,17,13,2025,1,Fair,Unfurnished,1,0,0,14.86,0,0,43.6,3813000
1538,Rajshahi,Duplex,1671,1,1,1,0,2024,2,Fair,Fully Furnished,1,1,0,18.38,1,0,76.8,9523000
1539,Rajshahi,Townhouse,790,1,1,1,1,2002,24,New,Semi-Furnished,0,1,0,20.28,0,0,48.2,3607000
1540,Khulna,House,1638,2,3,1,0,2000,26,Excellent,Semi-Furnished,2,0,0,1.62,0,1,47.7,7666000
1541,Khulna,Apartment,1414,2,3,21,5,2017,9,Fair,Unfurnished,0,0,0,8.29,0,0,59.9,7370000
1542,Mymensingh,Apartment,1727,2,2,6,2,2005,21,Fair,Unfurnished,0,0,0,0.84,1,0,30.3,9849000
1543,Chattogram,House,546,1,1,1,1,1994,32,Fair,Unfurnished,0,0,0,2.77,1,1,45.3,7267000
1544,Sylhet,Apartment,1452,3,3,15,10,1994,32,New,Unfurnished,1,0,0,4.66,1,1,20.0,14425000
1545,Sylhet,Apartment,2663,5,5,13,2,1990,36,Fair,Semi-Furnished,0,0,1,9.65,0,0,93.6,10947000
1546,Dhaka,House,2887,4,3,3,0,2008,18,Good,Semi-Furnished,0,0,1,2.04,1,0,53.4,21217000
1547,Khulna,Condo,1670,2,1,23,19,1990,36,Needs Renovation,Semi-Furnished,1,0,0,27.05,0,0,85.1,1809000
1548,Rangpur,House,1814,3,4,1,0,2016,10,Excellent,Fully Furnished,1,1,0,2.02,1,1,42.8,6694000
1549,Rajshahi,House,2487,3,2,3,2,2026,0,Good,Unfurnished,0,0,0,2.02,1,0,48.4,4915000
1550,Khulna,Apartment,1274,1,1,9,7,1994,32,Excellent,Semi-Furnished,1,0,0,4.35,0,0,29.6,10519000
1551,Khulna,House,1975,3,2,3,1,2003,23,New,Fully Furnished,1,1,0,12.06,1,0,54.0,14812000
1552,Mymensingh,Apartment,1859,4,5,17,1,2016,10,Good,Semi-Furnished,1,0,0,1.3,1,0,56.1,3809000
1553,Khulna,House,2390,4,3,1,0,2005,21,Fair,Semi-Furnished,0,1,0,14.83,0,1,66.5,9328000
1554,Dhaka,Apartment,1221,2,3,18,7,1993,33,Needs Renovation,Unfurnished,0,0,0,10.13,0,0,44.3,10390000
1555,Chattogram,Apartment,2193,4,4,11,3,2004,22,Excellent,Unfurnished,1,0,0,5.3,0,0,28.8,23684000
1556,Sylhet,Apartment,1830,2,3,11,2,2018,8,Fair,Unfurnished,0,0,0,6.27,1,1,37.8,14517000
1557,Chattogram,Condo,1928,4,4,15,5,2000,26,Good,Semi-Furnished,2,0,0,4.66,0,1,31.3,13548000
1558,Rajshahi,House,1436,1,1,2,1,2002,24,Good,Semi-Furnished,1,1,0,0.72,1,1,31.9,7047000
1559,Mymensingh,Apartment,1789,3,3,6,4,1991,35,New,Semi-Furnished,1,0,0,6.91,0,0,50.8,11504000
1560,Rangpur,Apartment,2060,2,2,18,2,1990,36,Good,Unfurnished,1,0,0,4.17,1,1,37.7,6148000
1561,Khulna,Apartment,979,3,3,21,14,1990,36,Needs Renovation,Fully Furnished,1,0,0,7.63,0,0,74.8,2744000
1562,Rangpur,Apartment,1768,3,2,8,6,2026,0,Needs Renovation,Unfurnished,1,0,0,4.48,0,0,5.0,6756000
1563,Mymensingh,Duplex,1915,3,3,3,1,1988,38,Needs Renovation,Unfurnished,0,0,0,3.66,1,1,25.3,9947000
1564,Dhaka,Apartment,2234,4,4,6,1,2002,24,Fair,Semi-Furnished,0,0,0,5.42,1,1,38.9,38597000
1565,Barishal,House,837,1,1,2,0,2023,3,Needs Renovation,Unfurnished,0,0,0,14.59,0,0,45.7,2877000
1566,Rangpur,Apartment,1694,2,1,9,6,1989,37,Good,Semi-Furnished,0,0,0,3.85,1,1,56.9,8842000
1567,Khulna,House,1704,3,4,3,0,1987,39,New,Semi-Furnished,0,1,0,8.1,1,1,54.8,5870000
1568,Dhaka,Condo,1682,4,4,23,9,1990,36,Good,Fully Furnished,1,0,0,15.91,0,0,78.1,28191000
1569,Khulna,House,1273,1,2,3,1,2010,16,Good,Semi-Furnished,0,1,0,15.91,0,0,49.8,5894000
1570,Barishal,Apartment,2478,4,3,22,14,1987,39,Good,Semi-Furnished,0,0,0,1.47,1,0,33.8,5858000
1571,Rangpur,Apartment,1333,1,1,24,16,2000,26,New,Semi-Furnished,0,0,0,4.35,1,0,50.8,8486000
1572,Barishal,Townhouse,2084,3,4,2,1,2014,12,New,Semi-Furnished,0,1,0,3.04,1,0,36.4,18807000
1573,Sylhet,Duplex,1684,1,1,3,1,2010,16,Good,Unfurnished,0,0,0,36.15,0,0,82.0,3306000
1574,Sylhet,Townhouse,1714,3,2,1,1,1985,41,Fair,Semi-Furnished,1,1,0,5.26,0,0,39.8,11277000
1575,Rangpur,Duplex,2216,3,2,2,0,2021,5,Needs Renovation,Fully Furnished,1,0,0,9.22,1,0,65.6,6950000
1576,Rangpur,Apartment,1617,4,4,16,12,2005,21,Good,Semi-Furnished,0,0,0,6.7,1,0,58.2,4139000
1577,Barishal,Apartment,1684,3,3,16,4,1994,32,New,Semi-Furnished,1,0,0,0.67,0,0,54.6,13632000
1578,Barishal,Townhouse,1776,3,2,2,1,1987,39,Good,Unfurnished,1,1,0,5.87,1,1,52.6,9644000
1579,Dhaka,Apartment,1126,3,3,18,13,2023,3,Fair,Unfurnished,0,0,0,2.04,1,1,38.4,18112000
1580,Khulna,Apartment,1708,4,4,21,21,1996,30,Excellent,Semi-Furnished,1,0,0,10.5,0,0,53.6,3905000
1581,Rajshahi,Apartment,2475,3,2,12,11,2013,13,New,Unfurnished,1,0,0,8.08,0,1,71.6,8541000
1582,Chattogram,Apartment,459,1,1,14,7,1999,27,Good,Semi-Furnished,1,0,0,20.52,0,0,43.3,3516000
1583,Rangpur,Apartment,1472,3,3,10,1,2008,18,Good,Semi-Furnished,1,0,0,4.06,1,1,24.5,8691000
1584,Rangpur,Apartment,1539,2,2,22,17,1998,28,Good,Semi-Furnished,1,0,0,6.26,0,0,60.1,6216000
1585,Barishal,Apartment,2111,3,3,24,21,2011,15,Needs Renovation,Semi-Furnished,1,0,0,0.98,1,0,14.1,10411000
1586,Dhaka,Apartment,1274,1,2,19,15,1990,36,Fair,Fully Furnished,0,0,0,6.46,0,0,35.4,4764000
1587,Sylhet,Apartment,1476,3,3,9,5,2007,19,Good,Semi-Furnished,1,0,0,8.73,0,1,38.3,8246000
1588,Dhaka,Apartment,1258,2,2,19,11,2012,14,Fair,Semi-Furnished,1,0,0,1.82,0,1,53.6,18592000
1589,Mymensingh,Townhouse,1589,2,2,2,1,2014,12,Excellent,Semi-Furnished,1,1,0,5.34,0,1,75.9,8274000
1590,Chattogram,House,2086,3,4,2,0,2013,13,Excellent,Fully Furnished,1,0,0,12.02,0,1,62.5,19732000
1591,Barishal,House,2091,2,3,1,0,2023,3,Excellent,Unfurnished,0,0,0,5.09,1,1,59.1,14476000
1592,Rajshahi,Apartment,2299,5,5,21,6,1999,27,Good,Semi-Furnished,2,0,0,20.92,0,0,47.6,9009000
1593,Barishal,Condo,1842,3,3,20,14,1990,36,Good,Fully Furnished,0,0,0,2.5,1,0,35.8,11316000
1594,Dhaka,Apartment,1256,2,2,7,6,2002,24,Good,Semi-Furnished,0,0,0,10.89,1,0,41.2,11721000
1595,Sylhet,Condo,1068,2,2,22,14,1989,37,New,Semi-Furnished,1,0,0,3.26,0,0,68.8,4739000
1596,Rajshahi,Apartment,1145,1,1,8,6,1990,36,Excellent,Unfurnished,0,0,0,7.34,0,0,82.3,4827000
1597,Chattogram,House,2007,3,3,1,1,2018,8,Good,Unfurnished,0,1,0,3.79,1,1,61.1,27742000
1598,Dhaka,Apartment,1559,1,1,22,0,1991,35,Needs Renovation,Fully Furnished,2,0,0,13.76,0,0,66.6,12600000
1599,Chattogram,House,786,1,1,1,1,2025,1,Fair,Semi-Furnished,1,0,0,10.61,0,0,40.4,5799000
1600,Rangpur,Duplex,1386,1,1,3,1,2024,2,Needs Renovation,Semi-Furnished,1,0,0,7.15,0,0,53.6,3761000
1601,Chattogram,House,3450,5,5,1,0,1989,37,Fair,Unfurnished,0,1,0,15.36,1,1,87.1,32609000
1602,Chattogram,Townhouse,1066,1,1,2,0,2013,13,Excellent,Unfurnished,0,0,0,2.23,0,1,41.5,4138000
1603,Dhaka,Townhouse,670,1,1,2,1,2016,10,Good,Unfurnished,1,0,0,0.84,0,0,46.9,11904000
1604,Khulna,Apartment,2012,3,4,24,23,1993,33,New,Semi-Furnished,1,0,0,3.78,0,1,66.4,15372000
1605,Chattogram,Condo,1741,4,3,24,24,2010,16,Fair,Unfurnished,1,0,0,1.98,0,0,41.4,5312000
1606,Rajshahi,Duplex,2970,5,4,2,1,2011,15,Fair,Fully Furnished,0,0,0,1.82,0,1,15.6,19328000
1607,Barishal,Apartment,1260,1,1,22,1,2011,15,Fair,Semi-Furnished,0,0,0,7.08,0,0,48.6,3669000
1608,Mymensingh,Apartment,1203,2,2,10,10,2024,2,Good,Unfurnished,0,0,0,4.96,1,1,68.7,5985000
1609,Mymensingh,Apartment,1458,2,2,12,0,1991,35,Good,Fully Furnished,0,0,0,4.52,1,0,49.3,9258000
1610,Dhaka,Apartment,1237,3,3,25,25,2013,13,Needs Renovation,Unfurnished,1,0,0,6.31,0,1,29.0,10384000
1611,Rangpur,Condo,749,1,2,21,20,1987,39,New,Semi-Furnished,1,0,0,8.15,1,1,61.1,6949000
1612,Khulna,Apartment,1619,3,3,11,3,2006,20,Excellent,Fully Furnished,0,0,0,10.61,0,0,52.4,12207000
1613,Chattogram,Apartment,1485,3,3,6,5,2008,18,Fair,Fully Furnished,0,0,0,1.43,0,1,59.4,16101000
1614,Khulna,Apartment,1881,3,2,6,4,1990,36,Fair,Fully Furnished,0,0,0,2.01,0,0,22.0,10499000
1615,Dhaka,Duplex,1175,1,1,2,0,2025,1,Good,Fully Furnished,0,0,0,10.08,1,0,38.9,8340000
1616,Mymensingh,House,970,1,1,3,0,2026,0,New,Unfurnished,0,0,0,5.66,1,0,29.5,7674000
1617,Barishal,Apartment,1156,1,1,10,6,1998,28,Fair,Unfurnished,0,0,0,10.9,0,1,47.6,2463000
1618,Barishal,Apartment,2563,4,4,23,0,2006,20,New,Unfurnished,0,0,0,3.37,1,0,49.0,11789000
1619,Rangpur,Condo,976,2,3,15,10,2017,9,Good,Semi-Furnished,1,0,0,2.21,1,0,53.4,5283000
1620,Chattogram,Apartment,1551,3,3,9,0,2015,11,Fair,Semi-Furnished,1,0,0,3.01,1,0,35.0,6838000
1621,Barishal,Apartment,1297,3,3,17,14,2004,22,Excellent,Unfurnished,2,0,0,0.96,0,1,47.6,10379000
1622,Mymensingh,Apartment,1198,1,1,8,0,1987,39,Good,Semi-Furnished,0,0,0,6.28,1,1,55.6,5025000
1623,Chattogram,Duplex,1819,2,3,3,1,1988,38,Needs Renovation,Fully Furnished,1,1,0,5.35,1,0,35.1,10245000
1624,Rajshahi,House,3187,5,5,1,0,1995,31,Excellent,Fully Furnished,0,0,0,2.81,1,1,56.2,34142000
1625,Khulna,Duplex,1717,2,3,3,1,2001,25,New,Unfurnished,0,0,0,3.61,0,1,48.9,14637000
1626,Sylhet,Apartment,1970,4,4,9,9,1998,28,Fair,Semi-Furnished,1,0,0,12.45,1,1,38.5,15603000
1627,Khulna,Condo,1796,4,4,24,13,2021,5,Excellent,Semi-Furnished,1,0,0,0.78,1,1,27.2,8498000
1628,Rajshahi,Apartment,1518,1,1,24,17,1990,36,New,Semi-Furnished,0,0,0,2.66,1,1,66.4,7138000
1629,Chattogram,Apartment,1097,2,2,18,8,2025,1,Needs Renovation,Unfurnished,0,0,0,19.68,0,0,40.1,5942000
1630,Rajshahi,Apartment,1099,2,2,9,3,2011,15,Excellent,Semi-Furnished,0,0,0,5.37,1,1,57.6,3918000
1631,Rangpur,Apartment,1484,3,4,14,9,1989,37,Good,Unfurnished,1,0,0,8.99,1,0,30.0,7252000
1632,Dhaka,House,1237,1,1,1,0,1991,35,New,Unfurnished,1,0,0,1.82,0,1,45.5,10092000
1633,Dhaka,Apartment,1426,3,4,9,6,2001,25,Fair,Semi-Furnished,2,0,0,8.67,1,0,50.5,14767000
1634,Dhaka,Apartment,729,1,2,13,6,2013,13,Excellent,Unfurnished,0,0,0,10.95,1,1,43.6,4608000
1635,Rangpur,House,1730,2,2,2,1,1991,35,Good,Semi-Furnished,0,1,0,11.21,1,1,75.8,5349000
1636,Chattogram,Condo,1090,1,1,19,0,2022,4,Good,Unfurnished,0,0,0,8.96,1,0,46.3,10601000
1637,Mymensingh,Apartment,1634,2,3,24,9,1998,28,Needs Renovation,Fully Furnished,1,0,0,5.14,1,1,41.5,8439000
1638,Barishal,House,1413,3,3,3,1,2026,0,Good,Semi-Furnished,1,1,0,1.28,1,0,56.6,5412000
1639,Rajshahi,Condo,590,1,1,14,0,2008,18,Excellent,Semi-Furnished,1,0,0,9.46,0,1,47.3,2359000
1640,Barishal,Condo,2324,3,3,14,8,1987,39,Fair,Semi-Furnished,1,0,0,9.89,1,1,49.3,11561000
1641,Rangpur,House,2258,2,1,3,1,1986,40,Good,Semi-Furnished,2,1,0,9.73,1,0,57.8,5947000
1642,Chattogram,Apartment,1188,2,2,22,7,2019,7,Good,Semi-Furnished,1,0,0,5.7,1,0,73.4,15165000
1643,Rangpur,Duplex,3203,3,3,2,0,2021,5,Good,Unfurnished,0,1,0,7.64,1,0,52.9,5758000
1644,Rangpur,Apartment,1579,3,3,9,6,2004,22,Needs Renovation,Unfurnished,1,0,0,1.97,1,0,26.2,4123000
1645,Khulna,Condo,1166,1,1,21,16,2022,4,Excellent,Unfurnished,2,0,0,11.62,1,1,40.2,7335000
1646,Mymensingh,Apartment,1613,3,2,23,21,1992,34,Needs Renovation,Semi-Furnished,1,0,0,15.04,1,0,79.9,2542000
1647,Rajshahi,Townhouse,2413,4,4,1,1,2011,15,Fair,Semi-Furnished,0,0,1,7.57,0,0,65.5,13994000
1648,Dhaka,Condo,1753,2,3,22,6,2019,7,Good,Unfurnished,0,0,0,11.92,0,0,49.4,17968000
1649,Barishal,House,1599,2,2,2,0,2015,11,Excellent,Unfurnished,1,0,0,6.52,0,0,44.6,5698000
1650,Chattogram,Apartment,1077,2,2,14,4,1987,39,Good,Semi-Furnished,3,0,0,2.16,0,1,8.6,14308000
1651,Dhaka,Condo,1559,3,2,9,5,1995,31,Excellent,Fully Furnished,1,0,0,8.32,1,1,48.5,33341000
1652,Khulna,Apartment,2021,4,3,13,0,2013,13,Good,Semi-Furnished,1,0,0,0.79,1,0,24.7,4705000
1653,Barishal,Apartment,742,1,1,6,2,1993,33,Excellent,Semi-Furnished,0,0,0,9.03,0,0,43.0,1427000
1654,Chattogram,Duplex,2401,3,2,2,1,2018,8,Excellent,Semi-Furnished,1,0,0,4.56,0,0,34.2,18429000
1655,Barishal,House,2071,2,1,2,0,2019,7,Excellent,Unfurnished,0,0,0,2.51,1,0,15.5,10813000
1656,Barishal,Apartment,1080,1,1,16,10,2022,4,New,Unfurnished,0,0,0,14.63,0,1,53.8,4070000
1657,Barishal,Apartment,1103,2,2,24,23,1992,34,Fair,Fully Furnished,1,0,0,2.88,1,1,21.2,4220000
1658,Rangpur,House,1742,1,1,2,1,2017,9,Good,Fully Furnished,0,0,0,11.07,0,0,49.3,6748000
1659,Barishal,House,2367,3,2,1,0,2017,9,Good,Fully Furnished,0,1,0,6.73,1,1,17.1,10515000
1660,Rajshahi,Apartment,1837,2,3,20,8,1991,35,Good,Unfurnished,0,0,0,13.31,1,0,41.3,4869000
1661,Sylhet,Duplex,1995,2,1,2,1,1992,34,Fair,Fully Furnished,2,0,0,1.66,1,1,35.8,10867000
1662,Rajshahi,Apartment,1829,4,3,7,5,2003,23,Needs Renovation,Unfurnished,1,0,0,24.93,0,0,82.3,1855000
1663,Khulna,Apartment,1002,3,4,19,13,2017,9,New,Fully Furnished,0,0,0,12.55,1,0,36.1,7096000
1664,Chattogram,Apartment,1584,2,3,23,10,1995,31,New,Semi-Furnished,0,0,0,3.48,0,0,42.8,10324000
1665,Rangpur,Apartment,620,1,1,6,0,1987,39,Good,Semi-Furnished,0,0,0,3.64,1,1,33.6,1164000
1666,Khulna,House,1026,2,3,1,1,2022,4,New,Fully Furnished,0,0,0,7.01,0,1,17.6,7616000
1667,Rajshahi,Apartment,1940,4,5,20,13,2010,16,Excellent,Fully Furnished,2,0,0,6.09,0,1,25.1,8084000
1668,Rangpur,Apartment,1894,2,3,15,8,1986,40,Excellent,Semi-Furnished,1,0,0,6.42,1,1,65.4,10619000
1669,Chattogram,House,1080,1,1,2,0,2004,22,Good,Semi-Furnished,2,1,0,3.3,1,1,58.0,5611000
1670,Rangpur,Apartment,1190,2,2,6,1,2025,1,Good,Semi-Furnished,1,0,0,11.99,0,0,22.8,4295000
1671,Chattogram,Townhouse,3119,5,5,1,0,2000,26,Good,Semi-Furnished,2,1,0,2.84,1,1,35.6,37137000
1672,Rajshahi,Apartment,1350,1,1,22,13,2016,10,Fair,Semi-Furnished,3,0,0,3.82,0,1,37.8,6054000
1673,Barishal,House,1336,1,1,2,1,2020,6,Good,Unfurnished,0,0,0,8.06,1,0,50.8,7972000
1674,Rangpur,Condo,1807,3,4,9,4,2012,14,Excellent,Fully Furnished,1,0,1,3.11,1,1,30.4,10991000
1675,Barishal,Apartment,1867,3,2,24,16,2007,19,Good,Semi-Furnished,1,0,0,2.51,0,1,24.0,10095000
1676,Khulna,Condo,1279,3,4,19,13,1998,28,Excellent,Semi-Furnished,0,0,0,1.37,1,1,24.0,16229000
1677,Chattogram,Duplex,1856,2,2,1,0,2018,8,Excellent,Semi-Furnished,1,0,0,10.91,0,1,28.2,10284000
1678,Sylhet,Apartment,1268,2,1,15,6,2005,21,Fair,Semi-Furnished,1,0,0,7.87,0,0,58.2,3398000
1679,Chattogram,Apartment,1026,3,3,9,6,2020,6,Good,Unfurnished,1,0,0,3.22,0,1,30.0,6242000
1680,Sylhet,Apartment,1870,3,4,19,13,2007,19,Good,Unfurnished,1,0,0,24.78,1,0,84.7,4760000
1681,Barishal,Apartment,1418,2,1,13,6,2025,1,Fair,Semi-Furnished,1,0,0,1.97,0,0,56.7,9295000
1682,Mymensingh,Apartment,1232,2,1,8,2,1990,36,Good,Unfurnished,0,0,0,13.58,0,0,74.3,3566000
1683,Khulna,Apartment,1532,3,3,24,22,2005,21,Needs Renovation,Fully Furnished,0,0,0,4.68,1,1,49.9,5743000
1684,Rajshahi,Apartment,1059,2,2,16,3,2021,5,New,Semi-Furnished,0,0,0,1.89,1,1,65.5,4321000
1685,Khulna,Apartment,1568,2,2,13,6,1997,29,Fair,Unfurnished,0,0,0,2.91,1,0,42.0,6866000
1686,Rangpur,Duplex,2334,2,3,1,0,1991,35,Fair,Unfurnished,1,1,0,4.32,1,0,38.6,13864000
1687,Khulna,Condo,703,1,2,8,7,2026,0,Fair,Semi-Furnished,0,0,0,4.19,1,1,45.8,5614000
1688,Khulna,Apartment,483,2,2,17,2,2009,17,Good,Semi-Furnished,1,0,0,3.45,1,1,61.6,2804000
1689,Rajshahi,House,2606,4,4,2,0,2006,20,Good,Fully Furnished,0,0,0,4.11,1,1,43.0,22330000
1690,Barishal,Apartment,578,1,2,9,9,1995,31,Good,Semi-Furnished,2,0,0,12.48,1,0,48.6,2513000
1691,Chattogram,Apartment,525,1,1,19,0,2022,4,Good,Semi-Furnished,1,0,0,7.52,0,0,44.5,4407000
1692,Sylhet,Apartment,1536,1,2,20,15,2016,10,Fair,Unfurnished,0,0,0,6.71,1,0,29.7,8334000
1693,Rangpur,Apartment,2157,4,4,16,11,2009,17,Good,Semi-Furnished,1,0,0,1.99,0,1,50.8,5583000
1694,Mymensingh,Duplex,1075,2,2,2,0,1988,38,Good,Unfurnished,0,0,0,7.51,0,0,47.9,6012000
1695,Mymensingh,Apartment,1299,1,2,20,19,2000,26,Good,Fully Furnished,2,0,0,8.06,0,1,36.6,7002000
1696,Chattogram,Apartment,1800,3,2,25,6,1988,38,Good,Fully Furnished,0,0,0,11.84,1,0,60.4,14841000
1697,Barishal,Apartment,2198,4,4,23,15,2020,6,Excellent,Unfurnished,0,0,0,9.96,1,1,53.9,6957000
1698,Sylhet,Apartment,1216,2,3,14,7,2017,9,New,Unfurnished,1,0,0,3.03,1,1,56.0,17663000
1699,Sylhet,House,2790,4,5,2,0,2000,26,Good,Unfurnished,0,1,0,7.95,0,0,17.7,20434000
1700,Chattogram,Apartment,2431,3,3,12,4,2026,0,Excellent,Unfurnished,0,0,0,3.51,0,1,39.5,35146000
1701,Rajshahi,Apartment,1158,2,2,20,20,2007,19,Needs Renovation,Unfurnished,0,0,0,4.41,0,1,34.8,1480000
1702,Barishal,Apartment,1337,1,1,24,20,2002,24,Excellent,Unfurnished,1,0,0,15.23,0,1,50.9,2869000
1703,Sylhet,Apartment,1688,3,2,22,17,2025,1,Good,Semi-Furnished,2,0,0,2.88,1,1,30.9,14753000
1704,Khulna,Apartment,1069,3,2,9,1,2005,21,Good,Unfurnished,1,0,0,8.95,0,1,62.9,7447000
1705,Rangpur,Apartment,1471,3,3,15,13,1995,31,New,Unfurnished,1,0,0,12.27,0,1,59.8,3623000
1706,Mymensingh,Condo,2269,4,4,13,4,2009,17,Good,Unfurnished,2,0,0,19.19,1,0,55.6,7490000
1707,Khulna,Condo,857,1,1,20,18,2007,19,New,Unfurnished,1,0,0,0.98,0,1,45.0,7681000
1708,Rangpur,Apartment,944,1,1,19,8,1990,36,Good,Fully Furnished,0,0,0,2.32,0,1,44.8,4785000
1709,Chattogram,Apartment,1243,1,1,23,3,2013,13,Good,Unfurnished,0,0,0,1.09,0,1,48.7,5803000
1710,Chattogram,House,2269,3,3,3,0,2003,23,New,Unfurnished,2,0,0,4.69,1,1,55.5,39839000
1711,Sylhet,Apartment,1865,3,2,9,7,2004,22,Fair,Unfurnished,0,0,0,3.81,1,0,28.2,9552000
1712,Rajshahi,Apartment,1196,2,2,25,3,2000,26,Good,Semi-Furnished,0,0,0,17.73,0,0,27.9,2496000
1713,Barishal,Apartment,1860,3,2,9,1,1997,29,New,Unfurnished,1,0,0,16.25,0,1,63.0,3980000
1714,Dhaka,House,3018,4,4,2,0,2010,16,Good,Unfurnished,1,1,0,3.65,0,1,66.2,25641000
1715,Dhaka,Condo,1383,2,2,25,23,1997,29,Good,Semi-Furnished,0,0,0,8.97,1,1,30.6,16729000
1716,Mymensingh,Apartment,1800,3,3,11,4,1988,38,New,Fully Furnished,0,0,0,1.91,0,0,8.2,14060000
1717,Sylhet,Apartment,1221,1,1,14,2,2012,14,Excellent,Fully Furnished,0,0,0,6.7,1,0,55.0,9352000
1718,Khulna,House,1873,2,1,3,0,2017,9,Good,Fully Furnished,0,0,0,5.61,1,1,11.0,22357000
1719,Rajshahi,Apartment,1514,3,4,13,1,2018,8,Good,Semi-Furnished,1,0,0,9.2,0,0,75.6,4455000
1720,Mymensingh,House,1809,1,1,2,1,2008,18,New,Semi-Furnished,2,0,0,8.17,1,0,30.6,10013000
1721,Rangpur,Apartment,2268,4,3,16,11,1989,37,Good,Fully Furnished,0,0,0,3.12,1,1,31.4,7104000
1722,Khulna,House,1099,2,2,2,0,2022,4,Good,Semi-Furnished,0,0,0,1.01,1,1,63.2,4740000
1723,Rangpur,Apartment,1193,3,2,16,0,2001,25,New,Unfurnished,2,0,0,2.96,0,0,17.3,8449000
1724,Dhaka,Townhouse,2511,3,3,1,0,1993,33,Good,Semi-Furnished,2,0,0,6.37,0,1,24.0,34720000
1725,Barishal,Condo,1682,3,3,20,10,2022,4,Good,Semi-Furnished,0,0,1,4.24,1,0,41.3,4328000
1726,Rangpur,Apartment,2336,3,3,24,8,1986,40,New,Fully Furnished,0,0,1,9.14,0,0,44.2,15981000
1727,Sylhet,Apartment,1837,3,3,6,4,1990,36,Good,Unfurnished,1,0,0,6.66,0,0,60.0,6102000
1728,Mymensingh,Condo,1550,3,3,6,2,1997,29,Good,Semi-Furnished,1,0,0,1.06,1,0,60.5,10652000
1729,Rangpur,Apartment,1750,3,3,9,3,2006,20,Good,Fully Furnished,0,0,0,6.43,1,0,47.5,8937000
1730,Barishal,Apartment,1700,4,4,8,7,2009,17,Fair,Unfurnished,0,0,0,6.9,1,0,41.0,8298000
1731,Rangpur,Apartment,1130,1,1,12,8,2015,11,Good,Unfurnished,1,0,0,25.22,0,0,50.5,1407000
1732,Mymensingh,Apartment,1532,2,2,16,10,2017,9,Good,Semi-Furnished,1,0,0,12.78,1,0,33.9,7080000
1733,Rangpur,Duplex,1722,2,1,2,1,2005,21,Good,Semi-Furnished,1,0,0,2.69,1,1,34.9,6611000
1734,Khulna,Duplex,1119,1,1,2,0,2011,15,Excellent,Unfurnished,0,1,1,5.69,0,1,50.9,8491000
1735,Dhaka,House,2136,2,2,3,1,1999,27,Good,Unfurnished,2,0,0,6.27,1,1,32.5,53068000
1736,Sylhet,House,1947,3,2,1,0,2014,12,Fair,Semi-Furnished,1,0,0,6.72,0,0,45.1,8635000
1737,Mymensingh,Apartment,1036,1,1,9,0,2004,22,Good,Semi-Furnished,1,0,0,2.0,0,1,45.5,7354000
1738,Rajshahi,House,1726,2,1,1,1,2014,12,Fair,Unfurnished,1,1,0,4.01,1,1,54.6,6107000
1739,Rangpur,Duplex,1113,1,2,3,1,2023,3,Fair,Semi-Furnished,1,1,0,3.77,0,1,18.9,6779000
1740,Sylhet,Apartment,1565,3,4,6,2,2018,8,New,Fully Furnished,0,0,0,10.8,1,1,45.4,9007000
1741,Rangpur,Condo,2421,4,4,20,11,2023,3,New,Fully Furnished,1,0,0,10.5,0,1,53.6,21350000
1742,Mymensingh,Apartment,2349,5,5,12,6,1993,33,Excellent,Fully Furnished,0,0,0,3.09,1,0,30.4,17194000
1743,Sylhet,Apartment,1741,3,4,24,6,1988,38,Fair,Semi-Furnished,1,0,0,3.45,1,0,44.1,15069000
1744,Barishal,Condo,827,1,1,19,3,1992,34,Fair,Unfurnished,0,0,0,9.42,0,1,27.7,4163000
1745,Barishal,Apartment,1224,1,1,23,4,2010,16,Good,Semi-Furnished,0,0,0,14.51,0,0,51.6,1796000
1746,Sylhet,Apartment,859,1,1,22,1,1998,28,Needs Renovation,Semi-Furnished,0,0,0,5.78,0,1,20.9,1995000
1747,Chattogram,House,2131,4,5,1,1,2001,25,Fair,Fully Furnished,1,1,0,5.71,1,0,35.6,22828000
1748,Khulna,Apartment,1274,1,1,19,0,2009,17,Good,Fully Furnished,1,0,0,2.43,1,0,31.5,10982000
1749,Khulna,Duplex,1810,3,3,3,1,1986,40,Good,Unfurnished,2,1,0,4.75,1,1,45.7,10497000
1750,Rangpur,Apartment,1336,3,3,10,10,2001,25,Good,Semi-Furnished,2,0,0,21.06,0,0,93.5,1650000
1751,Dhaka,Apartment,1354,1,1,24,9,2000,26,Good,Semi-Furnished,1,0,0,2.29,1,0,33.6,10992000
1752,Mymensingh,House,2050,2,2,2,1,2023,3,Good,Fully Furnished,0,0,0,1.76,1,1,23.9,14066000
1753,Sylhet,Apartment,1877,3,3,14,14,1986,40,Excellent,Semi-Furnished,1,0,0,4.73,1,0,70.5,18991000
1754,Rajshahi,Townhouse,2105,2,2,3,1,1991,35,New,Semi-Furnished,1,1,1,0.32,0,1,41.5,19884000
1755,Mymensingh,Duplex,2461,2,2,1,0,2013,13,Fair,Fully Furnished,0,1,0,3.21,0,1,41.1,17008000
1756,Khulna,Duplex,2691,3,3,3,1,2022,4,Excellent,Fully Furnished,0,1,1,4.4,1,0,44.8,31198000
1757,Rangpur,Townhouse,765,1,1,1,1,1989,37,Good,Unfurnished,1,1,1,6.26,1,1,83.4,3912000
1758,Barishal,Apartment,568,1,2,20,7,1991,35,Needs Renovation,Semi-Furnished,2,0,0,1.25,1,0,34.6,2939000
1759,Mymensingh,House,2499,4,3,3,0,2011,15,Good,Unfurnished,0,1,0,7.1,1,0,34.3,12294000
1760,Rajshahi,Apartment,2825,3,3,24,13,1987,39,New,Unfurnished,1,0,0,16.72,0,0,33.1,11376000
1761,Dhaka,Apartment,2306,3,2,19,0,2023,3,Excellent,Unfurnished,0,0,0,4.19,0,1,48.7,30151000
1762,Mymensingh,House,1143,1,1,2,1,1985,41,Good,Semi-Furnished,1,1,0,5.83,1,0,50.9,6140000
1763,Sylhet,Apartment,1687,3,2,15,4,1987,39,Excellent,Fully Furnished,1,0,0,2.83,0,1,57.8,11856000
1764,Rangpur,Apartment,1989,3,3,24,9,1991,35,Good,Fully Furnished,2,0,0,2.14,1,0,29.9,12802000
1765,Barishal,Apartment,1161,1,1,7,6,2026,0,Fair,Semi-Furnished,0,0,0,1.57,1,1,5.0,6176000
1766,Khulna,Apartment,2728,5,5,24,6,1992,34,Good,Unfurnished,0,0,0,18.77,1,0,43.2,9496000
1767,Dhaka,Apartment,1058,1,2,17,2,2017,9,Fair,Semi-Furnished,1,0,0,9.54,0,0,39.2,15843000
1768,Khulna,House,2001,3,3,2,1,1992,34,Excellent,Semi-Furnished,0,1,0,1.14,1,0,37.6,20349000
1769,Chattogram,Apartment,1948,3,3,18,12,1986,40,New,Semi-Furnished,1,0,0,19.03,1,0,61.0,6958000
1770,Dhaka,Apartment,1661,3,3,18,10,2026,0,Excellent,Semi-Furnished,0,0,0,8.07,0,1,68.1,25155000
1771,Dhaka,Duplex,1890,3,2,2,1,2009,17,New,Unfurnished,1,1,1,3.46,0,0,70.2,65682000
1772,Rajshahi,Apartment,1319,2,3,13,8,2014,12,Good,Fully Furnished,2,0,0,12.93,0,1,35.6,5338000
1773,Rangpur,Apartment,2539,4,5,15,2,2002,24,Excellent,Semi-Furnished,1,0,0,10.27,0,1,35.2,6305000
1774,Sylhet,Apartment,1919,3,3,24,18,2018,8,Fair,Fully Furnished,1,0,0,1.5,1,0,48.1,8185000
1775,Rajshahi,House,1977,3,3,2,1,2015,11,New,Fully Furnished,0,0,0,3.36,1,1,33.4,21502000
1776,Chattogram,Apartment,1471,3,4,18,15,2013,13,Good,Semi-Furnished,0,0,0,4.09,0,1,52.9,9340000
1777,Barishal,Condo,2001,3,3,16,5,1989,37,Good,Unfurnished,0,0,0,2.13,1,1,29.7,9429000
1778,Sylhet,Apartment,1220,1,1,7,6,2023,3,Excellent,Fully Furnished,0,0,0,5.33,1,1,47.1,9736000
1779,Rangpur,Apartment,1775,3,2,14,3,1988,38,Excellent,Semi-Furnished,1,0,0,1.98,1,0,55.8,11471000
1780,Dhaka,Apartment,1776,2,2,22,15,2005,21,Good,Semi-Furnished,0,0,0,0.93,1,0,51.7,18979000
1781,Khulna,Apartment,2132,5,5,22,14,1990,36,Good,Unfurnished,3,0,0,5.71,0,1,35.7,17322000
1782,Barishal,House,1219,2,2,1,1,2026,0,Good,Unfurnished,1,1,0,7.84,1,0,40.9,6667000
1783,Rangpur,Townhouse,1718,2,2,3,0,2010,16,Fair,Semi-Furnished,0,0,0,2.8,1,1,37.1,8042000
1784,Dhaka,Apartment,1608,3,4,8,0,2024,2,Excellent,Semi-Furnished,0,0,1,6.76,1,0,37.5,12853000
1785,Barishal,House,966,1,1,3,1,1995,31,Fair,Fully Furnished,0,1,1,4.32,1,0,25.7,6813000
1786,Barishal,Apartment,1906,3,3,18,4,2005,21,Excellent,Semi-Furnished,1,0,0,5.4,0,0,41.8,11804000
1787,Rajshahi,Condo,2707,5,5,12,12,2007,19,New,Unfurnished,3,0,0,9.86,1,1,52.2,21528000
1788,Mymensingh,Apartment,1399,2,2,8,0,2024,2,New,Semi-Furnished,0,0,0,8.97,0,0,39.5,6455000
1789,Khulna,Apartment,1571,2,3,8,7,1993,33,Good,Semi-Furnished,1,0,0,1.73,1,0,50.4,7020000
1790,Khulna,House,1580,3,3,3,1,1996,30,Good,Unfurnished,1,1,0,2.14,0,0,42.3,10059000
1791,Mymensingh,House,584,2,2,3,0,2003,23,Fair,Semi-Furnished,1,0,0,7.67,1,1,76.2,1132000
1792,Sylhet,Townhouse,1571,2,2,2,1,1990,36,Needs Renovation,Fully Furnished,2,1,0,28.6,0,0,87.5,6950000
1793,Chattogram,Apartment,757,2,2,18,8,1998,28,Good,Unfurnished,1,0,0,12.4,1,1,61.0,7729000
1794,Dhaka,House,1694,2,3,2,0,2005,21,Excellent,Semi-Furnished,1,0,0,6.86,1,0,30.0,16643000
1795,Barishal,Apartment,2129,4,3,19,6,2025,1,Needs Renovation,Unfurnished,0,0,0,20.57,0,0,48.2,3615000
1796,Rajshahi,Townhouse,1167,2,2,2,0,1999,27,Excellent,Unfurnished,0,0,0,14.61,0,0,70.4,3720000
1797,Khulna,Apartment,1092,1,1,8,8,2008,18,New,Semi-Furnished,1,0,0,4.75,1,0,40.9,5556000
1798,Dhaka,Duplex,773,1,1,3,0,2013,13,Good,Unfurnished,0,1,0,1.07,1,0,30.1,5842000
1799,Rajshahi,Apartment,1065,1,1,12,7,2026,0,New,Semi-Furnished,0,0,0,19.82,1,0,69.0,3923000
1800,Khulna,Duplex,2828,3,3,1,0,2024,2,Fair,Semi-Furnished,1,0,0,2.38,1,1,25.4,31320000
1801,Rajshahi,House,2204,4,3,2,1,2026,0,Good,Fully Furnished,1,0,0,3.67,1,1,44.9,13322000
1802,Dhaka,Townhouse,1442,2,2,2,1,2010,16,Good,Unfurnished,0,0,1,25.31,1,0,64.4,6541000
1803,Barishal,Condo,2120,4,4,16,13,1995,31,Good,Semi-Furnished,0,0,0,3.48,1,1,53.4,15512000
1804,Rajshahi,House,1903,4,4,2,0,2002,24,Good,Unfurnished,0,0,0,27.59,1,0,63.8,8134000
1805,Rangpur,Apartment,2185,4,5,11,8,2020,6,Good,Semi-Furnished,0,0,0,29.26,0,0,73.7,6785000
1806,Dhaka,Duplex,1129,2,2,1,1,2024,2,Good,Semi-Furnished,2,1,0,26.28,0,0,83.3,11433000
1807,Chattogram,Apartment,1109,2,3,24,2,1993,33,Good,Semi-Furnished,1,0,0,12.02,0,0,89.1,3685000
1808,Sylhet,Apartment,1604,3,3,9,8,2008,18,Excellent,Unfurnished,1,0,0,3.56,1,0,56.2,14759000
1809,Chattogram,Apartment,2102,4,3,11,7,1987,39,Excellent,Unfurnished,0,0,0,12.93,1,1,44.2,23444000
1810,Mymensingh,Apartment,1656,1,1,6,5,1985,41,Good,Semi-Furnished,0,0,0,6.09,0,0,24.3,8825000
1811,Rajshahi,Condo,1322,2,2,22,15,1992,34,Good,Unfurnished,0,0,0,1.79,1,0,54.6,8649000
1812,Sylhet,Apartment,1326,2,1,14,0,1987,39,Good,Semi-Furnished,0,0,0,6.97,1,0,26.7,10059000
1813,Khulna,Apartment,1350,1,1,17,6,1996,30,Excellent,Unfurnished,1,0,0,2.35,1,1,60.9,12382000
1814,Chattogram,Apartment,2305,4,4,15,5,2018,8,Needs Renovation,Semi-Furnished,1,0,0,2.26,1,1,51.0,8101000
1815,Mymensingh,Duplex,1390,2,2,3,0,1996,30,Excellent,Unfurnished,0,0,0,1.9,1,0,36.3,6000000
1816,Barishal,Apartment,1519,3,2,17,6,1989,37,Good,Unfurnished,2,0,1,3.36,1,1,49.7,4196000
1817,Mymensingh,Apartment,2114,3,3,19,14,2024,2,Good,Semi-Furnished,0,0,0,8.14,0,0,37.6,6435000
1818,Barishal,Apartment,1645,3,3,20,5,2014,12,Good,Fully Furnished,1,0,0,6.06,0,0,67.6,3686000
1819,Chattogram,Duplex,2447,3,2,2,0,2009,17,Good,Unfurnished,0,1,0,3.72,0,0,37.3,42280000
1820,Mymensingh,Duplex,1363,2,3,2,1,2013,13,Good,Fully Furnished,0,0,0,17.3,1,1,46.4,7830000
1821,Rajshahi,House,1599,2,2,3,2,2018,8,New,Unfurnished,3,0,0,18.16,0,0,96.2,6126000
1822,Chattogram,House,1909,2,3,3,0,1991,35,Good,Semi-Furnished,1,1,1,17.82,0,0,44.1,7828000
1823,Khulna,House,2792,2,2,2,1,2017,9,Fair,Semi-Furnished,0,1,0,7.43,0,0,34.4,14463000
1824,Mymensingh,Duplex,2253,2,2,2,0,2024,2,Good,Fully Furnished,1,0,0,7.23,0,1,68.6,15218000
1825,Rangpur,House,2584,3,3,2,1,2019,7,Excellent,Unfurnished,0,1,0,4.85,1,1,47.4,6191000
1826,Rangpur,House,1603,1,1,2,0,2006,20,Needs Renovation,Fully Furnished,1,0,0,7.09,1,1,19.0,4298000
1827,Chattogram,Apartment,1629,3,4,12,4,2006,20,Excellent,Fully Furnished,1,0,0,6.06,1,1,52.4,6773000
1828,Barishal,Apartment,840,2,2,12,4,2003,23,Fair,Unfurnished,1,0,0,4.14,1,0,49.2,1951000
1829,Rajshahi,Apartment,1172,2,2,22,3,2008,18,New,Semi-Furnished,2,0,0,5.95,0,0,66.3,4912000
1830,Mymensingh,Apartment,1450,2,2,25,19,2018,8,Fair,Semi-Furnished,0,0,0,13.59,1,1,32.3,4308000
1831,Chattogram,Duplex,2687,3,3,3,0,1988,38,Excellent,Semi-Furnished,1,1,0,2.0,1,1,31.9,74129000
1832,Khulna,Duplex,1216,1,2,1,1,1998,28,Good,Fully Furnished,0,0,1,5.31,1,0,17.0,9136000
1833,Rangpur,Apartment,1464,2,1,10,1,2018,8,Fair,Semi-Furnished,1,0,0,5.57,1,1,38.9,5417000
1834,Sylhet,Apartment,3224,5,4,19,1,1985,41,Fair,Semi-Furnished,2,0,0,19.69,0,0,100.0,19881000
1835,Sylhet,Apartment,2100,3,2,14,11,2024,2,Good,Unfurnished,2,0,0,4.56,0,0,45.2,13704000
1836,Dhaka,Townhouse,1153,2,2,2,0,2001,25,Good,Semi-Furnished,1,1,0,17.59,0,0,76.7,6325000
1837,Barishal,Duplex,1266,2,3,2,1,2012,14,Excellent,Semi-Furnished,0,0,0,0.83,1,1,37.8,12484000
1838,Khulna,Apartment,1158,1,1,7,5,2022,4,Excellent,Unfurnished,0,0,1,4.0,1,0,34.4,6205000
1839,Dhaka,Condo,901,1,2,25,20,2009,17,Good,Unfurnished,0,0,0,6.25,1,1,36.8,19362000
1840,Chattogram,Apartment,1369,2,2,10,6,2004,22,Fair,Unfurnished,1,0,0,14.19,1,0,56.8,13874000
1841,Khulna,Apartment,1583,2,2,13,7,2014,12,Fair,Fully Furnished,0,0,0,5.14,1,0,66.6,6391000
1842,Rajshahi,House,1005,2,2,2,0,1995,31,Excellent,Unfurnished,1,1,0,7.57,1,0,28.3,4287000
1843,Sylhet,Condo,761,1,1,25,8,2021,5,Good,Fully Furnished,0,0,0,7.84,0,0,59.4,9310000
1844,Sylhet,Apartment,2122,3,3,7,7,1985,41,New,Unfurnished,2,0,0,1.25,1,1,47.2,27651000
1845,Barishal,Apartment,2068,4,5,18,7,2006,20,Excellent,Unfurnished,1,0,0,1.83,1,1,41.0,8814000
1846,Rajshahi,Condo,2276,4,5,22,15,1997,29,Good,Semi-Furnished,0,0,0,16.03,1,0,31.2,7923000
1847,Chattogram,Apartment,1167,3,2,13,3,1999,27,New,Fully Furnished,1,0,0,3.32,0,1,45.8,7678000
1848,Khulna,Apartment,1085,1,1,11,10,1989,37,New,Unfurnished,0,0,0,5.61,0,1,55.1,8351000
1849,Mymensingh,Apartment,1587,2,1,12,4,2017,9,New,Unfurnished,1,0,0,9.63,0,1,39.8,8430000
1850,Barishal,Apartment,1362,3,3,12,11,2000,26,Excellent,Fully Furnished,1,0,0,2.45,1,1,45.5,10793000
1851,Sylhet,Apartment,1749,3,4,6,3,2013,13,Excellent,Unfurnished,0,0,0,3.57,1,1,34.3,23778000
1852,Rajshahi,House,3261,3,3,2,1,2000,26,New,Semi-Furnished,2,0,0,4.29,1,0,47.4,29151000
1853,Khulna,Apartment,1535,3,3,23,8,2018,8,Needs Renovation,Semi-Furnished,1,0,0,10.78,1,0,37.7,8032000
1854,Barishal,House,2761,4,4,2,1,2003,23,Needs Renovation,Semi-Furnished,1,0,1,4.02,1,0,32.3,19866000
1855,Rangpur,Apartment,1559,2,1,8,8,2022,4,Good,Semi-Furnished,0,0,0,8.83,0,0,23.8,6983000
1856,Rangpur,Apartment,915,3,2,10,8,1986,40,New,Semi-Furnished,0,0,0,1.5,1,0,22.7,4642000
1857,Chattogram,Apartment,2003,3,4,24,19,1993,33,Fair,Semi-Furnished,0,0,0,13.94,1,1,62.3,14106000
1858,Khulna,Condo,1178,3,4,22,10,1990,36,Needs Renovation,Semi-Furnished,0,0,0,5.66,0,1,57.4,4124000
1859,Rangpur,Apartment,1210,1,1,7,3,2011,15,Fair,Unfurnished,1,0,0,15.62,0,1,78.3,4083000
1860,Barishal,Apartment,1892,3,3,8,8,1994,32,Good,Semi-Furnished,1,0,0,8.04,0,0,49.5,11497000
1861,Rangpur,House,1052,1,2,3,0,1990,36,Good,Fully Furnished,1,0,0,2.75,0,1,42.1,7677000
1862,Chattogram,Apartment,1752,3,2,10,7,2003,23,Good,Fully Furnished,1,0,0,26.8,1,0,65.3,14705000
1863,Dhaka,Condo,1600,2,3,6,3,1994,32,Excellent,Unfurnished,1,0,0,10.33,1,0,63.9,16134000
1864,Rajshahi,Duplex,2339,3,2,3,0,1998,28,Fair,Unfurnished,1,1,0,2.23,0,0,48.2,8527000
1865,Sylhet,House,2434,3,4,1,0,2020,6,Good,Semi-Furnished,1,0,1,14.68,0,0,56.5,13328000
1866,Rangpur,Townhouse,1010,2,2,3,2,1989,37,Good,Unfurnished,2,1,0,8.08,1,1,38.8,3502000
1867,Rajshahi,Apartment,988,1,1,19,10,2022,4,Good,Unfurnished,1,0,0,0.7,1,1,74.6,8079000
1868,Mymensingh,Apartment,1786,2,1,12,2,2001,25,Good,Unfurnished,0,0,0,4.4,0,1,6.8,11395000
1869,Khulna,Apartment,1218,1,1,20,2,1993,33,Good,Semi-Furnished,0,0,0,3.5,1,1,50.7,9107000
1870,Khulna,Apartment,2023,5,4,16,3,2002,24,Good,Semi-Furnished,0,0,0,9.88,1,0,59.0,7276000
1871,Sylhet,Townhouse,799,2,3,1,1,2002,24,Good,Semi-Furnished,1,0,0,6.3,0,1,14.9,9971000
1872,Barishal,Apartment,1250,4,5,8,3,2019,7,Good,Semi-Furnished,0,0,0,15.0,0,0,54.1,5167000
1873,Rangpur,Duplex,1825,2,2,3,2,2026,0,Needs Renovation,Semi-Furnished,0,0,0,13.37,0,1,80.1,2657000
1874,Rangpur,Apartment,1258,2,2,19,1,2018,8,Good,Unfurnished,1,0,0,1.92,1,0,34.5,3685000
1875,Chattogram,Townhouse,2555,4,5,2,1,2012,14,Needs Renovation,Semi-Furnished,1,1,0,2.46,0,1,35.0,20091000
1876,Chattogram,House,1298,2,2,2,1,1997,29,Good,Semi-Furnished,1,0,0,2.74,0,1,41.3,24865000
1877,Rajshahi,Townhouse,1793,4,5,3,0,1988,38,Good,Semi-Furnished,0,1,0,1.86,0,0,37.3,9788000
1878,Sylhet,Apartment,2034,4,3,7,5,2018,8,New,Unfurnished,1,0,0,4.23,0,1,47.7,7779000
1879,Dhaka,Townhouse,1926,4,4,2,1,2013,13,Fair,Semi-Furnished,0,1,0,10.26,0,0,31.6,20967000
1880,Khulna,Apartment,854,1,2,21,2,2018,8,Excellent,Unfurnished,1,0,0,8.83,0,0,43.8,3160000
1881,Chattogram,Townhouse,1321,2,2,3,1,1985,41,Good,Unfurnished,0,1,0,8.28,0,0,44.1,7742000
1882,Khulna,House,1065,2,3,2,1,1987,39,Needs Renovation,Semi-Furnished,1,0,0,37.74,1,0,100.0,1918000
1883,Mymensingh,House,1574,2,2,1,0,2017,9,Excellent,Unfurnished,0,1,0,8.96,1,1,29.4,6682000
1884,Dhaka,Apartment,1601,2,1,23,10,1992,34,Excellent,Fully Furnished,2,0,0,1.28,1,0,53.7,27071000
1885,Sylhet,Duplex,2224,3,3,3,1,2005,21,Fair,Unfurnished,0,0,0,13.07,1,0,69.7,11552000
1886,Sylhet,Apartment,731,1,1,18,10,2006,20,Good,Semi-Furnished,1,0,0,5.64,0,1,57.1,6268000
1887,Mymensingh,Apartment,2050,3,3,15,4,2005,21,New,Semi-Furnished,1,0,0,10.23,1,1,32.3,17027000
1888,Barishal,Duplex,1899,2,2,3,1,1989,37,Excellent,Semi-Furnished,1,1,0,9.07,0,0,30.2,18586000
1889,Khulna,Townhouse,1548,3,4,2,0,1996,30,Good,Unfurnished,1,0,0,10.27,1,1,48.0,4831000
1890,Sylhet,Apartment,528,1,1,14,12,2005,21,Good,Unfurnished,0,0,0,5.51,0,1,71.0,1975000
1891,Khulna,Duplex,3442,6,6,2,0,2009,17,New,Semi-Furnished,0,0,0,17.56,0,0,36.8,13420000
1892,Sylhet,Townhouse,2083,4,3,1,1,2026,0,Needs Renovation,Semi-Furnished,1,0,0,2.69,1,1,13.7,14159000
1893,Rajshahi,Apartment,915,3,3,10,8,1985,41,Fair,Semi-Furnished,1,0,0,7.8,1,0,38.3,2651000
1894,Chattogram,Condo,1181,2,2,8,4,1985,41,New,Unfurnished,0,0,0,1.51,1,1,39.2,12190000
1895,Rajshahi,Townhouse,744,1,2,2,1,1991,35,Good,Semi-Furnished,0,1,0,12.17,1,0,43.9,4729000
1896,Barishal,Apartment,1674,3,4,18,1,2018,8,Fair,Fully Furnished,1,0,0,4.02,1,0,43.3,8392000
1897,Khulna,Apartment,1834,3,2,23,9,2009,17,New,Semi-Furnished,1,0,0,10.74,1,0,10.8,7929000
1898,Rajshahi,Duplex,1534,2,1,3,0,2012,14,Fair,Unfurnished,1,0,0,2.01,0,0,19.1,6800000
1899,Rangpur,Apartment,2725,6,6,17,10,2004,22,New,Semi-Furnished,0,0,0,20.17,1,0,60.4,7486000
1900,Chattogram,House,1176,1,1,1,1,2011,15,Good,Semi-Furnished,1,1,1,3.83,1,1,31.1,17120000
1901,Chattogram,Condo,688,2,2,15,8,1989,37,Needs Renovation,Semi-Furnished,0,0,0,32.01,1,0,66.4,4717000
1902,Dhaka,Condo,1590,3,3,22,18,1997,29,Excellent,Semi-Furnished,1,0,1,2.34,0,0,36.2,34229000
1903,Sylhet,Apartment,450,1,1,19,13,2013,13,New,Semi-Furnished,1,0,0,2.44,1,1,49.0,3108000
1904,Chattogram,Apartment,2127,5,5,15,5,1995,31,New,Semi-Furnished,0,0,0,4.39,1,0,40.1,37900000
1905,Chattogram,Condo,1792,4,3,11,6,2023,3,Good,Unfurnished,1,0,1,11.31,1,0,54.6,18298000
1906,Rajshahi,Apartment,2581,3,3,17,1,1995,31,Good,Semi-Furnished,1,0,0,3.75,1,0,15.9,23956000
1907,Khulna,Apartment,1528,2,2,10,8,2007,19,Good,Unfurnished,1,0,0,2.25,1,0,41.6,11606000
1908,Dhaka,Apartment,1455,3,2,14,14,2017,9,Fair,Semi-Furnished,0,0,0,7.52,1,1,48.6,5534000
1909,Rajshahi,Apartment,1103,1,1,8,7,1992,34,Good,Unfurnished,1,0,0,4.14,0,0,37.2,7747000
1910,Barishal,House,1665,2,2,2,1,2010,16,Good,Unfurnished,1,0,0,14.93,1,1,67.2,6465000
1911,Khulna,Apartment,792,1,1,17,4,2019,7,Good,Semi-Furnished,0,0,0,10.64,1,0,62.5,4371000
1912,Mymensingh,Apartment,1044,2,2,23,1,1998,28,Good,Unfurnished,1,0,0,3.17,1,1,55.4,3453000
1913,Rajshahi,Apartment,1389,4,4,25,7,1985,41,Excellent,Semi-Furnished,1,0,0,11.21,1,0,49.2,6656000
1914,Sylhet,House,1051,1,1,2,0,1990,36,New,Semi-Furnished,0,1,0,3.2,0,0,22.4,14084000
1915,Dhaka,House,1455,1,1,2,1,2006,20,Good,Fully Furnished,1,0,1,2.94,1,1,53.8,37957000
1916,Chattogram,Condo,945,1,1,9,7,2005,21,Good,Semi-Furnished,1,0,0,18.62,0,0,58.6,9668000
1917,Mymensingh,Duplex,1428,2,1,2,1,2017,9,Good,Unfurnished,1,1,0,14.59,0,0,80.9,5447000
1918,Sylhet,Apartment,1256,3,2,23,4,2022,4,Fair,Unfurnished,0,0,0,6.08,0,1,44.7,11143000
1919,Rangpur,Apartment,1341,2,2,23,10,2008,18,Excellent,Semi-Furnished,2,0,0,16.47,0,0,68.2,3899000
1920,Mymensingh,Condo,1192,1,1,14,8,1991,35,Excellent,Unfurnished,2,0,0,11.48,1,1,51.8,7687000
1921,Rangpur,Apartment,1376,3,4,11,9,2011,15,Good,Unfurnished,0,0,0,10.29,1,1,31.8,3793000
1922,Mymensingh,House,1418,2,2,1,1,1997,29,Fair,Semi-Furnished,1,1,0,5.0,1,0,30.2,10804000
1923,Khulna,Townhouse,1382,2,1,3,1,1997,29,Needs Renovation,Semi-Furnished,1,0,0,9.26,1,1,64.9,5571000
1924,Chattogram,Apartment,1867,4,4,7,2,2007,19,Good,Semi-Furnished,1,0,0,4.48,1,1,43.5,19916000
1925,Mymensingh,Apartment,2028,3,4,9,7,2012,14,Excellent,Fully Furnished,2,0,0,2.77,1,0,40.7,18551000
1926,Khulna,Apartment,1093,2,3,20,12,1993,33,Fair,Unfurnished,1,0,0,4.52,1,0,38.7,2954000
1927,Rajshahi,Townhouse,1744,2,2,2,0,2003,23,Good,Semi-Furnished,1,0,0,4.05,0,1,35.1,12534000
1928,Dhaka,House,3304,4,4,2,0,2024,2,Fair,Semi-Furnished,1,0,0,13.26,0,0,58.0,48505000
1929,Dhaka,Apartment,1163,2,2,9,6,2021,5,Excellent,Unfurnished,0,0,0,4.13,1,1,6.3,16471000
1930,Dhaka,Townhouse,1431,2,2,2,1,2020,6,Good,Fully Furnished,0,1,0,4.31,1,1,36.4,30736000
1931,Mymensingh,Apartment,1686,3,3,7,6,2019,7,Good,Semi-Furnished,0,0,0,19.63,0,0,70.1,4609000
1932,Sylhet,Townhouse,1672,2,2,2,0,2005,21,Good,Unfurnished,0,1,0,6.13,0,0,32.7,14251000
1933,Khulna,Apartment,952,1,1,8,2,2014,12,Fair,Unfurnished,2,0,0,8.61,0,0,27.0,4577000
1934,Rajshahi,Apartment,1871,3,4,8,5,1994,32,Fair,Fully Furnished,0,0,0,2.76,0,0,44.5,10085000
1935,Chattogram,Townhouse,1733,3,2,1,1,1989,37,Good,Semi-Furnished,2,0,0,2.92,0,1,46.9,24738000
1936,Chattogram,Duplex,2490,4,5,3,0,1985,41,Good,Semi-Furnished,2,0,0,1.79,0,1,39.6,32452000
1937,Khulna,Apartment,1297,2,1,23,23,1992,34,Good,Fully Furnished,0,0,0,4.21,0,0,76.7,9042000
1938,Dhaka,House,2342,4,3,1,1,2011,15,Good,Semi-Furnished,2,1,0,16.66,0,0,33.9,34303000
1939,Chattogram,Apartment,881,2,2,18,5,1988,38,Good,Fully Furnished,0,0,0,3.94,0,0,21.1,12705000
1940,Sylhet,Apartment,2252,3,3,19,11,2011,15,Needs Renovation,Unfurnished,0,0,0,4.45,0,1,11.5,5201000
1941,Barishal,Condo,2083,2,3,15,3,2010,16,Excellent,Unfurnished,0,0,0,6.45,0,1,64.2,5062000
1942,Mymensingh,Townhouse,2420,5,6,2,1,1991,35,Fair,Semi-Furnished,2,0,0,19.59,0,0,48.5,3787000
1943,Barishal,Condo,1965,3,2,22,7,2008,18,Excellent,Fully Furnished,1,0,0,5.77,1,0,51.2,11990000
1944,Rangpur,Apartment,1235,2,3,10,7,2012,14,Good,Unfurnished,0,0,0,4.91,1,0,47.5,5237000
1945,Barishal,Townhouse,1091,2,1,1,0,2017,9,New,Fully Furnished,0,1,0,4.19,1,0,41.3,8710000
1946,Rajshahi,Apartment,1247,3,3,9,4,2000,26,Good,Unfurnished,1,0,0,1.98,0,0,73.7,9216000
1947,Dhaka,Condo,1189,1,1,21,15,2026,0,Good,Semi-Furnished,1,0,0,0.45,1,1,29.0,29772000
1948,Sylhet,Apartment,1273,3,4,21,15,2024,2,Good,Semi-Furnished,1,0,0,1.72,1,0,69.7,4699000
1949,Barishal,Condo,1026,1,1,20,14,2001,25,Good,Semi-Furnished,3,0,0,6.91,1,1,59.2,8617000
1950,Rangpur,Townhouse,2048,3,3,3,1,2019,7,Good,Fully Furnished,1,0,0,11.69,1,0,44.7,10528000
1951,Khulna,Apartment,1001,1,2,21,1,2009,17,Good,Fully Furnished,1,0,0,3.17,1,1,19.5,10008000
1952,Rangpur,Apartment,1246,1,2,24,9,2011,15,Good,Semi-Furnished,0,0,0,36.57,0,0,92.7,2536000
1953,Khulna,Condo,1837,2,2,24,4,1989,37,New,Semi-Furnished,1,0,0,4.09,1,1,31.5,9923000
1954,Rangpur,Apartment,1021,2,3,17,9,2021,5,Needs Renovation,Fully Furnished,0,0,0,6.91,0,0,27.1,1206000
1955,Chattogram,Apartment,2192,4,4,22,13,2011,15,Good,Semi-Furnished,0,0,0,3.42,1,0,51.8,8427000
1956,Mymensingh,Apartment,904,2,1,22,0,1985,41,Good,Semi-Furnished,0,0,0,3.55,1,0,58.4,4729000
1957,Rangpur,Apartment,1204,2,2,22,6,1987,39,Needs Renovation,Unfurnished,0,0,0,3.18,1,0,44.8,2270000
1958,Barishal,Apartment,1142,1,2,21,15,2013,13,Excellent,Fully Furnished,1,0,0,11.32,0,1,43.1,5818000
1959,Mymensingh,House,2089,2,3,1,0,2017,9,New,Semi-Furnished,2,0,1,14.93,0,0,67.2,9526000
1960,Rajshahi,Apartment,1051,3,2,20,3,1995,31,Excellent,Unfurnished,0,0,0,12.15,1,0,63.3,2901000
1961,Barishal,House,1840,3,4,3,2,2009,17,Good,Unfurnished,3,0,0,7.93,0,0,48.7,6143000
1962,Rangpur,Apartment,827,2,1,11,10,2009,17,New,Semi-Furnished,0,0,0,8.24,0,1,30.8,6119000
1963,Barishal,Apartment,1593,2,1,24,10,1989,37,Good,Fully Furnished,0,0,0,1.42,1,1,66.0,12661000
1964,Dhaka,Apartment,1849,3,4,22,14,2026,0,New,Unfurnished,1,0,0,8.96,0,1,43.7,40863000
1965,Khulna,House,1819,2,2,3,1,2022,4,Good,Semi-Furnished,0,1,0,7.72,1,1,51.5,6440000
1966,Rangpur,House,1537,2,2,3,2,1996,30,Needs Renovation,Fully Furnished,2,0,0,8.53,0,1,48.2,5573000
1967,Rajshahi,Apartment,1938,3,3,8,5,2016,10,Good,Semi-Furnished,0,0,0,2.58,1,0,5.0,8502000
1968,Chattogram,Apartment,450,1,1,23,19,1995,31,Excellent,Semi-Furnished,0,0,0,7.03,0,0,50.9,2650000
1969,Sylhet,Duplex,1101,1,1,3,0,2000,26,Excellent,Unfurnished,1,0,0,16.4,0,0,43.4,6502000
1970,Rangpur,Apartment,1872,2,2,19,8,2008,18,Excellent,Semi-Furnished,1,0,0,2.0,0,0,52.6,9790000
1971,Dhaka,Townhouse,1051,1,1,2,0,2006,20,Good,Semi-Furnished,1,1,0,7.05,1,0,46.8,18726000
1972,Mymensingh,Apartment,820,1,2,18,6,2009,17,Fair,Unfurnished,1,0,0,3.39,1,0,28.6,4633000
1973,Mymensingh,House,1898,3,4,1,0,2024,2,Fair,Unfurnished,1,1,0,5.41,1,1,58.3,4525000
1974,Dhaka,Apartment,1182,2,2,19,0,2024,2,Good,Fully Furnished,0,0,0,4.25,1,0,37.5,12465000
1975,Barishal,House,1534,2,2,2,0,2009,17,Good,Unfurnished,0,1,0,3.99,0,1,47.2,8377000
1976,Chattogram,Apartment,1297,3,3,14,4,2023,3,Fair,Unfurnished,0,0,0,3.4,1,1,51.2,8444000
1977,Sylhet,Apartment,1729,2,2,18,2,2024,2,New,Semi-Furnished,0,0,0,6.49,1,0,37.1,7280000
1978,Dhaka,House,2100,3,2,2,1,2007,19,Good,Semi-Furnished,0,1,0,7.01,1,0,57.8,17914000
1979,Mymensingh,Apartment,2429,4,4,7,6,2006,20,Excellent,Semi-Furnished,1,0,0,20.92,0,0,34.6,8530000
1980,Sylhet,Apartment,1204,2,3,6,4,2016,10,Good,Semi-Furnished,0,0,0,7.18,0,0,60.1,7817000
1981,Khulna,Apartment,1939,4,4,19,12,2011,15,New,Semi-Furnished,0,0,0,20.56,0,0,56.3,9116000
1982,Barishal,House,1718,2,3,1,0,1990,36,New,Semi-Furnished,1,0,0,2.15,1,1,47.5,4542000
1983,Chattogram,Duplex,1950,2,3,2,1,1998,28,Good,Fully Furnished,3,1,0,8.21,0,0,36.9,38083000
1984,Dhaka,Townhouse,1122,2,3,2,1,1997,29,Good,Fully Furnished,0,1,0,2.11,0,0,56.5,6091000
1985,Dhaka,Apartment,1113,3,4,25,13,2013,13,Excellent,Semi-Furnished,0,0,0,7.2,0,1,42.2,21680000
1986,Barishal,Apartment,755,1,1,9,4,2021,5,Excellent,Unfurnished,0,0,1,16.6,0,0,61.1,2795000
1987,Dhaka,Apartment,2112,2,2,19,16,1992,34,Good,Unfurnished,0,0,0,1.13,1,0,33.1,20476000
1988,Khulna,Duplex,1938,3,2,1,1,2025,1,Good,Semi-Furnished,1,0,0,2.76,0,1,34.2,15705000
1989,Chattogram,Apartment,1296,2,2,22,14,1994,32,Excellent,Semi-Furnished,0,0,0,2.18,1,0,51.7,4738000
1990,Barishal,Apartment,1176,1,1,24,7,1992,34,Good,Unfurnished,0,0,0,1.54,1,1,23.2,4765000
1991,Rajshahi,Apartment,1850,2,2,7,0,1987,39,Fair,Unfurnished,0,0,0,6.45,1,1,42.8,11037000
1992,Dhaka,Condo,1309,1,1,25,7,2006,20,Good,Unfurnished,0,0,0,22.2,1,0,36.0,6759000
1993,Rajshahi,Apartment,1526,3,3,22,3,2016,10,New,Semi-Furnished,1,0,0,3.75,1,1,45.7,12019000
1994,Rangpur,Apartment,2181,3,2,7,4,2007,19,Excellent,Fully Furnished,1,0,0,15.89,0,0,54.5,10310000
1995,Sylhet,Condo,1758,3,4,9,7,1988,38,Good,Semi-Furnished,0,0,0,22.32,1,0,68.1,7885000
1996,Chattogram,Apartment,2522,5,5,18,3,1996,30,Good,Semi-Furnished,1,0,0,5.67,1,1,49.7,12570000
1997,Rangpur,Apartment,1169,1,2,18,5,1995,31,Fair,Fully Furnished,0,0,0,9.01,1,1,30.3,4747000
1998,Mymensingh,Apartment,1817,4,3,16,15,1991,35,Fair,Unfurnished,0,0,0,2.27,0,1,52.7,9129000
1999,Rajshahi,Apartment,1859,3,3,15,11,2017,9,Good,Unfurnished,1,0,0,9.86,1,0,39.9,9297000
2000,Khulna,Townhouse,1346,3,3,3,2,2016,10,Fair,Unfurnished,0,0,0,8.18,0,1,30.0,3480000
2001,Rangpur,Apartment,1475,3,2,15,13,2001,25,Fair,Fully Furnished,1,0,0,1.86,1,1,37.8,5540000
2002,Sylhet,Condo,1450,2,1,12,8,2001,25,Fair,Fully Furnished,0,0,1,8.24,1,0,51.0,8746000
2003,Mymensingh,Apartment,1535,1,1,22,8,2026,0,Fair,Fully Furnished,0,0,0,1.52,1,0,21.9,4246000
2004,Mymensingh,Apartment,2444,4,4,19,15,1995,31,Good,Unfurnished,1,0,0,9.81,1,0,43.4,14491000
2005,Chattogram,House,1951,4,5,3,2,2014,12,Good,Semi-Furnished,1,1,0,11.24,0,0,66.7,18717000
2006,Rangpur,Apartment,1974,2,1,16,7,2010,16,Good,Fully Furnished,0,0,0,2.28,0,0,30.0,5032000
2007,Mymensingh,House,1924,2,2,3,2,2019,7,Excellent,Unfurnished,0,0,0,0.74,1,1,14.0,14281000
2008,Rangpur,Apartment,1789,3,3,22,16,2024,2,Good,Semi-Furnished,1,0,0,16.95,0,0,65.5,2453000
2009,Rajshahi,Duplex,1883,3,2,1,1,2012,14,New,Semi-Furnished,1,1,0,0.55,0,0,57.5,19798000
2010,Mymensingh,House,1507,2,2,1,0,2012,14,Needs Renovation,Unfurnished,1,1,0,1.53,1,1,26.3,5869000
2011,Mymensingh,Condo,1749,3,2,7,7,2026,0,Excellent,Fully Furnished,0,0,0,1.42,1,1,44.0,10897000
2012,Sylhet,Apartment,2663,5,6,12,0,2018,8,Good,Semi-Furnished,2,0,0,1.54,0,1,25.5,32777000
2013,Rangpur,Apartment,1367,3,3,15,15,2003,23,Good,Unfurnished,0,0,0,14.2,1,1,37.7,2558000
2014,Barishal,Townhouse,2563,4,4,1,0,2021,5,Good,Semi-Furnished,1,1,0,9.13,0,0,44.8,17017000
2015,Barishal,Apartment,1066,2,3,15,11,2023,3,Excellent,Semi-Furnished,2,0,0,7.45,1,1,55.1,5188000
2016,Khulna,Apartment,1746,1,1,6,2,2006,20,Good,Semi-Furnished,1,0,0,11.58,0,1,53.1,4807000
2017,Sylhet,Apartment,1685,4,4,24,22,2017,9,New,Unfurnished,1,0,0,4.66,1,1,68.6,9213000
2018,Khulna,Townhouse,1586,3,2,2,0,1996,30,Fair,Semi-Furnished,0,0,0,1.75,0,1,28.0,4021000
2019,Dhaka,Condo,1668,3,2,8,7,1990,36,Good,Unfurnished,1,0,0,9.48,0,0,36.2,23946000
2020,Chattogram,House,1602,2,2,2,1,1999,27,Good,Unfurnished,0,0,0,11.74,1,1,56.8,13552000
2021,Sylhet,Duplex,2687,4,5,2,0,1988,38,Good,Unfurnished,0,0,0,4.09,1,1,44.9,15299000
2022,Mymensingh,Apartment,1531,2,3,25,19,2016,10,Good,Semi-Furnished,0,0,0,7.13,1,0,57.2,8401000
2023,Chattogram,Apartment,719,2,1,21,3,2005,21,Fair,Unfurnished,1,0,0,2.6,1,0,42.3,9733000
2024,Mymensingh,Apartment,2058,5,6,8,7,2001,25,New,Fully Furnished,1,0,0,4.49,0,0,41.3,12029000
2025,Khulna,Apartment,1791,4,3,21,12,1990,36,Good,Semi-Furnished,1,0,0,8.71,0,0,76.7,9403000
2026,Chattogram,Apartment,1775,3,3,21,18,2009,17,Excellent,Fully Furnished,1,0,0,9.37,0,0,51.9,11565000
2027,Rangpur,House,864,2,2,2,0,1992,34,Good,Unfurnished,0,1,0,30.39,1,0,100.0,2074000
2028,Rangpur,Townhouse,2660,4,4,1,0,1988,38,Good,Fully Furnished,1,1,0,18.25,1,0,55.3,15062000
2029,Barishal,Apartment,935,2,2,14,14,2012,14,Good,Unfurnished,1,0,0,4.27,1,0,26.5,5192000
2030,Barishal,Apartment,1791,3,3,9,1,1998,28,Good,Fully Furnished,0,0,0,3.25,0,1,11.0,4997000
2031,Mymensingh,Apartment,1647,3,4,23,13,2021,5,Fair,Semi-Furnished,0,0,0,12.35,0,1,56.5,5885000
2032,Rajshahi,House,1266,1,1,1,1,1999,27,Good,Semi-Furnished,0,1,0,4.74,1,0,24.8,4679000
2033,Khulna,Apartment,1250,3,3,7,4,1985,41,Fair,Unfurnished,2,0,0,3.57,1,1,43.8,7541000
2034,Barishal,Apartment,2160,4,4,7,5,2015,11,Fair,Unfurnished,1,0,0,4.48,1,1,46.1,12502000
2035,Sylhet,Apartment,1220,1,1,25,11,2002,24,New,Semi-Furnished,0,0,0,11.25,0,0,19.1,12303000
2036,Dhaka,Apartment,1594,3,2,10,10,1992,34,Good,Semi-Furnished,0,0,0,12.56,1,1,34.1,13427000
2037,Sylhet,Apartment,1267,3,3,22,11,2012,14,New,Unfurnished,0,0,0,1.23,1,0,38.6,9952000
2038,Barishal,House,2532,3,3,1,0,2004,22,Good,Unfurnished,1,0,0,2.86,1,1,43.0,15103000
2039,Barishal,Apartment,1502,3,3,16,7,2026,0,Fair,Unfurnished,1,0,0,10.5,0,0,35.5,5754000
2040,Rajshahi,House,2323,3,3,2,0,1999,27,Good,Semi-Furnished,0,0,0,1.6,1,0,47.9,13921000
2041,Khulna,Apartment,2144,4,4,7,2,2001,25,Good,Semi-Furnished,2,0,0,10.45,1,1,41.7,13056000
2042,Sylhet,Condo,804,1,1,21,1,2021,5,Excellent,Semi-Furnished,1,0,1,5.94,0,0,33.5,5468000
2043,Chattogram,Apartment,2062,4,4,10,6,2026,0,New,Unfurnished,2,0,0,4.51,1,1,40.7,24040000
2044,Khulna,Apartment,2174,3,4,13,8,1992,34,New,Semi-Furnished,0,0,0,4.14,1,1,48.3,13003000
2045,Dhaka,Apartment,2069,5,5,22,16,1993,33,Fair,Fully Furnished,0,0,0,6.35,0,0,41.7,30167000
2046,Barishal,Apartment,1864,4,4,21,15,2022,4,Needs Renovation,Semi-Furnished,2,0,0,1.87,1,0,33.3,3755000
2047,Khulna,Apartment,2207,4,5,19,13,2016,10,New,Fully Furnished,0,0,0,1.81,0,0,27.7,22292000
2048,Barishal,Apartment,2165,3,4,12,11,1992,34,Fair,Unfurnished,2,0,0,25.18,0,0,76.3,5068000
2049,Rangpur,Apartment,1327,2,1,6,2,2008,18,Good,Unfurnished,1,0,0,4.15,1,1,46.1,6248000
2050,Khulna,Apartment,1577,4,3,19,10,1993,33,Good,Semi-Furnished,0,0,0,18.15,0,1,87.6,8104000
2051,Dhaka,House,1317,1,1,1,1,2005,21,New,Fully Furnished,2,0,0,5.47,0,0,54.5,16273000
2052,Mymensingh,Townhouse,844,2,1,3,1,2001,25,Excellent,Unfurnished,1,0,0,18.36,0,0,58.5,3265000
2053,Rajshahi,Apartment,1628,3,4,21,10,2023,3,Good,Semi-Furnished,3,0,0,16.82,1,0,67.9,5193000
2054,Dhaka,Apartment,1067,1,1,14,6,2007,19,Excellent,Unfurnished,1,0,0,0.85,1,0,35.8,10359000
2055,Khulna,Apartment,2329,5,5,11,5,2011,15,New,Fully Furnished,0,0,0,3.8,1,1,33.8,27157000
2056,Mymensingh,House,1472,2,1,1,0,2009,17,Excellent,Semi-Furnished,0,1,0,7.06,1,0,58.6,7269000
2057,Chattogram,Duplex,2478,2,2,2,1,2009,17,Fair,Fully Furnished,1,1,0,3.46,0,1,33.8,28847000
2058,Sylhet,Apartment,1695,3,3,15,8,2009,17,Good,Unfurnished,1,0,0,10.47,1,0,28.2,10406000
2059,Chattogram,Condo,1628,4,5,10,4,2002,24,Fair,Fully Furnished,0,0,0,5.72,0,1,29.7,27190000
2060,Rajshahi,Townhouse,1857,4,4,1,0,2021,5,Good,Semi-Furnished,2,1,0,16.55,1,0,34.0,9792000
2061,Mymensingh,House,1288,2,2,2,1,2025,1,Good,Semi-Furnished,1,0,0,5.95,1,1,15.5,3078000
2062,Mymensingh,Apartment,2023,3,4,15,14,2012,14,Fair,Semi-Furnished,0,0,0,7.78,0,0,31.6,4322000
2063,Sylhet,Apartment,990,2,1,20,13,2022,4,Good,Fully Furnished,2,0,0,14.27,1,0,57.6,8929000
2064,Khulna,Duplex,1204,2,3,2,0,2004,22,Fair,Semi-Furnished,0,0,0,1.85,0,1,40.0,10021000
2065,Barishal,Townhouse,859,2,2,2,1,2001,25,Good,Unfurnished,1,0,0,4.94,1,0,23.7,2460000
2066,Rajshahi,Townhouse,914,1,1,3,2,2026,0,Good,Fully Furnished,2,1,0,10.14,1,0,40.9,4565000
2067,Barishal,Townhouse,1236,3,3,2,1,1993,33,Good,Semi-Furnished,1,0,0,15.88,0,0,40.4,7882000
2068,Sylhet,Duplex,1476,2,3,1,0,2011,15,Fair,Fully Furnished,0,1,0,8.62,0,0,40.4,17241000
2069,Rajshahi,Apartment,1456,2,3,25,12,1991,35,Good,Unfurnished,0,0,0,2.63,1,0,39.4,6569000
2070,Chattogram,Apartment,1971,4,4,6,6,2015,11,Fair,Unfurnished,1,0,0,1.39,1,1,40.6,18000000
2071,Dhaka,Apartment,2204,4,4,12,12,2004,22,Fair,Semi-Furnished,2,0,0,3.51,1,0,68.1,14837000
2072,Rajshahi,Apartment,2102,4,4,25,19,1992,34,New,Semi-Furnished,0,0,0,0.42,1,1,30.0,13809000
2073,Chattogram,Apartment,1865,4,3,8,2,1986,40,Fair,Fully Furnished,0,0,0,35.72,0,0,72.5,8408000
2074,Sylhet,Apartment,1641,3,3,23,21,1998,28,Good,Unfurnished,2,0,0,16.3,0,1,38.9,10863000
2075,Barishal,Apartment,2337,3,3,20,15,1993,33,Good,Unfurnished,0,0,0,1.3,0,1,39.7,5767000
2076,Sylhet,Apartment,1338,3,3,20,4,2010,16,Needs Renovation,Semi-Furnished,1,0,0,11.02,0,0,33.1,7958000
2077,Sylhet,Condo,2017,4,5,21,8,2016,10,Fair,Semi-Furnished,0,0,1,5.08,0,0,38.8,25432000
2078,Rangpur,Apartment,1498,3,3,21,7,1989,37,Good,Unfurnished,1,0,0,16.75,1,1,58.8,5204000
2079,Khulna,Duplex,2486,3,3,2,1,2013,13,Good,Unfurnished,0,1,1,6.85,0,0,37.3,6276000
2080,Barishal,Apartment,1631,2,2,8,3,2015,11,New,Unfurnished,0,0,0,5.46,1,0,37.4,7383000
2081,Mymensingh,Townhouse,2483,5,6,1,1,1998,28,Excellent,Semi-Furnished,1,1,0,1.36,0,1,16.5,12387000
2082,Sylhet,Condo,2177,3,3,6,0,2011,15,New,Semi-Furnished,0,0,0,18.38,0,0,85.8,7436000
2083,Khulna,Apartment,753,2,3,8,1,2020,6,Good,Unfurnished,1,0,0,1.24,1,1,5.0,2680000
2084,Rangpur,Apartment,2005,4,4,14,12,2016,10,Needs Renovation,Semi-Furnished,0,0,0,6.67,1,1,58.8,4727000
2085,Sylhet,Apartment,1519,2,1,18,18,2001,25,Good,Semi-Furnished,0,0,0,6.45,0,0,47.7,6091000
2086,Chattogram,Duplex,2390,2,1,2,0,2008,18,Needs Renovation,Unfurnished,1,0,0,16.98,1,0,66.8,15359000
2087,Barishal,Condo,1905,2,1,15,8,1993,33,Good,Fully Furnished,1,0,0,8.0,1,1,21.4,4657000
2088,Chattogram,Apartment,947,2,2,19,16,2001,25,Fair,Fully Furnished,0,0,0,4.83,1,1,46.1,13692000
2089,Mymensingh,Townhouse,1257,2,1,1,1,2019,7,New,Unfurnished,0,1,0,7.64,1,1,54.5,2815000
2090,Rajshahi,Apartment,1405,2,1,6,6,2016,10,Good,Unfurnished,1,0,0,2.31,0,1,23.8,6682000
2091,Rajshahi,Apartment,1678,2,3,19,3,2018,8,Good,Fully Furnished,0,0,0,1.17,0,0,37.1,5784000
2092,Rajshahi,House,2256,3,3,1,1,1995,31,Good,Unfurnished,0,1,0,14.18,1,0,67.9,13699000
2093,Chattogram,Apartment,1428,3,3,15,14,2025,1,Fair,Semi-Furnished,0,0,0,0.56,0,1,17.4,10522000
2094,Khulna,Apartment,716,2,1,10,5,2016,10,Fair,Unfurnished,1,0,0,10.32,1,1,55.9,1422000
2095,Barishal,House,2142,4,4,1,1,2013,13,Fair,Semi-Furnished,0,0,0,12.14,0,0,58.1,9048000
2096,Dhaka,Apartment,1725,1,2,22,15,1997,29,Fair,Fully Furnished,0,0,0,4.73,0,0,35.2,15914000
2097,Mymensingh,House,2202,4,5,1,0,2025,1,Fair,Fully Furnished,1,0,0,3.31,1,0,5.0,19581000
2098,Khulna,Townhouse,1464,3,2,1,1,2026,0,Good,Unfurnished,0,0,0,0.82,0,0,31.3,7970000
2099,Dhaka,Apartment,1101,1,1,16,7,1988,38,Excellent,Unfurnished,0,0,1,14.07,0,0,56.0,4454000
2100,Dhaka,Apartment,1292,2,1,25,17,2005,21,Fair,Unfurnished,0,0,0,0.57,1,1,39.4,7364000
2101,Barishal,Duplex,1988,2,2,1,0,2008,18,Good,Fully Furnished,0,1,1,1.78,1,1,47.6,13417000
2102,Barishal,Apartment,1542,2,1,22,20,2002,24,New,Unfurnished,1,0,0,1.58,0,1,9.4,9593000
2103,Rajshahi,Duplex,2134,2,2,1,0,2015,11,Good,Semi-Furnished,1,0,0,2.61,1,0,24.3,6873000
2104,Barishal,Apartment,1829,3,2,17,13,1997,29,Good,Unfurnished,1,0,0,1.87,1,1,43.8,4212000
2105,Chattogram,House,1831,3,3,1,1,2004,22,Excellent,Semi-Furnished,0,0,0,25.64,0,0,62.0,9686000
2106,Chattogram,Apartment,1293,3,2,15,12,1999,27,Fair,Fully Furnished,1,0,0,5.38,1,0,52.8,13615000
2107,Dhaka,Apartment,1519,3,3,22,16,2025,1,Good,Unfurnished,1,0,0,1.64,1,1,36.7,12104000
2108,Rajshahi,Apartment,1456,4,5,19,16,2004,22,Good,Fully Furnished,0,0,0,5.32,1,1,30.3,7059000
2109,Dhaka,Apartment,2020,4,3,23,16,1994,32,Excellent,Fully Furnished,2,0,0,12.33,1,0,56.7,11139000
2110,Barishal,Apartment,1060,2,1,6,4,2017,9,Good,Fully Furnished,0,0,0,4.67,0,1,14.7,5730000
2111,Rangpur,Apartment,1347,2,3,18,16,2018,8,New,Fully Furnished,0,0,0,1.59,1,1,37.6,6946000
2112,Chattogram,House,1510,2,2,1,1,2023,3,Good,Unfurnished,1,1,0,1.12,0,0,37.9,12263000
2113,Mymensingh,House,3141,5,5,3,0,1997,29,Excellent,Fully Furnished,0,0,0,7.82,1,1,59.2,19661000
2114,Dhaka,Apartment,1258,1,1,7,5,2025,1,Good,Semi-Furnished,0,0,0,6.75,1,0,34.9,12881000
2115,Barishal,House,1717,3,3,2,1,1986,40,Excellent,Fully Furnished,0,0,0,1.99,1,0,70.1,6508000
2116,Chattogram,Condo,1084,2,2,14,7,2023,3,Good,Fully Furnished,1,0,0,26.44,1,0,81.9,6489000
2117,Mymensingh,Apartment,2033,3,2,20,16,2002,24,Good,Semi-Furnished,2,0,0,4.98,1,1,26.6,11249000
2118,Barishal,Condo,1512,2,2,15,4,2001,25,Excellent,Semi-Furnished,0,0,0,8.53,1,0,52.3,7230000
2119,Dhaka,Apartment,1772,3,3,9,3,2018,8,Excellent,Semi-Furnished,2,0,0,7.2,0,0,36.7,37141000
2120,Rangpur,Apartment,1539,1,2,22,13,1996,30,Good,Fully Furnished,1,0,0,3.8,1,0,39.8,5353000
2121,Chattogram,House,1622,3,4,1,1,1999,27,Good,Unfurnished,0,1,0,4.29,1,0,43.9,17550000
2122,Rajshahi,House,3134,5,4,1,0,2023,3,New,Semi-Furnished,1,1,0,4.05,1,1,23.3,38966000
2123,Rangpur,Apartment,988,2,2,11,0,2026,0,Excellent,Fully Furnished,1,0,0,6.73,0,0,60.6,2037000
2124,Khulna,Apartment,1544,2,3,24,3,1987,39,Good,Unfurnished,0,0,0,0.71,1,1,31.5,11361000
2125,Sylhet,Apartment,1986,4,4,10,7,2011,15,Fair,Unfurnished,0,0,0,8.47,0,0,65.1,12967000
2126,Barishal,Townhouse,2045,2,2,1,0,2011,15,New,Semi-Furnished,0,1,0,17.45,0,0,30.1,11254000
2127,Mymensingh,Condo,799,1,1,14,11,1989,37,Good,Fully Furnished,1,0,0,12.58,0,1,75.3,4850000
2128,Rajshahi,House,2582,4,4,3,1,2014,12,Good,Unfurnished,1,0,0,6.91,0,0,34.0,21355000
2129,Rajshahi,Condo,3184,6,6,20,4,2001,25,Good,Semi-Furnished,0,0,0,12.41,0,1,19.8,19528000
2130,Dhaka,Apartment,589,1,1,6,0,2023,3,Good,Semi-Furnished,0,0,0,6.55,1,1,53.1,3448000
2131,Rangpur,Apartment,1735,2,1,11,4,2018,8,Good,Unfurnished,0,0,0,2.18,0,0,24.8,4659000
2132,Barishal,Condo,1502,2,2,13,4,1998,28,Fair,Unfurnished,0,0,1,11.18,0,1,34.2,8268000
2133,Rajshahi,Apartment,1921,4,4,16,0,2015,11,Excellent,Semi-Furnished,1,0,0,8.69,1,1,39.6,6493000
2134,Chattogram,Apartment,1754,2,2,20,20,2014,12,New,Unfurnished,1,0,0,22.01,0,0,53.0,9284000
2135,Mymensingh,Apartment,1872,4,4,10,6,2006,20,Good,Unfurnished,1,0,0,9.48,0,0,27.9,9372000
2136,Mymensingh,House,1161,1,1,1,0,2024,2,Good,Semi-Furnished,1,0,0,3.06,1,0,26.4,6920000
2137,Barishal,Apartment,950,2,2,18,4,2023,3,New,Semi-Furnished,1,0,0,6.36,0,1,40.4,7603000
2138,Mymensingh,Townhouse,1596,2,2,1,0,1989,37,Needs Renovation,Semi-Furnished,1,0,0,3.47,0,0,35.9,6017000
2139,Chattogram,Condo,1329,1,1,9,0,1986,40,Fair,Unfurnished,0,0,0,7.57,0,0,43.3,15442000
2140,Dhaka,Duplex,2359,2,2,1,0,2026,0,Fair,Unfurnished,1,0,0,13.37,0,1,53.0,27431000
2141,Sylhet,House,2298,4,5,1,0,2010,16,Fair,Semi-Furnished,0,1,0,1.77,0,1,39.0,10096000
2142,Mymensingh,Apartment,687,1,1,15,8,2026,0,Good,Fully Furnished,1,0,0,8.18,0,0,27.3,4188000
2143,Sylhet,House,1204,2,1,3,2,1994,32,Fair,Semi-Furnished,0,0,0,8.5,1,0,22.0,3830000
2144,Sylhet,Apartment,1238,2,1,12,1,2026,0,Good,Semi-Furnished,2,0,0,3.9,1,1,40.2,15417000
2145,Rangpur,House,992,2,1,3,1,1988,38,Good,Unfurnished,2,1,0,8.11,1,1,45.5,3966000
2146,Rangpur,Apartment,1426,2,2,24,20,2015,11,Good,Unfurnished,1,0,0,2.79,0,0,25.3,3466000
2147,Rajshahi,Condo,1239,1,1,15,15,2025,1,New,Semi-Furnished,1,0,0,3.42,1,0,48.2,11625000
2148,Rajshahi,Apartment,548,1,1,19,4,2022,4,Excellent,Fully Furnished,1,0,0,0.63,0,1,22.1,2055000
2149,Khulna,Apartment,1647,3,2,14,1,1992,34,Good,Fully Furnished,0,0,0,4.35,1,0,23.6,7745000
2150,Rangpur,House,1546,2,3,1,0,1994,32,Good,Fully Furnished,1,0,0,3.55,0,1,57.6,10306000
2151,Khulna,Apartment,450,1,2,23,21,2012,14,Needs Renovation,Semi-Furnished,1,0,0,3.61,0,0,57.8,1677000
2152,Rajshahi,Apartment,1861,1,1,9,3,1998,28,Good,Fully Furnished,1,0,0,4.9,1,1,35.5,3885000
2153,Sylhet,Townhouse,1393,3,2,3,0,2013,13,New,Semi-Furnished,1,0,0,12.0,1,0,56.0,12633000
2154,Chattogram,Duplex,3258,4,3,2,0,2017,9,Good,Semi-Furnished,0,1,0,4.16,1,1,54.2,39411000
2155,Barishal,House,1542,2,2,3,1,1994,32,Good,Semi-Furnished,2,0,1,26.85,0,0,89.2,2149000
2156,Rangpur,Townhouse,2196,4,3,2,1,1990,36,Good,Semi-Furnished,1,1,0,9.75,1,0,37.9,8877000
2157,Dhaka,House,2628,4,4,3,0,2002,24,Needs Renovation,Unfurnished,0,0,0,9.88,1,0,36.9,7335000
2158,Chattogram,Apartment,970,2,3,8,7,2007,19,Good,Semi-Furnished,1,0,0,4.39,1,0,48.9,4116000
2159,Barishal,Condo,1643,3,3,8,0,1990,36,New,Fully Furnished,1,0,0,7.09,1,0,34.8,11829000
2160,Dhaka,Apartment,709,1,1,19,16,1996,30,Excellent,Semi-Furnished,0,0,0,3.36,1,1,50.8,10770000
2161,Barishal,House,1986,2,2,1,1,1991,35,Excellent,Semi-Furnished,2,0,0,16.94,0,0,32.1,5638000
2162,Chattogram,Apartment,1724,4,4,13,2,2002,24,Excellent,Semi-Furnished,1,0,0,11.07,0,1,56.3,14273000
2163,Mymensingh,Apartment,1793,3,4,14,13,2005,21,Fair,Semi-Furnished,2,0,0,3.09,1,0,48.0,7672000
2164,Sylhet,Apartment,1661,2,2,24,6,2013,13,New,Semi-Furnished,1,0,0,5.87,1,1,22.1,7043000
2165,Sylhet,Condo,1868,3,3,8,6,2014,12,Good,Unfurnished,1,0,0,21.32,0,0,69.9,6195000
2166,Rajshahi,Townhouse,1269,1,2,3,2,2017,9,Good,Semi-Furnished,1,0,0,7.15,1,0,38.5,8606000
2167,Khulna,Apartment,902,1,1,11,11,1994,32,Good,Semi-Furnished,2,0,0,13.21,0,0,50.5,5249000
2168,Rangpur,Apartment,1527,2,2,18,4,1995,31,Excellent,Semi-Furnished,1,0,0,4.18,1,0,33.7,8455000
2169,Rangpur,Apartment,969,1,2,7,6,2021,5,Good,Semi-Furnished,0,0,0,22.45,0,0,59.2,1172000
2170,Rangpur,Apartment,450,1,2,6,2,1996,30,Good,Semi-Furnished,0,0,0,3.27,1,1,40.4,2210000
2171,Rangpur,Condo,1450,2,3,25,9,1989,37,Excellent,Unfurnished,0,0,0,11.05,0,0,45.0,6416000
2172,Rangpur,Duplex,1818,2,1,2,0,2003,23,Good,Unfurnished,2,1,0,3.8,0,0,34.3,10983000
2173,Rajshahi,Apartment,1576,3,2,12,2,2012,14,Fair,Semi-Furnished,0,0,0,15.53,1,0,57.4,5660000
2174,Dhaka,Duplex,3269,3,3,1,1,2021,5,Needs Renovation,Unfurnished,1,0,0,6.79,0,1,26.7,38185000
2175,Rajshahi,Apartment,707,1,1,9,1,1995,31,Needs Renovation,Unfurnished,0,0,1,1.78,1,1,25.4,2920000
2176,Dhaka,Apartment,733,2,3,16,16,2019,7,Good,Fully Furnished,0,0,0,3.8,1,1,36.1,5219000
2177,Rangpur,Apartment,1630,3,3,13,1,1987,39,New,Fully Furnished,2,0,0,10.05,1,0,57.7,4519000
2178,Dhaka,Apartment,450,1,1,6,6,2021,5,Good,Semi-Furnished,2,0,0,2.38,1,0,15.1,3131000
2179,Rangpur,Apartment,1409,2,3,11,0,2025,1,Good,Semi-Furnished,0,0,0,5.67,1,0,24.5,7953000
2180,Khulna,Apartment,1946,3,3,19,4,2005,21,Needs Renovation,Unfurnished,1,0,0,1.38,0,1,20.5,4021000
2181,Barishal,Apartment,1898,3,4,20,6,1988,38,Fair,Fully Furnished,1,0,0,26.91,1,0,48.5,4211000
2182,Rangpur,Apartment,2153,3,3,18,7,2018,8,Needs Renovation,Semi-Furnished,0,0,0,3.71,0,1,50.6,5872000
2183,Sylhet,House,1652,2,2,2,0,2026,0,New,Semi-Furnished,2,1,0,12.05,1,0,52.8,15638000
2184,Rajshahi,Apartment,896,2,1,9,8,1991,35,Fair,Fully Furnished,1,0,1,3.99,1,1,42.0,5391000
2185,Dhaka,Condo,2336,4,4,7,7,2006,20,New,Fully Furnished,0,0,0,5.6,0,1,38.6,19790000
2186,Sylhet,House,540,1,1,1,1,2007,19,Good,Fully Furnished,1,0,0,22.02,0,0,51.9,4682000
2187,Mymensingh,Apartment,1774,3,3,13,4,2016,10,Good,Unfurnished,1,0,0,10.17,1,0,75.5,9999000
2188,Barishal,Apartment,1492,3,3,17,0,2020,6,Needs Renovation,Unfurnished,0,0,0,9.58,1,0,25.3,4123000
2189,Sylhet,Condo,960,2,2,19,2,1987,39,Needs Renovation,Semi-Furnished,0,0,0,1.45,1,1,22.8,4444000
2190,Khulna,Apartment,1429,2,1,19,0,1995,31,Excellent,Unfurnished,0,0,0,1.09,1,1,66.4,12964000
2191,Barishal,Apartment,2223,4,3,9,6,2000,26,Needs Renovation,Semi-Furnished,2,0,0,1.49,1,1,42.9,11218000
2192,Rangpur,House,2023,3,3,3,1,2026,0,Good,Unfurnished,1,1,0,4.15,0,0,38.4,14169000
2193,Mymensingh,House,1833,2,1,3,1,2007,19,New,Semi-Furnished,0,0,0,30.96,0,1,34.3,5639000
2194,Sylhet,Apartment,1855,3,3,16,3,2001,25,Excellent,Semi-Furnished,1,0,0,3.86,0,0,59.1,18114000
2195,Chattogram,Apartment,2305,5,4,17,5,2018,8,Fair,Fully Furnished,1,0,0,2.93,1,1,8.4,9357000
2196,Khulna,Condo,2432,3,3,6,0,2012,14,Good,Semi-Furnished,0,0,0,2.2,1,1,42.9,6432000
2197,Chattogram,House,2588,4,5,2,1,2007,19,Fair,Unfurnished,1,0,0,3.61,0,1,23.8,24222000
2198,Chattogram,Duplex,2160,3,3,2,1,2012,14,Good,Semi-Furnished,0,1,0,3.23,1,0,41.7,41777000
2199,Dhaka,Apartment,1741,4,3,16,13,2010,16,Fair,Semi-Furnished,3,0,0,8.71,1,0,42.0,21730000
2200,Sylhet,Townhouse,1378,3,2,3,2,2012,14,New,Unfurnished,1,1,0,1.76,0,1,31.2,9008000
2201,Khulna,Apartment,1343,2,1,22,8,1997,29,Excellent,Unfurnished,1,0,0,5.15,1,1,28.9,9890000
2202,Rangpur,Condo,2044,3,3,20,17,2015,11,Fair,Semi-Furnished,1,0,0,25.17,0,0,57.3,4241000
2203,Khulna,Apartment,1921,3,3,24,5,2010,16,Good,Semi-Furnished,1,0,0,6.39,1,1,41.5,5647000
2204,Barishal,Apartment,679,2,3,17,13,1985,41,Good,Fully Furnished,2,0,0,1.86,1,0,20.7,1986000
2205,Rangpur,Duplex,2835,3,3,2,0,2014,12,Excellent,Semi-Furnished,3,0,0,13.23,1,0,61.0,17229000
2206,Khulna,Apartment,1870,3,3,22,0,2004,22,Excellent,Semi-Furnished,2,0,0,9.94,1,1,49.6,7695000
2207,Sylhet,House,2649,3,4,3,0,1998,28,Fair,Fully Furnished,0,0,0,13.18,1,1,54.7,12239000
2208,Sylhet,Apartment,1363,2,2,8,3,2010,16,Good,Semi-Furnished,0,0,0,18.11,0,0,51.2,3824000
2209,Dhaka,Apartment,1271,1,1,22,16,1989,37,New,Semi-Furnished,1,0,0,1.6,1,1,43.7,26079000
2210,Barishal,Condo,686,1,1,23,4,1996,30,Fair,Semi-Furnished,0,0,0,2.65,0,1,37.4,3055000
2211,Sylhet,Apartment,1972,3,4,9,1,2006,20,Good,Fully Furnished,1,0,0,36.78,0,0,63.7,4288000
2212,Rangpur,Apartment,1721,3,2,10,8,1985,41,Excellent,Semi-Furnished,2,0,0,30.92,0,0,76.7,4278000
2213,Rangpur,Apartment,1351,3,4,8,7,1999,27,Fair,Unfurnished,0,0,1,5.28,0,0,54.1,3169000
2214,Khulna,Apartment,826,1,2,17,15,2003,23,New,Semi-Furnished,0,0,0,5.62,1,1,36.4,7522000
2215,Rangpur,Duplex,2525,4,4,1,1,2015,11,Good,Semi-Furnished,1,1,0,24.39,0,0,60.0,10471000
2216,Khulna,Apartment,1993,2,2,12,12,2024,2,Fair,Semi-Furnished,0,0,0,3.08,1,0,50.9,5878000
2217,Sylhet,House,1564,3,2,2,0,1985,41,Needs Renovation,Semi-Furnished,0,0,1,13.59,0,0,67.5,5427000
2218,Chattogram,House,1533,1,1,3,2,2009,17,Excellent,Fully Furnished,1,0,0,8.14,1,0,47.9,22998000
2219,Khulna,House,2625,3,2,1,1,2008,18,Good,Unfurnished,1,0,0,3.81,1,1,37.1,18311000
2220,Dhaka,House,1134,2,1,2,1,1988,38,Fair,Unfurnished,0,0,0,12.98,0,1,62.6,3624000
2221,Rangpur,Condo,1496,1,1,16,6,1990,36,Good,Semi-Furnished,1,0,0,4.49,0,1,32.8,3310000
2222,Rangpur,Condo,2044,4,4,17,8,2010,16,Fair,Semi-Furnished,1,0,0,0.54,0,1,59.9,11966000
2223,Rangpur,House,1731,2,1,3,1,2005,21,Good,Unfurnished,2,1,0,20.48,0,1,77.1,6731000
2224,Khulna,Condo,580,1,1,25,6,1986,40,Good,Semi-Furnished,0,0,1,2.83,1,0,73.6,3130000
2225,Dhaka,Condo,1056,1,2,23,15,1993,33,Fair,Unfurnished,0,0,0,15.89,0,1,29.6,11395000
2226,Dhaka,Apartment,2109,3,4,18,15,2023,3,Good,Semi-Furnished,0,0,0,21.82,0,0,56.1,15551000
2227,Mymensingh,Apartment,1301,3,2,10,0,2023,3,Excellent,Unfurnished,1,0,0,15.6,1,0,58.2,5275000
2228,Mymensingh,Apartment,1534,2,3,18,15,2002,24,Fair,Semi-Furnished,1,0,0,6.47,0,0,26.9,4164000
2229,Rajshahi,Apartment,1096,2,1,25,9,2024,2,New,Unfurnished,0,0,0,0.66,1,1,52.2,3715000
2230,Chattogram,Apartment,1686,2,2,23,15,2002,24,Fair,Semi-Furnished,2,0,0,1.43,0,1,33.2,18868000
2231,Dhaka,Apartment,1425,1,1,6,4,2026,0,Good,Semi-Furnished,1,0,0,3.32,1,0,39.7,12534000
2232,Sylhet,Townhouse,1507,1,2,3,1,2010,16,Fair,Unfurnished,2,1,0,5.11,0,0,39.3,8930000
2233,Khulna,Duplex,1892,3,2,1,0,1997,29,Excellent,Semi-Furnished,1,0,0,0.7,1,0,52.6,10739000
2234,Dhaka,Duplex,2704,3,3,2,1,2003,23,New,Unfurnished,0,0,0,14.58,0,0,57.4,58689000
2235,Sylhet,Apartment,1800,4,4,6,2,2000,26,Fair,Unfurnished,0,0,0,7.95,1,1,59.8,5309000
2236,Chattogram,Duplex,2586,2,1,2,0,2005,21,Good,Unfurnished,0,1,0,5.47,0,1,21.2,30796000
2237,Khulna,Duplex,3163,3,4,3,1,1994,32,New,Semi-Furnished,1,1,0,5.4,0,1,55.7,30489000
2238,Barishal,Apartment,1432,2,2,8,8,2004,22,New,Semi-Furnished,1,0,0,2.21,0,1,26.1,9985000
2239,Barishal,Apartment,1197,2,1,13,12,2019,7,Excellent,Fully Furnished,0,0,0,8.02,0,0,48.8,5252000
2240,Chattogram,Condo,810,2,2,16,8,1996,30,Excellent,Semi-Furnished,1,0,0,8.57,0,1,39.9,11820000
2241,Khulna,Duplex,2332,3,4,2,0,2000,26,Good,Unfurnished,2,0,0,9.34,0,0,54.1,21194000
2242,Dhaka,Duplex,1506,2,2,2,1,1989,37,New,Semi-Furnished,2,1,0,21.98,0,0,68.8,20597000
2243,Khulna,Duplex,2720,3,3,2,1,1999,27,Needs Renovation,Semi-Furnished,1,0,0,8.66,1,0,78.8,7010000
2244,Khulna,Apartment,1603,1,2,23,15,2000,26,New,Fully Furnished,0,0,0,2.46,0,0,20.3,19222000
2245,Sylhet,Condo,2634,4,4,17,11,2009,17,Fair,Fully Furnished,0,0,0,4.81,1,1,58.4,30581000
2246,Khulna,House,1808,3,2,3,2,2007,19,New,Semi-Furnished,0,0,0,3.21,0,1,38.1,17898000
2247,Sylhet,House,1816,3,4,3,0,1985,41,Good,Unfurnished,0,1,0,14.99,1,0,46.4,13461000
2248,Mymensingh,Duplex,2238,2,2,3,2,2009,17,Good,Unfurnished,1,1,0,8.02,1,0,54.7,4787000
2249,Dhaka,House,2584,4,4,1,1,2010,16,Fair,Semi-Furnished,2,1,0,8.66,0,1,52.0,48338000
2250,Sylhet,Apartment,1930,2,2,6,5,2015,11,Excellent,Unfurnished,0,0,0,9.68,1,1,51.9,7880000
2251,Sylhet,House,2047,3,4,3,2,2001,25,Fair,Fully Furnished,2,0,0,4.78,0,1,52.3,16710000
2252,Mymensingh,Apartment,1743,1,1,23,7,1991,35,Needs Renovation,Fully Furnished,1,0,0,1.32,1,1,27.1,3876000
2253,Dhaka,Apartment,1652,3,4,18,8,1998,28,Needs Renovation,Semi-Furnished,1,0,0,7.82,1,1,47.9,20259000
2254,Rajshahi,Townhouse,1384,2,1,2,0,2012,14,Good,Semi-Furnished,0,0,0,0.77,1,1,37.0,4697000
2255,Rajshahi,Apartment,1150,3,2,9,1,2014,12,New,Unfurnished,0,0,0,4.58,0,1,52.0,5179000
2256,Khulna,Duplex,2953,3,3,3,2,2002,24,Fair,Fully Furnished,2,1,0,7.97,0,1,42.1,26953000
2257,Rajshahi,Apartment,1501,3,3,7,0,2003,23,Excellent,Unfurnished,1,0,0,12.27,0,0,62.5,2133000
2258,Mymensingh,Apartment,1673,2,3,15,2,2012,14,Excellent,Unfurnished,1,0,0,13.28,1,0,61.8,4457000
2259,Mymensingh,Duplex,2728,3,3,3,0,1986,40,Good,Fully Furnished,1,1,0,14.23,0,0,30.5,17884000
2260,Chattogram,Apartment,1343,3,3,15,7,1988,38,Good,Unfurnished,1,0,0,0.95,1,1,21.6,6892000
2261,Chattogram,Townhouse,1551,4,5,2,0,2008,18,New,Unfurnished,1,0,0,1.43,1,1,29.9,18430000
2262,Rajshahi,Apartment,1088,2,2,21,7,2007,19,Fair,Fully Furnished,0,0,0,6.35,1,1,52.4,4342000
2263,Mymensingh,House,1815,3,3,1,1,2025,1,Fair,Unfurnished,0,0,0,9.48,1,0,8.2,9711000
2264,Dhaka,House,1382,3,3,3,0,2024,2,Good,Semi-Furnished,0,1,1,4.39,1,0,19.8,21650000
2265,Barishal,House,540,1,1,3,2,2025,1,Fair,Unfurnished,1,1,0,11.26,0,0,25.3,2750000
2266,Sylhet,Apartment,1589,3,4,18,1,1997,29,New,Fully Furnished,0,0,0,5.69,1,0,39.9,8743000
2267,Rangpur,Apartment,652,2,3,20,19,2025,1,Fair,Fully Furnished,1,0,0,8.65,1,1,64.4,1124000
2268,Rajshahi,Apartment,1188,2,2,10,9,2025,1,Excellent,Semi-Furnished,1,0,0,8.38,1,0,59.4,3100000
2269,Dhaka,House,2037,2,2,2,0,2013,13,Good,Unfurnished,2,1,0,9.67,0,0,68.9,36493000
2270,Dhaka,Apartment,1947,3,3,14,14,2014,12,Good,Semi-Furnished,1,0,0,7.64,1,0,39.3,19247000
2271,Mymensingh,Apartment,1429,2,2,23,9,2005,21,Excellent,Semi-Furnished,0,0,1,1.77,1,0,9.9,11938000
2272,Mymensingh,Apartment,1708,2,2,9,3,2019,7,Good,Unfurnished,0,0,0,2.57,1,1,39.9,11760000
2273,Rajshahi,Apartment,2165,2,1,18,0,1997,29,Fair,Fully Furnished,0,0,0,3.86,0,1,56.6,11526000
2274,Chattogram,Apartment,2379,4,5,13,9,2026,0,Good,Fully Furnished,0,0,0,9.28,1,1,27.5,27035000
2275,Dhaka,House,2412,3,3,2,1,1991,35,Fair,Semi-Furnished,0,0,0,12.72,0,1,52.6,28277000
2276,Dhaka,Condo,1732,3,3,11,9,2025,1,New,Semi-Furnished,1,0,0,4.26,1,0,22.9,21927000
2277,Barishal,Apartment,1515,2,3,10,8,1985,41,Fair,Unfurnished,1,0,0,5.72,1,1,33.9,6429000
2278,Chattogram,Condo,1337,3,2,13,0,1985,41,Excellent,Unfurnished,0,0,0,6.15,1,0,39.1,19528000
2279,Khulna,Apartment,3220,6,5,19,18,1995,31,Fair,Unfurnished,0,0,0,3.7,1,1,23.9,21572000
2280,Dhaka,Apartment,1307,3,3,20,4,2024,2,Good,Fully Furnished,0,0,0,2.29,1,1,26.1,27498000
2281,Sylhet,House,1533,1,2,3,2,2002,24,Good,Unfurnished,2,0,0,20.43,0,0,74.5,7705000
2282,Khulna,Apartment,976,2,1,19,2,2023,3,New,Unfurnished,1,0,0,8.69,1,1,37.9,6643000
2283,Dhaka,Townhouse,1629,4,4,1,1,2014,12,Good,Semi-Furnished,1,0,0,6.33,0,1,47.5,34001000
2284,Chattogram,Duplex,1127,1,1,2,0,2017,9,Excellent,Semi-Furnished,0,1,0,14.05,1,1,78.0,17538000
2285,Rangpur,Apartment,1352,2,3,11,0,1988,38,Good,Semi-Furnished,0,0,0,16.93,1,0,80.0,4188000
2286,Barishal,House,1184,2,2,2,1,2025,1,Good,Unfurnished,0,0,0,0.69,1,1,25.0,8123000
2287,Sylhet,Apartment,2154,3,3,21,21,1987,39,New,Fully Furnished,0,0,0,16.76,1,0,74.6,16662000
2288,Barishal,Duplex,1449,1,1,2,1,2016,10,Excellent,Semi-Furnished,3,0,0,3.1,1,1,28.3,13618000
2289,Dhaka,Apartment,1050,2,2,20,9,2025,1,Fair,Unfurnished,1,0,0,0.63,1,1,36.9,18502000
2290,Barishal,Apartment,2287,3,4,23,20,1996,30,Fair,Fully Furnished,0,0,0,3.37,1,1,65.8,15914000
2291,Barishal,Apartment,1938,4,4,22,15,2018,8,Excellent,Semi-Furnished,1,0,0,0.43,1,1,22.9,13155000
2292,Khulna,Apartment,1144,1,1,24,8,2025,1,Good,Semi-Furnished,1,0,0,8.81,1,0,48.9,5088000
2293,Mymensingh,Apartment,1189,2,1,8,8,1991,35,Good,Semi-Furnished,1,0,0,4.4,1,1,61.6,3038000
2294,Chattogram,House,2990,3,3,2,0,2024,2,Good,Semi-Furnished,2,1,0,15.23,0,0,52.4,26790000
2295,Khulna,Apartment,1366,3,2,24,16,2006,20,Good,Semi-Furnished,1,0,0,11.22,0,1,50.4,7807000
2296,Rangpur,House,1156,1,2,1,1,2025,1,Good,Semi-Furnished,0,0,0,10.14,1,1,46.4,2215000
2297,Barishal,Apartment,2298,4,3,6,6,2005,21,Excellent,Unfurnished,1,0,0,13.69,1,0,54.0,12681000
2298,Rajshahi,Condo,727,1,2,19,18,2005,21,Good,Fully Furnished,1,0,0,2.8,1,0,44.0,2473000
2299,Khulna,Apartment,1652,3,3,14,5,2022,4,Good,Unfurnished,1,0,0,10.26,1,0,28.0,12405000
2300,Sylhet,Condo,1132,1,1,9,4,2023,3,New,Fully Furnished,1,0,1,2.54,1,0,55.3,8287000
2301,Dhaka,Townhouse,2098,4,5,2,0,2003,23,Excellent,Unfurnished,1,0,0,11.57,1,0,50.3,19499000
2302,Rangpur,House,938,1,2,1,0,2006,20,Excellent,Unfurnished,1,0,0,2.51,0,1,32.2,5897000
2303,Barishal,Apartment,787,2,2,23,11,1995,31,Good,Semi-Furnished,1,0,0,4.15,1,1,12.9,1619000
2304,Barishal,Duplex,2253,3,4,1,0,1999,27,Good,Unfurnished,0,0,0,13.41,1,0,67.6,3561000
2305,Khulna,Apartment,1601,2,2,22,11,2022,4,Good,Semi-Furnished,1,0,0,6.69,1,1,54.0,7925000
2306,Barishal,House,1285,1,1,3,0,2014,12,Good,Semi-Furnished,1,1,0,0.57,0,1,50.8,3864000
2307,Dhaka,Apartment,1072,2,2,22,19,2024,2,Good,Semi-Furnished,0,0,0,15.14,0,0,45.7,4732000
2308,Rajshahi,Apartment,1433,2,3,13,11,1989,37,Good,Fully Furnished,1,0,0,14.56,1,0,29.4,4644000
2309,Chattogram,Condo,1709,3,2,10,8,2010,16,New,Fully Furnished,1,0,0,18.87,0,0,80.0,7791000
2310,Barishal,Apartment,2518,4,4,11,4,2000,26,New,Unfurnished,1,0,1,0.97,1,1,53.5,16901000
2311,Rajshahi,House,2134,2,3,3,0,1999,27,Excellent,Semi-Furnished,0,1,0,42.09,0,0,69.4,7515000
2312,Mymensingh,Duplex,2779,2,3,2,1,1998,28,Good,Fully Furnished,1,0,1,0.88,0,1,36.4,11536000
2313,Chattogram,House,2028,2,2,2,0,2016,10,Good,Fully Furnished,1,1,0,7.47,1,1,54.6,21618000
2314,Sylhet,House,2515,3,2,2,1,1995,31,Good,Unfurnished,3,0,0,9.09,0,0,45.8,9999000
2315,Barishal,House,2114,3,2,3,2,2003,23,Fair,Fully Furnished,2,1,0,1.16,0,1,42.9,17860000
2316,Barishal,Apartment,1012,2,2,24,22,1999,27,Fair,Semi-Furnished,0,0,0,9.52,1,0,58.2,2885000
2317,Khulna,Condo,813,1,1,12,11,2018,8,Good,Semi-Furnished,0,0,1,18.38,1,0,47.6,1737000
2318,Rajshahi,Apartment,1057,1,1,22,22,1996,30,Excellent,Fully Furnished,1,0,0,1.5,1,1,44.0,10452000
2319,Rajshahi,Apartment,1846,2,2,20,20,2007,19,Excellent,Semi-Furnished,1,0,0,9.01,1,0,58.9,6974000
2320,Sylhet,Apartment,2160,5,4,11,5,1993,33,Good,Semi-Furnished,1,0,0,8.47,0,1,25.8,19411000
2321,Rangpur,Apartment,1490,2,3,19,14,2011,15,Fair,Semi-Furnished,1,0,0,22.4,0,0,32.3,1340000
2322,Rajshahi,Apartment,1915,2,2,10,0,2012,14,Excellent,Fully Furnished,1,0,0,2.46,1,1,30.2,16978000
2323,Khulna,Apartment,1582,1,1,12,12,1992,34,New,Unfurnished,0,0,0,7.42,0,0,14.0,6974000
2324,Chattogram,Duplex,4086,4,4,3,1,2002,24,Good,Unfurnished,0,1,0,3.92,1,0,38.9,61232000
2325,Dhaka,Apartment,1774,3,2,7,1,1993,33,Excellent,Fully Furnished,0,0,0,7.11,1,1,69.9,23133000
2326,Dhaka,Apartment,1495,2,1,7,7,1995,31,Good,Semi-Furnished,0,0,0,1.39,1,1,10.0,27622000
2327,Dhaka,Condo,1796,3,4,7,4,1998,28,New,Fully Furnished,1,0,0,10.14,0,1,50.7,29488000
2328,Mymensingh,Townhouse,1497,2,1,2,0,2007,19,Fair,Unfurnished,1,1,0,4.39,1,1,43.0,3985000
2329,Chattogram,Townhouse,1823,3,4,1,1,1991,35,Excellent,Semi-Furnished,0,1,0,15.54,1,1,48.9,20787000
2330,Barishal,Apartment,2443,4,5,12,7,1989,37,Excellent,Unfurnished,1,0,0,31.87,0,1,98.9,9605000
2331,Rangpur,House,2624,4,4,2,0,2000,26,Good,Unfurnished,3,0,0,2.05,0,0,41.1,20174000
2332,Rajshahi,Duplex,2917,4,3,1,1,1992,34,Needs Renovation,Semi-Furnished,0,0,0,5.95,0,1,18.7,15733000
2333,Sylhet,Duplex,2138,2,2,1,0,2010,16,Good,Semi-Furnished,0,0,0,15.16,0,0,58.6,17760000
2334,Chattogram,Townhouse,2145,3,3,3,1,1994,32,Fair,Unfurnished,1,0,0,8.53,0,1,29.5,6272000
2335,Sylhet,Apartment,2240,4,4,17,2,1999,27,Excellent,Semi-Furnished,2,0,0,7.12,0,1,44.3,24767000
2336,Sylhet,Apartment,1306,1,1,24,10,1992,34,Good,Semi-Furnished,1,0,0,7.51,0,1,32.8,4370000
2337,Dhaka,House,2078,3,2,3,2,1996,30,Good,Semi-Furnished,1,0,0,1.2,1,0,36.6,20198000
2338,Barishal,Apartment,1582,2,3,19,0,2006,20,Excellent,Semi-Furnished,1,0,0,1.57,1,1,37.9,9552000
2339,Dhaka,House,958,1,1,2,1,2012,14,Fair,Unfurnished,2,1,1,1.37,1,1,46.1,4649000
2340,Dhaka,Apartment,1820,3,2,15,6,2011,15,Good,Unfurnished,1,0,0,4.74,0,0,42.4,36462000
2341,Rangpur,Apartment,1639,1,1,14,3,2016,10,Excellent,Fully Furnished,1,0,0,4.94,0,0,34.9,8282000
2342,Khulna,Condo,1455,1,1,12,6,2016,10,Excellent,Semi-Furnished,2,0,0,3.61,0,0,15.0,15968000
2343,Mymensingh,Apartment,1266,2,1,22,3,1995,31,New,Semi-Furnished,1,0,0,7.14,1,1,21.3,4186000
2344,Sylhet,Condo,1518,2,3,6,4,2024,2,New,Semi-Furnished,0,0,0,4.83,1,0,43.0,14880000
2345,Rajshahi,Apartment,1213,2,2,18,2,2012,14,Needs Renovation,Unfurnished,0,0,0,15.2,1,0,15.9,4772000
2346,Dhaka,Apartment,1379,1,1,22,20,2004,22,Fair,Semi-Furnished,0,0,0,9.78,1,0,29.1,11305000
2347,Khulna,Condo,1055,2,2,17,6,2023,3,Needs Renovation,Semi-Furnished,1,0,0,5.27,1,1,59.1,6545000
2348,Mymensingh,Condo,1339,1,1,25,1,2017,9,Excellent,Unfurnished,1,0,0,3.92,1,1,23.9,5758000
2349,Dhaka,Apartment,1801,2,3,23,10,1995,31,Fair,Unfurnished,0,0,0,12.7,1,0,31.1,13880000
2350,Dhaka,Condo,1948,4,3,6,3,2012,14,Fair,Semi-Furnished,0,0,0,4.07,0,1,28.4,13463000
2351,Barishal,Apartment,1296,2,2,15,10,1986,40,Good,Fully Furnished,0,0,0,2.06,0,0,34.8,6338000
2352,Chattogram,Townhouse,1760,2,1,1,1,2006,20,Needs Renovation,Unfurnished,0,0,0,19.24,1,0,51.0,9955000
2353,Dhaka,Duplex,1188,2,3,1,0,2007,19,New,Semi-Furnished,0,0,0,2.91,1,1,30.9,28587000
2354,Rajshahi,Apartment,1337,3,3,21,17,2018,8,New,Semi-Furnished,1,0,0,3.93,0,1,17.0,11188000
2355,Khulna,House,1952,3,2,2,1,2013,13,Good,Unfurnished,2,1,0,6.45,0,0,44.1,8487000
2356,Khulna,Apartment,1438,2,3,8,4,1996,30,Needs Renovation,Semi-Furnished,1,0,0,13.91,1,0,61.6,3472000
2357,Rajshahi,Apartment,1146,3,3,14,10,2000,26,Good,Semi-Furnished,2,0,0,9.49,1,1,56.6,4308000
2358,Rangpur,Apartment,1381,2,1,25,12,2004,22,New,Semi-Furnished,2,0,0,4.74,1,0,50.7,5666000
2359,Rangpur,Condo,1453,2,3,21,15,2009,17,Excellent,Unfurnished,1,0,0,1.6,0,1,72.2,7600000
2360,Sylhet,Apartment,1393,3,3,19,10,1996,30,Good,Fully Furnished,0,0,0,3.74,0,1,50.2,6796000
2361,Khulna,House,1928,2,2,2,1,2025,1,Fair,Unfurnished,2,1,0,16.16,0,0,63.6,8508000
2362,Dhaka,Apartment,826,1,2,25,5,2013,13,New,Fully Furnished,0,0,0,15.12,1,0,55.2,13986000
2363,Rajshahi,House,1393,2,1,1,1,2000,26,Good,Unfurnished,1,1,0,17.45,0,0,52.7,2164000
2364,Rangpur,House,2156,4,3,3,2,2013,13,Good,Fully Furnished,2,1,0,4.98,1,1,12.2,12113000
2365,Chattogram,Apartment,1359,1,2,11,1,2016,10,Excellent,Fully Furnished,1,0,0,4.91,1,0,32.8,9031000
2366,Chattogram,Apartment,1298,1,1,19,5,2004,22,Good,Semi-Furnished,0,0,0,8.07,0,1,33.6,15835000
2367,Sylhet,Apartment,1207,1,1,10,4,2016,10,Good,Fully Furnished,1,0,0,8.33,0,1,39.8,6671000
2368,Barishal,Apartment,2011,3,3,11,3,2005,21,Needs Renovation,Semi-Furnished,3,0,0,2.98,1,1,56.9,4734000
2369,Rajshahi,Apartment,1690,4,3,17,10,2018,8,Needs Renovation,Fully Furnished,2,0,0,3.73,0,0,34.1,5738000
2370,Mymensingh,Apartment,1225,1,1,9,3,1991,35,Fair,Semi-Furnished,1,0,0,3.28,1,1,29.8,1827000
2371,Barishal,Apartment,862,2,2,8,0,1991,35,Excellent,Fully Furnished,0,0,0,6.92,0,0,29.1,6663000
2372,Mymensingh,Apartment,2241,3,4,6,2,2012,14,Good,Semi-Furnished,0,0,0,17.65,1,0,66.9,6128000
2373,Khulna,Duplex,2384,4,4,2,1,2000,26,Good,Fully Furnished,0,0,0,5.2,0,0,63.5,8482000
2374,Rangpur,Condo,1305,3,2,18,0,2002,24,Excellent,Fully Furnished,0,0,0,10.06,0,1,69.0,3977000
2375,Barishal,Apartment,783,1,1,7,3,2017,9,Good,Fully Furnished,2,0,0,2.33,1,1,57.7,5942000
2376,Dhaka,Apartment,1719,4,4,25,11,2004,22,Good,Semi-Furnished,0,0,0,7.7,1,1,63.5,15997000
2377,Dhaka,Apartment,2003,4,4,19,16,1986,40,New,Semi-Furnished,1,0,0,2.14,1,1,64.5,20033000
2378,Chattogram,Apartment,1706,3,3,25,20,2026,0,Good,Unfurnished,2,0,0,25.45,0,0,81.8,10312000
2379,Chattogram,Apartment,1739,2,3,16,4,1986,40,Fair,Fully Furnished,1,0,0,10.85,0,1,48.5,18156000
2380,Dhaka,Apartment,2794,5,5,19,0,2024,2,Good,Unfurnished,0,0,0,9.24,0,1,68.1,9291000
2381,Dhaka,Townhouse,1585,2,1,2,0,1996,30,Fair,Unfurnished,0,1,0,7.24,0,0,49.0,23257000
2382,Rajshahi,Townhouse,1377,2,2,3,2,2006,20,Excellent,Fully Furnished,1,0,0,4.01,0,0,49.4,8500000
2383,Rajshahi,Apartment,1865,4,4,12,9,1991,35,Good,Unfurnished,0,0,0,12.59,0,1,37.1,11546000
2384,Sylhet,Apartment,981,1,2,22,22,1987,39,Excellent,Fully Furnished,0,0,1,40.85,0,0,87.0,2982000
2385,Barishal,Apartment,1292,3,2,12,7,1986,40,Excellent,Semi-Furnished,1,0,0,6.73,0,0,35.8,5915000
2386,Dhaka,Apartment,907,1,1,12,4,1986,40,Good,Unfurnished,0,0,1,0.56,1,0,7.7,15637000
2387,Dhaka,Apartment,2011,4,4,15,3,1993,33,Good,Semi-Furnished,0,0,0,7.47,1,1,45.2,16152000
2388,Sylhet,Apartment,1472,2,2,9,2,2021,5,Good,Unfurnished,1,0,0,1.64,1,1,34.5,14061000
2389,Chattogram,Condo,1824,1,1,14,12,1987,39,Good,Semi-Furnished,1,0,0,12.01,1,0,48.3,28629000
2390,Chattogram,Condo,1633,3,2,8,2,1998,28,Excellent,Semi-Furnished,1,0,0,3.62,0,0,51.6,27756000
2391,Khulna,Apartment,1627,2,2,15,12,1995,31,Excellent,Semi-Furnished,1,0,0,2.36,1,0,26.6,14685000
2392,Dhaka,Apartment,1343,2,2,11,8,2026,0,New,Semi-Furnished,0,0,0,1.43,1,1,45.1,17260000
2393,Dhaka,Condo,1466,2,2,20,18,2017,9,Good,Semi-Furnished,1,0,0,3.33,0,1,46.5,24561000
2394,Barishal,Apartment,1854,3,3,10,4,2018,8,Good,Semi-Furnished,1,0,0,0.47,1,0,52.0,13896000
2395,Chattogram,House,2384,3,2,2,1,2016,10,Good,Unfurnished,1,1,0,4.79,1,1,41.2,35862000
2396,Chattogram,Apartment,1745,3,2,15,13,2004,22,Fair,Unfurnished,0,0,0,9.28,0,1,64.4,13851000
2397,Sylhet,Condo,1714,3,3,19,1,2004,22,Good,Semi-Furnished,1,0,0,25.57,0,0,64.1,10176000
2398,Rajshahi,Apartment,1786,3,4,19,9,2024,2,Good,Semi-Furnished,0,0,0,6.83,0,1,22.2,13337000
2399,Rajshahi,Apartment,2687,5,5,11,2,1987,39,New,Unfurnished,1,0,0,26.76,1,0,48.9,8065000
2400,Khulna,Apartment,1193,2,1,15,7,1998,28,New,Fully Furnished,1,0,0,15.65,0,0,52.0,9262000
2401,Mymensingh,Apartment,2385,4,4,8,1,1992,34,Good,Semi-Furnished,0,0,0,1.77,1,0,40.7,9510000
2402,Rangpur,Apartment,2375,3,3,16,16,2019,7,Good,Unfurnished,0,0,0,1.06,1,1,50.4,13906000
2403,Dhaka,Apartment,935,2,1,21,16,2001,25,Good,Unfurnished,2,0,0,11.61,1,1,60.3,6472000
2404,Khulna,Apartment,1417,2,2,23,12,2014,12,New,Semi-Furnished,1,0,0,5.59,1,0,45.4,8857000
2405,Mymensingh,Townhouse,1050,2,2,2,0,2000,26,Good,Semi-Furnished,0,0,0,4.41,1,0,19.4,6427000
2406,Barishal,Apartment,1148,1,1,20,19,1988,38,Good,Semi-Furnished,1,0,0,3.3,0,1,44.0,3523000
2407,Rajshahi,Apartment,1163,1,1,9,2,2021,5,Good,Unfurnished,0,0,0,4.77,0,1,44.2,6674000
2408,Mymensingh,Apartment,940,1,1,18,9,1994,32,Good,Semi-Furnished,1,0,0,1.33,1,1,49.4,1997000
2409,Rangpur,Apartment,1986,3,2,9,4,2017,9,Good,Unfurnished,0,0,0,3.39,1,1,59.2,3883000
2410,Rangpur,House,2059,3,3,1,1,1985,41,Good,Unfurnished,0,0,0,10.89,0,0,62.0,4598000
2411,Khulna,Apartment,1244,2,1,6,6,1987,39,Fair,Semi-Furnished,2,0,0,10.21,0,0,53.3,3270000
2412,Barishal,Apartment,2005,4,3,25,12,2015,11,Good,Unfurnished,0,0,0,3.22,1,0,37.9,5589000
2413,Dhaka,Apartment,1808,3,2,7,7,2014,12,Excellent,Unfurnished,0,0,0,16.13,0,0,61.9,15306000
2414,Rangpur,Apartment,1038,1,2,22,14,1998,28,Fair,Semi-Furnished,0,0,0,2.93,1,0,38.4,1955000
2415,Khulna,Apartment,1689,3,4,21,10,1987,39,Excellent,Semi-Furnished,1,0,0,2.01,1,1,23.5,7188000
2416,Chattogram,Condo,1035,2,3,17,10,2025,1,Excellent,Semi-Furnished,1,0,0,0.64,0,0,57.9,5666000
2417,Dhaka,Apartment,1257,2,2,25,13,2026,0,Good,Semi-Furnished,0,0,0,11.53,0,1,70.3,13914000
2418,Dhaka,Apartment,2057,3,3,13,7,1996,30,Needs Renovation,Unfurnished,0,0,0,11.59,0,0,28.8,10709000
2419,Dhaka,Condo,1668,2,2,11,2,2010,16,Good,Unfurnished,2,0,0,1.54,0,0,55.4,15417000
2420,Chattogram,Apartment,1544,2,2,10,9,1994,32,Fair,Unfurnished,1,0,0,15.75,0,0,76.0,6869000
2421,Sylhet,House,1815,4,4,2,1,1985,41,Good,Semi-Furnished,1,1,0,12.15,0,0,74.0,13101000
2422,Sylhet,Condo,1182,1,1,23,0,2015,11,Good,Semi-Furnished,1,0,0,3.08,1,1,42.7,10398000
2423,Rajshahi,Apartment,1736,3,2,13,3,2013,13,Fair,Unfurnished,0,0,0,4.53,0,1,31.8,3839000
2424,Rangpur,Townhouse,929,2,2,2,0,2016,10,Fair,Semi-Furnished,1,0,0,4.67,0,1,49.6,4089000
2425,Mymensingh,Apartment,1660,3,3,25,16,1991,35,Good,Semi-Furnished,2,0,1,12.88,1,0,42.4,8379000
2426,Khulna,Apartment,1020,2,2,15,10,1993,33,Excellent,Unfurnished,1,0,0,2.41,0,1,53.3,7837000
2427,Barishal,Townhouse,2019,3,2,2,0,1996,30,Good,Fully Furnished,1,0,0,13.78,0,0,61.1,7738000
2428,Rajshahi,Condo,1066,3,3,12,9,2012,14,Good,Semi-Furnished,3,0,0,3.04,1,1,27.8,6306000
2429,Chattogram,Townhouse,1807,3,3,3,0,2014,12,Excellent,Semi-Furnished,2,0,0,3.53,1,1,56.0,13825000
2430,Barishal,Townhouse,880,3,4,3,1,2026,0,Fair,Unfurnished,0,1,0,4.99,1,1,25.0,4513000
2431,Rangpur,Apartment,1856,2,2,9,4,2000,26,Good,Unfurnished,0,0,0,2.39,0,1,69.5,4078000
2432,Mymensingh,Duplex,1505,2,2,1,0,1996,30,Good,Unfurnished,0,0,0,2.52,1,0,16.9,8861000
2433,Khulna,Apartment,2077,3,2,7,2,2022,4,Fair,Semi-Furnished,0,0,0,1.95,1,1,24.5,7677000
2434,Chattogram,Townhouse,1686,2,2,3,2,2003,23,Needs Renovation,Unfurnished,0,0,0,2.47,1,0,40.7,14414000
2435,Chattogram,House,1934,4,4,1,0,2005,21,Excellent,Semi-Furnished,0,1,0,2.08,1,0,48.4,27874000
2436,Barishal,Duplex,1594,2,2,2,1,1992,34,Good,Semi-Furnished,3,0,0,5.22,0,1,30.4,7561000
2437,Chattogram,Condo,1849,2,2,9,3,1998,28,Fair,Fully Furnished,1,0,0,3.18,1,1,46.3,7126000
2438,Khulna,Apartment,2158,4,4,18,15,1990,36,New,Semi-Furnished,0,0,0,15.42,0,1,58.2,9739000
2439,Rajshahi,Condo,1090,2,3,10,9,2012,14,Good,Unfurnished,1,0,0,6.77,0,1,46.6,4732000
2440,Mymensingh,Apartment,978,2,2,21,8,1985,41,Fair,Fully Furnished,0,0,0,2.22,0,1,32.9,1513000
2441,Chattogram,Apartment,1601,2,2,7,3,2023,3,Fair,Unfurnished,0,0,0,4.97,1,1,51.3,7918000
2442,Dhaka,House,1897,2,1,1,1,2026,0,Excellent,Semi-Furnished,0,0,0,7.62,1,0,44.3,36834000
2443,Barishal,Apartment,1082,2,1,25,14,2014,12,Good,Semi-Furnished,0,0,0,6.28,0,0,42.7,3126000
2444,Rangpur,Apartment,1228,1,1,8,7,1992,34,Needs Renovation,Semi-Furnished,2,0,0,10.61,1,1,20.1,2729000
2445,Barishal,Apartment,993,2,3,13,12,1988,38,Good,Semi-Furnished,0,0,0,7.16,0,0,27.6,5259000
2446,Khulna,Apartment,1779,4,4,11,1,2007,19,Excellent,Semi-Furnished,1,0,0,13.24,0,0,53.0,13033000
2447,Dhaka,Apartment,1989,4,5,20,0,1997,29,Good,Fully Furnished,0,0,0,3.77,0,0,55.0,24819000
2448,Mymensingh,Apartment,1361,2,1,18,11,1991,35,Good,Unfurnished,0,0,0,3.91,1,0,42.6,4030000
2449,Chattogram,Apartment,974,1,1,7,2,2005,21,New,Semi-Furnished,1,0,0,3.21,0,1,38.5,8330000
2450,Mymensingh,Apartment,783,1,1,16,4,2000,26,Good,Unfurnished,0,0,0,5.74,0,1,35.3,4449000
2451,Sylhet,Condo,1955,3,3,23,17,2004,22,Fair,Fully Furnished,0,0,1,9.86,0,0,65.1,9708000
2452,Chattogram,Apartment,2237,4,4,14,12,2022,4,New,Semi-Furnished,1,0,0,18.58,0,0,49.8,29737000
2453,Khulna,Apartment,1147,2,1,20,3,2020,6,Good,Unfurnished,2,0,0,1.44,1,1,33.9,3838000
2454,Khulna,Apartment,1930,4,3,8,0,2019,7,Fair,Fully Furnished,2,0,0,7.48,0,0,70.5,13968000
2455,Sylhet,Duplex,1482,2,2,1,1,2012,14,Excellent,Semi-Furnished,2,0,0,17.75,1,0,48.2,12987000
2456,Rangpur,Apartment,1274,3,3,22,22,2001,25,Needs Renovation,Unfurnished,1,0,0,1.19,1,1,53.5,1388000
2457,Barishal,Duplex,3543,4,4,3,1,2000,26,Good,Semi-Furnished,2,1,0,5.03,0,1,31.7,21378000
2458,Khulna,Townhouse,1841,2,2,3,1,2021,5,Good,Semi-Furnished,0,0,0,3.63,1,1,35.9,11999000
2459,Barishal,House,1964,2,2,2,0,1985,41,Good,Unfurnished,2,0,0,6.34,0,1,58.7,11142000
2460,Barishal,House,2198,3,3,3,2,2023,3,Fair,Semi-Furnished,0,0,0,8.44,1,0,45.3,4873000
2461,Dhaka,Townhouse,1721,4,5,1,1,2013,13,Excellent,Unfurnished,1,1,0,1.93,1,0,36.0,31029000
2462,Dhaka,Duplex,2509,3,4,2,1,2019,7,Good,Unfurnished,1,1,0,2.24,1,0,28.5,47729000
2463,Barishal,Townhouse,1961,4,3,3,0,2023,3,Fair,Unfurnished,0,0,0,3.97,1,0,29.1,10197000
2464,Khulna,Duplex,1366,3,3,2,1,2003,23,Fair,Unfurnished,0,0,0,4.43,0,1,46.8,2541000
2465,Rangpur,Condo,1690,3,4,25,23,2022,4,Good,Unfurnished,0,0,0,1.27,0,0,42.6,6668000
2466,Rajshahi,Condo,1516,2,3,25,11,1987,39,Fair,Semi-Furnished,1,0,0,14.18,0,1,42.5,8573000
2467,Sylhet,Apartment,1784,3,4,10,7,2006,20,New,Semi-Furnished,0,0,0,1.74,1,0,34.7,9659000
2468,Rajshahi,Apartment,1259,4,4,21,12,2000,26,Excellent,Semi-Furnished,1,0,0,7.19,1,0,36.9,3763000
2469,Barishal,Apartment,1307,3,3,23,10,1999,27,Fair,Fully Furnished,1,0,0,7.17,0,0,62.5,6365000
2470,Barishal,Apartment,1465,1,1,10,2,2020,6,Good,Semi-Furnished,0,0,1,8.4,1,0,53.9,8252000
2471,Chattogram,Apartment,1808,2,2,12,6,1986,40,Good,Semi-Furnished,2,0,0,1.37,0,1,54.2,17033000
2472,Mymensingh,Condo,1702,3,3,25,15,2008,18,Fair,Unfurnished,3,0,0,9.64,1,1,23.8,2981000
2473,Rajshahi,Condo,1581,3,4,16,8,2021,5,New,Semi-Furnished,0,0,1,3.51,0,1,44.6,4989000
2474,Barishal,Condo,800,3,4,24,12,1986,40,Needs Renovation,Semi-Furnished,2,0,0,2.36,0,1,50.6,3696000
2475,Khulna,Apartment,468,1,1,24,11,2019,7,Needs Renovation,Semi-Furnished,0,0,0,14.89,0,0,32.9,698000
2476,Rajshahi,House,1675,2,2,2,1,1992,34,New,Unfurnished,1,0,1,8.58,1,0,74.2,13257000
2477,Barishal,Townhouse,1108,1,1,1,1,2025,1,Good,Unfurnished,0,0,0,6.45,0,0,46.9,6592000
2478,Dhaka,Apartment,963,1,1,9,3,1999,27,Fair,Semi-Furnished,2,0,0,1.16,1,0,12.1,12558000
2479,Chattogram,Apartment,998,1,2,13,3,2017,9,Good,Fully Furnished,0,0,0,3.39,1,1,16.9,10281000
2480,Dhaka,Apartment,952,1,1,16,3,2023,3,Good,Semi-Furnished,1,0,0,7.13,0,1,38.3,7716000
2481,Barishal,Townhouse,1339,2,2,3,1,1995,31,New,Semi-Furnished,0,0,0,14.34,0,0,55.3,3820000
2482,Rajshahi,Apartment,3021,6,5,16,15,2021,5,Excellent,Semi-Furnished,0,0,0,18.87,1,0,47.9,13473000
2483,Barishal,Condo,516,1,2,25,13,2020,6,Good,Unfurnished,1,0,0,0.3,1,1,41.3,4874000
2484,Rajshahi,Apartment,1322,3,4,15,10,1998,28,Good,Fully Furnished,2,0,0,9.09,0,1,65.9,4994000
2485,Rangpur,Apartment,450,1,1,6,4,1993,33,Fair,Unfurnished,1,0,0,19.17,0,0,50.9,1202000
2486,Mymensingh,Apartment,1979,2,1,15,15,2001,25,Fair,Unfurnished,1,0,0,4.85,1,0,46.9,9317000
2487,Rajshahi,Apartment,1847,2,2,21,9,2018,8,New,Unfurnished,0,0,0,6.04,0,1,55.4,8691000
2488,Khulna,Condo,2300,2,3,23,9,1994,32,New,Fully Furnished,2,0,0,7.72,1,1,60.8,12001000
2489,Sylhet,Duplex,2805,4,4,2,0,1995,31,Excellent,Unfurnished,0,0,0,14.72,1,1,78.8,12884000
2490,Khulna,Townhouse,1514,4,3,2,1,1989,37,Good,Unfurnished,1,0,0,2.36,0,0,34.0,10196000
2491,Mymensingh,Townhouse,2528,3,3,1,0,2018,8,Excellent,Semi-Furnished,2,1,0,17.19,0,0,55.7,5188000
2492,Rajshahi,Duplex,1910,3,2,3,0,2020,6,Good,Semi-Furnished,0,0,0,0.93,1,0,27.3,13387000
2493,Chattogram,Apartment,1817,4,4,10,10,1985,41,Good,Unfurnished,0,0,0,28.8,0,0,58.6,6742000
2494,Chattogram,Duplex,1575,1,1,1,0,1996,30,Excellent,Unfurnished,1,0,0,15.29,1,0,76.3,17364000
2495,Rangpur,Apartment,2445,4,3,22,20,2016,10,Fair,Unfurnished,1,0,0,11.19,1,1,68.4,9658000
2496,Mymensingh,House,1081,1,1,1,0,2004,22,Fair,Semi-Furnished,0,1,0,39.95,0,1,90.4,1025000
2497,Chattogram,Apartment,1353,3,2,8,7,2016,10,Good,Unfurnished,0,0,0,20.5,1,0,70.0,4747000
2498,Sylhet,Apartment,1475,2,2,13,1,2009,17,New,Fully Furnished,0,0,0,3.42,0,1,42.3,18999000
2499,Mymensingh,Townhouse,1990,3,4,3,0,2019,7,Excellent,Fully Furnished,0,1,0,1.71,0,1,36.8,6884000
2500,Mymensingh,Townhouse,1511,2,2,3,2,2018,8,Fair,Semi-Furnished,1,1,0,2.04,1,1,62.0,5945000
2501,Sylhet,House,4047,5,5,2,1,2010,16,Excellent,Fully Furnished,0,1,0,4.15,1,0,29.2,58423000
2502,Rangpur,Apartment,1442,1,1,11,3,2013,13,Excellent,Fully Furnished,0,0,0,13.39,0,0,60.1,2310000
2503,Mymensingh,House,2008,2,2,1,0,2003,23,Good,Unfurnished,2,1,0,1.69,1,1,42.8,7612000
2504,Rangpur,Apartment,1152,2,3,13,1,1991,35,Good,Unfurnished,0,0,0,6.59,0,1,53.6,5458000
2505,Barishal,Apartment,1759,3,3,6,5,2001,25,Excellent,Semi-Furnished,0,0,0,4.86,1,1,24.8,7782000
2506,Barishal,Condo,2048,4,4,19,8,2005,21,Excellent,Semi-Furnished,0,0,0,11.77,1,1,66.3,6655000
2507,Dhaka,Duplex,2083,3,3,2,1,2010,16,Good,Semi-Furnished,0,1,0,16.35,0,0,58.6,36595000
2508,Sylhet,Duplex,3082,3,2,2,0,2019,7,Fair,Fully Furnished,0,0,0,2.49,0,0,34.8,34913000
2509,Rajshahi,Apartment,2315,4,4,20,10,1995,31,Excellent,Fully Furnished,1,0,0,13.08,1,0,53.6,9270000
2510,Mymensingh,Apartment,1806,3,3,7,3,2009,17,New,Semi-Furnished,1,0,0,4.17,1,1,42.4,13652000
2511,Rajshahi,Apartment,2212,4,4,22,0,2009,17,Good,Semi-Furnished,1,0,0,6.38,1,0,63.9,10191000
2512,Dhaka,Duplex,2660,4,5,1,1,2011,15,Fair,Semi-Furnished,0,0,0,25.02,0,0,64.6,10292000
2513,Sylhet,Apartment,1422,2,1,6,3,2025,1,Good,Semi-Furnished,0,0,1,8.29,0,1,51.0,12143000
2514,Rangpur,Apartment,1422,3,4,9,0,2018,8,Fair,Semi-Furnished,1,0,0,12.58,0,0,48.6,2010000
2515,Rangpur,House,3152,3,2,2,0,1987,39,New,Fully Furnished,2,0,1,3.72,1,0,55.6,7704000
2516,Mymensingh,Apartment,967,1,1,7,1,2003,23,Good,Unfurnished,1,0,0,2.18,1,1,5.0,2335000
2517,Sylhet,Condo,2063,5,6,9,6,2013,13,Excellent,Unfurnished,1,0,0,12.23,1,0,50.0,12921000
2518,Sylhet,House,1968,3,2,3,2,1994,32,Fair,Fully Furnished,1,1,0,4.64,1,0,59.7,8296000
2519,Rajshahi,House,2286,3,3,1,0,1992,34,Good,Semi-Furnished,0,0,0,23.14,1,0,83.2,8579000
2520,Sylhet,Apartment,2338,4,5,19,14,2002,24,Excellent,Fully Furnished,1,0,0,5.23,1,0,64.6,29518000
2521,Khulna,Apartment,855,1,2,20,13,1996,30,Good,Unfurnished,1,0,0,5.29,0,0,64.5,5987000
2522,Rajshahi,Duplex,1421,1,1,3,1,2001,25,Needs Renovation,Fully Furnished,0,0,0,3.88,0,1,18.2,10186000
2523,Chattogram,Apartment,1739,2,2,11,8,2014,12,Fair,Unfurnished,1,0,0,5.24,1,0,33.3,14635000
2524,Rajshahi,Duplex,1969,3,4,3,1,2006,20,Good,Semi-Furnished,1,0,0,1.34,1,1,59.4,20267000
2525,Rajshahi,Apartment,1877,4,4,12,2,2000,26,Excellent,Fully Furnished,1,0,0,5.38,1,0,32.2,13610000
2526,Rangpur,Condo,1242,3,3,25,20,1994,32,Good,Fully Furnished,2,0,0,0.41,0,1,31.6,7077000
2527,Chattogram,Condo,1036,2,1,9,4,1990,36,New,Unfurnished,1,0,0,13.15,1,0,35.0,5625000
2528,Barishal,Apartment,1567,4,4,7,1,2009,17,Excellent,Semi-Furnished,1,0,0,5.53,0,0,33.0,4390000
2529,Chattogram,Apartment,1931,4,3,7,0,2026,0,Good,Unfurnished,1,0,0,3.29,0,1,43.6,17366000
2530,Rangpur,House,963,1,1,2,0,1995,31,Fair,Fully Furnished,0,0,0,3.47,1,1,45.2,5108000
2531,Mymensingh,Townhouse,1626,2,2,2,1,1993,33,Good,Unfurnished,0,1,0,2.71,1,1,72.9,10545000
2532,Chattogram,Apartment,1873,2,2,15,1,2007,19,Good,Semi-Furnished,1,0,0,5.37,0,0,61.6,16897000
2533,Rajshahi,Apartment,555,1,1,11,4,2006,20,Excellent,Unfurnished,0,0,0,0.38,1,1,5.0,1920000
2534,Mymensingh,Apartment,1610,2,2,24,23,2026,0,New,Unfurnished,0,0,0,2.45,1,0,20.4,5521000
2535,Khulna,Condo,1327,2,2,17,11,1997,29,Good,Fully Furnished,1,0,0,3.3,1,0,59.2,4971000
2536,Sylhet,Apartment,888,1,1,9,3,1991,35,Good,Unfurnished,0,0,0,2.73,1,0,41.4,8816000
2537,Chattogram,Apartment,1736,2,2,13,8,2016,10,Fair,Semi-Furnished,0,0,0,9.28,1,0,49.5,12820000
2538,Dhaka,Condo,1469,3,3,16,13,1995,31,Good,Semi-Furnished,0,0,0,12.27,0,0,35.3,6075000
2539,Sylhet,Townhouse,1204,1,2,3,1,1994,32,Good,Semi-Furnished,0,1,0,2.42,1,0,49.8,13326000
2540,Rangpur,Apartment,734,1,1,23,10,2010,16,Good,Semi-Furnished,1,0,0,6.35,0,1,49.9,2345000
2541,Barishal,Apartment,2148,4,4,9,8,1987,39,Good,Semi-Furnished,1,0,0,4.02,0,0,17.4,11824000
2542,Sylhet,House,2895,4,5,1,0,1988,38,Fair,Semi-Furnished,1,0,1,8.79,0,0,68.1,15605000
2543,Dhaka,Apartment,552,1,2,21,15,2003,23,New,Fully Furnished,2,0,0,12.71,0,1,36.2,5826000
2544,Barishal,Apartment,1055,3,4,12,0,2006,20,Good,Unfurnished,0,0,0,2.4,1,0,13.0,3820000
2545,Rangpur,Apartment,2180,4,4,6,4,2008,18,Good,Semi-Furnished,1,0,0,4.98,0,1,37.0,11356000
2546,Rajshahi,Condo,1164,2,2,14,0,2001,25,Excellent,Semi-Furnished,0,0,0,11.62,1,0,79.5,6304000
2547,Dhaka,Condo,1034,1,1,22,17,1992,34,Good,Semi-Furnished,0,0,0,6.86,0,1,34.1,19263000
2548,Mymensingh,Condo,1976,3,2,9,8,1989,37,Good,Semi-Furnished,1,0,0,24.37,0,0,70.0,6866000
2549,Sylhet,Apartment,1438,3,3,11,8,1991,35,Fair,Fully Furnished,0,0,0,2.48,1,1,47.6,15525000
2550,Mymensingh,Condo,1300,2,2,10,7,2012,14,Fair,Semi-Furnished,0,0,0,4.59,1,1,58.6,2908000
2551,Rangpur,House,1975,2,1,2,0,2015,11,New,Unfurnished,0,1,0,11.27,1,1,48.6,6666000
2552,Rajshahi,Apartment,1092,2,3,22,14,2005,21,Good,Semi-Furnished,0,0,0,2.33,1,0,60.6,7754000
2553,Sylhet,Apartment,1941,3,3,22,17,2016,10,Needs Renovation,Unfurnished,2,0,0,10.95,1,0,56.8,6386000
2554,Rangpur,Apartment,1218,1,2,13,8,2016,10,Fair,Unfurnished,1,0,0,2.75,1,1,34.8,6173000
2555,Khulna,Apartment,1664,3,3,20,4,2024,2,Good,Fully Furnished,0,0,0,4.73,0,0,30.4,14641000
2556,Dhaka,Condo,1579,3,4,20,15,2014,12,Excellent,Fully Furnished,2,0,0,6.13,1,1,48.7,36605000
2557,Sylhet,Townhouse,1747,3,3,1,0,2006,20,Good,Semi-Furnished,0,0,0,9.98,0,0,52.2,7354000
2558,Rangpur,Apartment,1716,2,2,9,8,2002,24,Good,Semi-Furnished,0,0,0,6.25,1,0,44.1,7975000
2559,Barishal,Apartment,1302,2,2,25,2,2014,12,Fair,Semi-Furnished,1,0,0,1.14,1,0,42.0,7915000
2560,Barishal,Apartment,894,1,1,10,7,2018,8,Needs Renovation,Semi-Furnished,1,0,0,7.58,1,1,30.9,1740000
2561,Barishal,Apartment,1834,3,3,10,4,1991,35,New,Semi-Furnished,1,0,0,15.0,1,0,60.0,10393000
2562,Barishal,Apartment,2260,4,5,8,0,2019,7,Excellent,Fully Furnished,0,0,0,6.36,0,1,29.5,18991000
2563,Rangpur,Apartment,968,2,3,21,12,1994,32,New,Semi-Furnished,1,0,0,3.76,1,1,29.7,7351000
2564,Khulna,Townhouse,1856,4,4,3,2,2021,5,Fair,Semi-Furnished,0,1,0,17.1,0,0,90.8,2340000
2565,Dhaka,Condo,2261,2,3,7,3,2010,16,Good,Unfurnished,1,0,0,1.16,1,1,54.0,25341000
2566,Chattogram,Duplex,1138,1,2,1,0,2015,11,Fair,Semi-Furnished,1,0,0,11.03,0,1,32.9,3778000
2567,Sylhet,Apartment,1929,2,1,16,2,2015,11,Fair,Fully Furnished,0,0,0,2.33,1,1,21.0,23716000
2568,Rangpur,Condo,1130,2,2,8,6,2010,16,Excellent,Unfurnished,0,0,0,19.29,0,0,65.9,3517000
2569,Khulna,Apartment,1406,1,2,9,7,1992,34,Excellent,Semi-Furnished,0,0,0,15.95,0,0,53.1,6010000
2570,Mymensingh,House,2077,3,4,3,1,1995,31,Good,Unfurnished,1,0,0,1.94,1,1,54.0,10390000
2571,Rangpur,Townhouse,2018,4,4,3,1,2023,3,New,Semi-Furnished,0,0,0,7.45,0,0,40.7,5339000
2572,Khulna,House,2374,3,4,3,1,1986,40,Good,Unfurnished,0,0,0,4.93,1,0,71.4,18749000
2573,Khulna,Apartment,2518,4,5,15,6,1986,40,Fair,Unfurnished,1,0,0,3.76,1,1,47.0,8271000
2574,Barishal,Duplex,2342,3,3,2,1,1999,27,New,Semi-Furnished,2,1,0,8.49,1,1,77.4,17408000
2575,Dhaka,Apartment,1774,3,3,16,16,2018,8,Good,Semi-Furnished,1,0,0,8.05,0,0,57.1,25231000
2576,Khulna,Duplex,1653,2,2,3,0,2018,8,Good,Semi-Furnished,0,0,0,11.25,0,0,49.3,6133000
2577,Rangpur,Townhouse,3504,6,6,1,0,2000,26,Excellent,Semi-Furnished,1,0,0,6.53,1,0,26.1,9424000
2578,Dhaka,Apartment,932,1,2,6,5,1997,29,Fair,Fully Furnished,1,0,0,9.14,1,1,77.2,12208000
2579,Rangpur,Apartment,1789,3,4,20,14,2013,13,Fair,Semi-Furnished,0,0,0,9.42,0,1,56.6,5942000
2580,Mymensingh,Apartment,1352,1,1,12,0,2008,18,Excellent,Semi-Furnished,1,0,0,1.29,1,1,41.0,5332000
2581,Mymensingh,Apartment,1471,2,2,25,3,2024,2,Good,Semi-Furnished,0,0,0,0.63,1,1,42.3,4703000
2582,Khulna,House,1761,1,2,3,2,2018,8,Excellent,Unfurnished,2,0,0,6.39,1,0,70.5,12216000
2583,Rangpur,Apartment,897,2,2,14,10,2005,21,Good,Fully Furnished,1,0,1,5.83,1,0,47.8,3952000
2584,Rajshahi,Townhouse,1926,1,1,3,2,2010,16,New,Unfurnished,0,0,0,1.4,1,1,37.1,19646000
2585,Chattogram,Duplex,2145,2,1,1,0,2016,10,New,Semi-Furnished,0,0,0,13.41,0,0,57.8,29495000
2586,Khulna,Condo,712,2,1,14,5,2000,26,Fair,Semi-Furnished,1,0,0,6.82,1,0,43.4,1583000
2587,Dhaka,Apartment,1385,1,1,17,11,2018,8,Fair,Unfurnished,0,0,0,1.48,1,1,24.5,24616000
2588,Khulna,Apartment,2398,4,4,14,12,1990,36,Excellent,Fully Furnished,0,0,0,5.28,1,0,36.1,9234000
2589,Rangpur,House,1582,2,1,2,1,2023,3,Good,Unfurnished,1,1,0,7.49,1,0,21.9,5450000
2590,Chattogram,Apartment,1265,4,5,24,19,1999,27,Fair,Unfurnished,1,0,0,50.78,0,0,100.0,5008000
2591,Khulna,Apartment,1044,2,1,17,4,1989,37,Good,Unfurnished,0,0,0,10.68,1,0,53.2,3225000
2592,Barishal,Duplex,1279,1,1,3,2,1989,37,Good,Unfurnished,2,1,0,13.11,1,1,48.5,9156000
2593,Dhaka,House,1982,2,2,3,1,1987,39,Excellent,Semi-Furnished,1,0,1,5.24,1,0,71.6,21165000
2594,Chattogram,Apartment,1590,3,3,16,1,2011,15,Good,Semi-Furnished,0,0,0,12.46,1,1,72.5,11340000
2595,Barishal,House,1410,1,1,2,0,2022,4,New,Semi-Furnished,0,1,0,7.71,1,1,46.6,11046000
2596,Rangpur,Duplex,2361,3,3,2,1,2002,24,Good,Fully Furnished,1,1,0,1.49,0,1,24.3,8499000
2597,Sylhet,Apartment,1326,1,1,13,13,2000,26,New,Fully Furnished,0,0,0,27.29,0,0,71.6,2663000
2598,Khulna,Duplex,1568,2,3,2,0,2008,18,Good,Semi-Furnished,1,1,0,11.56,0,1,39.9,4163000
2599,Barishal,Condo,1151,2,1,16,15,2008,18,Fair,Unfurnished,1,0,0,6.87,0,1,51.8,5037000
2600,Dhaka,Townhouse,1254,1,1,3,2,1991,35,Fair,Fully Furnished,2,1,0,14.92,0,0,52.1,9102000
2601,Barishal,Apartment,1395,2,3,17,13,1994,32,Fair,Semi-Furnished,0,0,0,3.3,0,0,36.4,4708000
2602,Mymensingh,Apartment,1362,1,1,25,19,1987,39,Excellent,Unfurnished,0,0,0,16.84,0,1,83.9,3786000
2603,Rajshahi,House,2865,4,3,2,1,1995,31,Good,Unfurnished,1,0,0,10.16,0,1,62.5,8068000
2604,Khulna,Apartment,1833,3,4,6,1,2016,10,Good,Semi-Furnished,0,0,0,11.77,0,1,67.3,9349000
2605,Chattogram,Apartment,1319,1,2,23,5,1995,31,Excellent,Semi-Furnished,0,0,0,13.09,1,0,37.5,15743000
2606,Mymensingh,Apartment,1320,2,2,6,6,2013,13,Excellent,Semi-Furnished,0,0,0,3.67,1,0,33.1,9031000
2607,Khulna,Duplex,2245,2,1,3,0,2023,3,Excellent,Unfurnished,2,0,0,3.48,0,1,54.9,15077000
2608,Rangpur,Condo,2278,4,5,14,9,1992,34,Excellent,Unfurnished,2,0,0,13.01,0,0,53.1,4562000
2609,Chattogram,Apartment,2454,6,6,21,7,1997,29,Good,Fully Furnished,0,0,0,1.72,1,1,37.2,30804000
2610,Barishal,Apartment,2945,5,5,9,4,2022,4,Excellent,Unfurnished,1,0,0,11.52,0,0,34.1,5493000
2611,Sylhet,House,1714,2,1,3,1,2000,26,Fair,Semi-Furnished,2,1,0,4.76,1,0,53.4,18485000
2612,Mymensingh,Condo,1215,3,4,14,4,2006,20,New,Unfurnished,2,0,0,8.99,0,1,48.5,3177000
2613,Khulna,Apartment,2158,4,5,13,11,1993,33,Fair,Semi-Furnished,1,0,0,5.61,1,0,65.5,5508000
2614,Dhaka,Apartment,2199,4,4,12,5,1994,32,Excellent,Semi-Furnished,0,0,0,1.96,0,0,25.8,52648000
2615,Khulna,Duplex,2168,3,3,3,2,2012,14,Excellent,Semi-Furnished,0,0,0,7.73,1,0,25.0,17236000
2616,Khulna,Apartment,1511,3,2,25,19,1990,36,Good,Semi-Furnished,0,0,0,27.04,0,0,84.4,5806000
2617,Dhaka,Apartment,891,1,1,11,3,2018,8,Excellent,Semi-Furnished,0,0,0,7.91,0,1,53.8,17317000
2618,Sylhet,Apartment,1163,2,3,16,5,2023,3,Excellent,Semi-Furnished,0,0,0,6.62,1,0,55.6,11478000
2619,Khulna,Apartment,1157,1,1,20,1,1998,28,New,Unfurnished,1,0,0,9.1,0,0,66.1,8199000
2620,Rajshahi,Apartment,1881,2,2,16,9,2006,20,Good,Semi-Furnished,0,0,0,8.52,0,0,39.8,3974000
2621,Rajshahi,Apartment,1219,2,2,13,12,2006,20,Excellent,Unfurnished,1,0,0,11.76,0,0,55.3,4700000
2622,Sylhet,Townhouse,1522,2,2,2,1,2011,15,Fair,Unfurnished,2,1,0,0.5,1,1,45.2,14425000
2623,Chattogram,Apartment,1465,3,3,10,3,1994,32,Good,Fully Furnished,2,0,0,4.15,1,0,64.6,17772000
2624,Rajshahi,Apartment,1644,3,2,14,5,1992,34,Fair,Semi-Furnished,0,0,0,13.15,0,0,49.0,6780000
2625,Chattogram,Apartment,1499,2,2,11,11,2010,16,Excellent,Unfurnished,0,0,0,2.27,0,0,58.6,6931000
2626,Barishal,Apartment,1267,2,2,23,3,2007,19,Excellent,Unfurnished,0,0,0,5.71,1,1,55.7,9053000
2627,Barishal,Apartment,2157,4,4,6,4,2024,2,Good,Semi-Furnished,0,0,0,4.23,1,1,38.6,10469000
2628,Khulna,House,2934,6,5,3,2,2003,23,Good,Fully Furnished,0,1,0,8.74,0,1,36.3,12828000
2629,Chattogram,Apartment,1881,4,5,12,7,1998,28,Excellent,Unfurnished,1,0,0,13.02,0,0,50.5,14690000
2630,Barishal,Condo,1503,3,2,8,6,1995,31,Fair,Unfurnished,0,0,0,10.44,0,0,36.2,3600000
2631,Rangpur,Duplex,1510,2,2,1,0,2006,20,Excellent,Semi-Furnished,0,0,0,11.29,0,1,21.1,11809000
2632,Barishal,Apartment,722,1,1,22,9,1998,28,Excellent,Unfurnished,1,0,0,1.48,1,0,48.5,5438000
2633,Rangpur,Apartment,1723,3,2,23,1,2002,24,New,Semi-Furnished,2,0,0,6.79,0,1,26.7,3963000
2634,Dhaka,House,2089,3,3,3,1,2015,11,Good,Semi-Furnished,2,0,0,3.84,1,1,36.1,29214000
2635,Rajshahi,House,1026,2,2,2,1,1998,28,Good,Semi-Furnished,1,1,0,1.18,1,1,37.7,8842000
2636,Rangpur,Apartment,1764,2,3,19,16,1996,30,New,Unfurnished,0,0,0,12.24,1,0,46.6,10577000
2637,Dhaka,House,1660,2,3,3,2,1985,41,Good,Semi-Furnished,0,0,0,6.97,1,1,70.6,8891000
2638,Barishal,Condo,2174,3,2,23,12,1988,38,Excellent,Semi-Furnished,0,0,0,5.86,1,1,46.7,7139000
2639,Barishal,Apartment,1769,3,3,16,12,2021,5,Fair,Semi-Furnished,0,0,0,3.29,1,1,43.5,3438000
2640,Khulna,House,2452,4,4,1,0,2011,15,Good,Unfurnished,0,1,0,8.67,0,0,70.1,8856000
2641,Khulna,Apartment,1304,3,3,18,13,2016,10,New,Semi-Furnished,0,0,0,2.47,1,1,54.4,10270000
2642,Sylhet,Condo,796,2,2,11,11,2023,3,Good,Semi-Furnished,1,0,0,3.95,1,1,51.7,7938000
2643,Chattogram,House,1237,1,2,2,0,2012,14,Excellent,Unfurnished,2,0,1,2.62,1,1,23.2,11680000
2644,Mymensingh,Condo,2120,4,4,21,20,1986,40,Needs Renovation,Semi-Furnished,0,0,0,8.13,0,0,41.4,4662000
2645,Rajshahi,Apartment,1870,4,4,18,8,2005,21,Needs Renovation,Unfurnished,0,0,0,6.5,1,1,45.6,6258000
2646,Sylhet,Apartment,965,1,1,8,3,1998,28,Excellent,Semi-Furnished,1,0,0,5.86,1,1,19.0,5630000
2647,Mymensingh,Apartment,1318,2,2,25,3,2019,7,Excellent,Unfurnished,0,0,0,3.85,1,1,44.3,10487000
2648,Sylhet,Apartment,1369,3,3,11,8,2014,12,Good,Semi-Furnished,2,0,0,6.6,1,0,55.6,11376000
2649,Khulna,Apartment,1697,1,1,23,16,2006,20,Fair,Unfurnished,0,0,0,15.2,0,0,52.2,7469000
2650,Chattogram,Apartment,2203,4,3,10,3,2018,8,Good,Fully Furnished,0,0,0,13.42,1,0,32.1,26654000
2651,Sylhet,Apartment,1793,3,3,23,4,1999,27,Excellent,Semi-Furnished,0,0,0,23.33,0,0,62.6,10697000
2652,Khulna,Apartment,989,2,3,23,14,2009,17,Needs Renovation,Fully Furnished,1,0,1,6.2,1,0,33.5,6686000
2653,Rangpur,Apartment,1843,2,3,16,14,2002,24,Excellent,Fully Furnished,1,0,0,3.94,0,0,43.2,12895000
2654,Chattogram,House,1434,2,2,3,2,1990,36,New,Unfurnished,1,0,0,1.47,1,0,37.4,10271000
2655,Mymensingh,House,2336,3,3,1,1,2002,24,Good,Unfurnished,1,0,0,2.39,1,1,29.3,12252000
2656,Rajshahi,Townhouse,557,1,1,2,0,2009,17,Good,Fully Furnished,2,1,0,10.99,0,1,43.9,4681000
2657,Khulna,Apartment,1361,2,1,16,15,2003,23,New,Unfurnished,0,0,0,10.35,1,1,54.2,6434000
2658,Khulna,Apartment,2266,4,4,21,16,1989,37,Needs Renovation,Unfurnished,0,0,0,4.7,0,1,67.0,4744000
2659,Dhaka,Duplex,2425,3,3,3,2,1991,35,Fair,Semi-Furnished,2,0,0,13.89,0,0,31.5,36892000
2660,Rajshahi,Apartment,2503,4,4,13,5,2025,1,Fair,Fully Furnished,0,0,1,12.67,0,0,51.7,11917000
2661,Khulna,Condo,1370,1,2,7,2,2013,13,New,Semi-Furnished,1,0,0,7.43,1,0,62.1,8148000
2662,Chattogram,Condo,2507,3,3,15,15,2013,13,Good,Unfurnished,2,0,0,9.77,0,0,60.2,22352000
2663,Sylhet,Townhouse,2233,3,3,3,0,2004,22,Good,Fully Furnished,1,1,0,3.22,1,0,28.4,17072000
2664,Rangpur,Apartment,708,1,1,6,0,2022,4,Good,Semi-Furnished,1,0,0,0.57,1,1,25.1,1678000
2665,Khulna,Apartment,1085,3,2,21,0,2009,17,Good,Unfurnished,0,0,0,14.13,0,0,40.8,2365000
2666,Dhaka,Townhouse,1346,2,2,3,0,2017,9,New,Semi-Furnished,0,0,0,2.72,1,0,43.9,17434000
2667,Sylhet,Apartment,2152,3,3,18,4,1986,40,Good,Semi-Furnished,0,0,0,7.99,0,0,66.2,17278000
2668,Chattogram,Condo,2153,4,5,19,16,2009,17,Excellent,Semi-Furnished,1,0,0,6.1,1,0,54.6,36042000
2669,Dhaka,Duplex,1968,2,2,3,1,1990,36,Fair,Fully Furnished,1,0,0,17.17,0,0,47.6,18062000
2670,Barishal,Apartment,1574,3,2,9,2,1987,39,Fair,Unfurnished,0,0,0,8.42,1,1,43.7,5010000
2671,Sylhet,Duplex,2146,3,3,1,1,2014,12,Good,Unfurnished,0,0,0,4.64,0,1,9.1,11988000
2672,Rangpur,Apartment,1243,1,1,6,6,2001,25,Excellent,Fully Furnished,1,0,0,5.54,1,0,60.0,6348000
2673,Khulna,Apartment,797,1,1,6,4,1985,41,Excellent,Unfurnished,0,0,0,7.32,0,0,47.0,4129000
2674,Rajshahi,Apartment,1621,2,1,10,5,2013,13,Good,Unfurnished,0,0,0,2.86,0,1,12.1,8044000
2675,Rangpur,Apartment,1294,2,1,22,6,2018,8,Good,Unfurnished,1,0,0,8.08,1,0,36.6,4003000
2676,Mymensingh,Condo,1153,1,1,11,9,2011,15,Good,Semi-Furnished,0,0,0,9.42,1,1,14.6,6189000
2677,Chattogram,House,2246,2,2,2,0,2013,13,Good,Semi-Furnished,0,0,0,18.9,0,0,81.8,20220000
2678,Rangpur,Apartment,1962,4,3,9,3,2021,5,New,Semi-Furnished,0,0,0,12.9,0,1,52.2,5593000
2679,Rajshahi,Apartment,2038,4,3,15,0,2003,23,Good,Unfurnished,0,0,0,3.98,0,1,35.9,11199000
2680,Khulna,Apartment,1005,1,1,15,10,2003,23,Excellent,Semi-Furnished,0,0,0,1.5,0,0,68.8,8192000
2681,Rajshahi,Townhouse,1593,2,3,2,0,1988,38,Fair,Semi-Furnished,2,1,0,7.21,0,0,37.0,10809000
2682,Rajshahi,Apartment,1189,1,1,9,1,1987,39,Excellent,Fully Furnished,0,0,0,8.54,1,0,69.4,6026000
2683,Dhaka,Apartment,1075,3,3,17,0,1986,40,Fair,Semi-Furnished,1,0,0,14.49,0,1,60.9,15051000
2684,Sylhet,Apartment,1249,1,1,6,1,1992,34,Good,Semi-Furnished,1,0,0,9.08,1,1,78.2,5142000
2685,Rangpur,House,3110,5,6,1,0,1998,28,Excellent,Semi-Furnished,0,0,0,9.09,1,1,45.2,14379000
2686,Rajshahi,Townhouse,1278,1,1,1,1,1992,34,Needs Renovation,Unfurnished,0,0,0,26.62,0,0,87.6,2324000
2687,Rajshahi,Apartment,1618,2,3,23,11,2010,16,Fair,Semi-Furnished,1,0,0,4.65,1,0,22.0,10998000
2688,Barishal,Apartment,1543,2,3,12,5,1991,35,New,Semi-Furnished,0,0,0,1.06,0,0,34.4,7926000
2689,Rangpur,Duplex,1032,1,1,1,0,1989,37,Good,Semi-Furnished,1,0,0,16.38,0,0,5.0,5258000
2690,Rangpur,Apartment,1107,2,2,6,2,1986,40,Good,Fully Furnished,0,0,0,1.23,1,0,43.9,3984000
2691,Rangpur,Condo,1428,3,2,10,1,2003,23,Fair,Semi-Furnished,1,0,0,6.56,0,0,62.3,7489000
2692,Rangpur,Apartment,2385,4,5,19,1,1991,35,Good,Semi-Furnished,1,0,0,4.57,0,0,22.1,9140000
2693,Sylhet,Apartment,1813,3,4,17,10,1994,32,Good,Fully Furnished,0,0,0,25.61,1,0,56.7,6707000
2694,Dhaka,Townhouse,2263,3,4,3,0,1990,36,Excellent,Unfurnished,1,0,0,1.81,0,1,40.1,53164000
2695,Barishal,Apartment,1142,2,2,10,8,1996,30,Excellent,Semi-Furnished,2,0,0,2.06,1,1,82.5,6756000
2696,Rajshahi,House,2602,3,2,3,1,2009,17,Good,Fully Furnished,0,0,0,3.2,1,1,39.6,8420000
2697,Mymensingh,Apartment,2664,4,5,25,16,2002,24,Excellent,Semi-Furnished,0,0,0,5.19,1,1,39.9,7099000
2698,Rangpur,Apartment,1503,3,3,22,17,2021,5,Good,Semi-Furnished,1,0,0,18.64,1,0,60.1,5635000
2699,Dhaka,House,2374,3,3,3,2,1987,39,Good,Unfurnished,1,1,0,3.11,1,0,43.3,25350000
2700,Rajshahi,Apartment,1522,2,3,16,5,1999,27,Good,Unfurnished,0,0,0,4.48,0,1,33.7,4235000
2701,Dhaka,Apartment,2021,2,2,13,2,2012,14,Good,Unfurnished,0,0,0,3.29,0,0,36.5,13551000
2702,Barishal,Condo,2252,3,4,13,0,2007,19,Good,Semi-Furnished,1,0,0,11.25,0,0,58.1,4954000
2703,Sylhet,House,1920,3,3,3,2,2024,2,Good,Semi-Furnished,1,0,0,2.67,0,1,47.6,18806000
2704,Dhaka,Apartment,1281,3,3,15,8,2006,20,Excellent,Fully Furnished,0,0,0,0.96,1,0,40.6,25301000
2705,Mymensingh,Apartment,1215,2,2,18,9,2005,21,Good,Fully Furnished,1,0,0,4.48,1,0,28.4,8897000
2706,Dhaka,Apartment,1779,2,3,10,6,1997,29,Good,Semi-Furnished,0,0,0,8.24,1,1,47.2,25274000
2707,Mymensingh,Condo,1919,4,3,21,7,2012,14,Needs Renovation,Fully Furnished,2,0,0,23.41,0,0,52.7,5402000
2708,Chattogram,House,1526,1,1,1,0,2007,19,Good,Unfurnished,1,1,1,2.77,1,1,41.9,6585000
2709,Sylhet,Apartment,2066,4,4,11,0,2019,7,Good,Semi-Furnished,0,0,0,5.99,1,1,77.2,13335000
2710,Dhaka,Condo,2011,2,2,14,12,2014,12,Fair,Fully Furnished,0,0,0,5.81,0,1,38.6,10993000
2711,Barishal,Apartment,1409,2,3,12,1,2012,14,New,Fully Furnished,0,0,0,14.34,0,0,62.1,3171000
2712,Dhaka,Townhouse,1082,2,2,1,1,2023,3,Fair,Semi-Furnished,0,0,0,4.69,0,0,31.8,15140000
2713,Chattogram,Apartment,1095,2,1,6,6,1985,41,Fair,Unfurnished,1,0,0,4.69,0,1,5.0,9116000
2714,Sylhet,Apartment,1995,3,3,13,7,2012,14,Fair,Fully Furnished,0,0,0,9.46,1,1,41.8,6672000
2715,Barishal,Apartment,3164,7,6,8,0,2026,0,New,Unfurnished,0,0,0,6.04,0,1,48.6,15981000
2716,Khulna,House,2397,3,2,2,0,1993,33,Good,Semi-Furnished,0,0,0,4.1,0,0,6.3,5767000
2717,Mymensingh,Apartment,1366,3,2,12,1,2017,9,Fair,Unfurnished,1,0,0,1.87,1,1,29.6,5959000
2718,Dhaka,Apartment,2120,3,3,22,11,2004,22,Fair,Semi-Furnished,0,0,0,4.17,1,1,60.2,23366000
2719,Mymensingh,Apartment,1409,3,2,8,0,2012,14,Good,Semi-Furnished,0,0,0,5.03,1,1,63.9,2172000
2720,Rangpur,Apartment,1072,2,3,25,19,2024,2,Good,Semi-Furnished,1,0,0,12.05,0,0,52.9,4677000
2721,Sylhet,House,2198,3,2,2,1,2017,9,Good,Unfurnished,0,0,0,32.72,1,0,76.6,11119000
2722,Sylhet,Apartment,472,1,1,22,21,2010,16,New,Semi-Furnished,0,0,0,17.53,0,0,44.5,4638000
2723,Sylhet,Apartment,1321,1,1,16,10,2018,8,Fair,Unfurnished,1,0,0,9.05,0,1,74.6,8486000
2724,Rajshahi,Duplex,886,1,1,3,2,2007,19,Fair,Unfurnished,0,0,0,14.37,0,0,48.4,5515000
2725,Mymensingh,Apartment,1829,3,3,10,8,1990,36,Fair,Unfurnished,0,0,0,4.4,1,1,35.7,4353000
2726,Mymensingh,Condo,1159,1,1,20,8,1991,35,Good,Semi-Furnished,0,0,1,11.06,1,0,50.2,3169000
2727,Sylhet,House,2134,2,1,2,0,1990,36,New,Fully Furnished,1,0,0,4.34,0,0,67.5,22460000
2728,Mymensingh,Townhouse,1618,2,3,3,1,2003,23,Excellent,Unfurnished,0,0,0,6.16,0,0,19.1,9072000
2729,Rangpur,Townhouse,1123,2,3,1,0,2003,23,Good,Semi-Furnished,0,0,0,1.13,1,0,17.7,8662000
2730,Rangpur,Apartment,1986,3,4,23,2,1993,33,Good,Semi-Furnished,0,0,0,7.11,1,0,39.9,7028000
2731,Dhaka,House,1203,1,2,2,1,2003,23,Fair,Semi-Furnished,0,1,0,8.24,1,0,61.2,17857000
2732,Dhaka,Apartment,1390,2,3,22,4,1997,29,Good,Unfurnished,0,0,0,2.85,1,1,43.5,19085000
2733,Mymensingh,House,1846,2,1,2,0,2026,0,Fair,Fully Furnished,0,1,0,3.28,1,0,60.8,4736000
2734,Khulna,Apartment,1523,1,1,22,16,1985,41,Needs Renovation,Fully Furnished,1,0,0,12.55,0,0,17.2,5215000
2735,Dhaka,Apartment,919,1,1,20,19,2022,4,Good,Fully Furnished,0,0,1,2.32,1,1,15.1,11835000
2736,Rajshahi,House,1033,1,2,1,1,2019,7,Good,Semi-Furnished,1,0,0,5.89,0,1,53.7,3265000
2737,Dhaka,Townhouse,1713,2,2,3,2,2010,16,Needs Renovation,Unfurnished,2,1,0,2.19,1,0,39.5,16293000
2738,Rangpur,Apartment,2705,5,4,22,14,1992,34,Good,Unfurnished,1,0,0,7.82,1,0,22.8,17010000
2739,Dhaka,Apartment,1803,3,4,7,5,1987,39,Excellent,Unfurnished,2,0,0,2.08,0,0,59.4,14829000
2740,Rangpur,Condo,1600,2,1,11,3,1998,28,Fair,Unfurnished,0,0,0,3.75,1,1,32.2,4246000
2741,Rangpur,Apartment,968,1,2,16,0,1988,38,Good,Unfurnished,1,0,0,13.15,0,1,62.5,2372000
2742,Mymensingh,Apartment,1589,2,3,21,15,2017,9,Good,Fully Furnished,1,0,0,3.03,1,0,44.5,5620000
2743,Barishal,Apartment,1877,4,4,12,5,1989,37,Fair,Unfurnished,1,0,0,2.59,1,1,33.9,4213000
2744,Sylhet,Condo,1774,3,2,11,6,2002,24,Needs Renovation,Unfurnished,0,0,0,10.36,0,1,46.9,3160000
2745,Chattogram,Townhouse,1540,3,3,3,0,2010,16,New,Semi-Furnished,1,1,0,10.99,0,0,80.2,8173000
2746,Chattogram,Apartment,1010,3,3,6,0,2012,14,Excellent,Unfurnished,0,0,0,35.79,0,1,81.5,4835000
2747,Mymensingh,Apartment,978,2,1,21,19,1990,36,New,Unfurnished,2,0,0,21.83,0,0,56.0,1840000
2748,Barishal,Apartment,1226,1,2,10,4,2007,19,Good,Semi-Furnished,1,0,0,9.39,1,0,24.5,5770000
2749,Rangpur,House,1102,1,1,1,0,2003,23,Excellent,Semi-Furnished,1,1,0,5.11,1,0,35.9,7369000
2750,Mymensingh,Condo,2496,4,4,10,2,2001,25,Excellent,Semi-Furnished,0,0,0,4.98,1,1,50.8,11438000
2751,Mymensingh,Townhouse,913,1,1,2,1,2014,12,Excellent,Unfurnished,0,1,1,4.89,0,1,46.6,3983000
2752,Khulna,Apartment,1902,3,3,14,10,2019,7,Good,Unfurnished,0,0,0,2.7,1,0,52.8,8313000
2753,Rajshahi,Apartment,804,2,2,20,0,2012,14,Good,Unfurnished,1,0,0,1.38,1,0,30.1,3479000
2754,Rajshahi,Apartment,1410,2,2,24,4,2012,14,New,Unfurnished,0,0,0,2.55,1,1,35.6,4165000
2755,Dhaka,Apartment,2139,4,3,25,16,2017,9,Fair,Unfurnished,2,0,0,6.89,0,0,51.0,26616000
2756,Barishal,House,1652,2,1,3,0,2016,10,Fair,Semi-Furnished,0,1,0,1.75,0,1,17.6,10296000
2757,Sylhet,Condo,1363,3,3,16,8,1998,28,Excellent,Semi-Furnished,1,0,0,7.32,1,0,73.8,4577000
2758,Chattogram,Apartment,1627,3,4,23,10,1994,32,Excellent,Unfurnished,0,0,0,4.38,0,1,37.7,13493000
2759,Chattogram,Duplex,3503,4,5,2,0,1986,40,Needs Renovation,Semi-Furnished,0,1,0,2.37,1,0,5.0,49221000
2760,Rajshahi,Condo,1008,1,2,10,5,2024,2,Good,Semi-Furnished,1,0,0,7.02,1,1,45.8,7982000
2761,Mymensingh,Apartment,977,2,1,16,9,1996,30,Fair,Semi-Furnished,0,0,0,8.56,0,1,36.6,3530000
2762,Rajshahi,Apartment,1447,3,2,20,2,2023,3,Fair,Semi-Furnished,0,0,0,2.27,1,1,5.7,4211000
2763,Mymensingh,Apartment,2195,2,1,17,10,2019,7,Needs Renovation,Fully Furnished,0,0,0,20.51,0,0,51.0,4367000
2764,Chattogram,Apartment,1985,2,1,9,8,2017,9,Good,Unfurnished,1,0,0,2.54,1,1,62.1,8338000
2765,Rangpur,House,1443,1,1,1,0,1998,28,Fair,Fully Furnished,2,1,0,7.32,0,1,49.0,5713000
2766,Sylhet,Apartment,1562,2,2,14,14,2021,5,Fair,Unfurnished,0,0,0,2.06,1,0,20.2,12998000
2767,Mymensingh,House,1872,1,2,3,2,1987,39,Fair,Fully Furnished,0,1,0,3.55,1,1,60.2,9190000
2768,Chattogram,Apartment,2105,4,5,25,17,1990,36,Good,Semi-Furnished,1,0,0,1.57,0,1,74.2,25382000
2769,Khulna,House,1653,2,1,3,1,2002,24,New,Unfurnished,0,0,0,3.5,0,0,45.0,12814000
2770,Dhaka,Apartment,1837,2,2,24,8,2007,19,Good,Semi-Furnished,1,0,0,15.62,0,0,66.0,11406000
2771,Khulna,Apartment,1102,1,1,19,16,2020,6,Good,Unfurnished,0,0,0,6.47,0,0,50.6,2942000
2772,Mymensingh,Apartment,1664,3,2,20,13,1993,33,Excellent,Semi-Furnished,0,0,0,2.1,0,0,67.6,4179000
2773,Rangpur,Apartment,1482,2,1,20,16,2002,24,Excellent,Unfurnished,0,0,0,0.65,1,1,41.1,11284000
2774,Rangpur,Apartment,1894,3,3,17,17,2004,22,Fair,Semi-Furnished,0,0,0,3.98,0,0,17.5,9840000
2775,Rajshahi,Apartment,1877,5,5,15,9,2004,22,Fair,Semi-Furnished,0,0,0,1.51,1,0,9.7,9199000
2776,Khulna,Duplex,3188,5,4,2,1,2009,17,Good,Semi-Furnished,0,0,0,24.44,0,0,41.5,12513000
2777,Dhaka,Apartment,1757,4,3,9,2,2002,24,Good,Unfurnished,0,0,0,4.13,1,0,44.0,7290000
2778,Sylhet,Townhouse,1151,1,2,2,0,1998,28,Fair,Semi-Furnished,1,1,0,43.55,1,0,100.0,3160000
2779,Khulna,Apartment,1701,3,3,14,2,2013,13,Fair,Fully Furnished,3,0,0,6.03,0,0,65.3,10821000
2780,Dhaka,Apartment,1708,4,3,14,13,2010,16,Good,Unfurnished,1,0,0,33.24,1,1,75.0,5168000
2781,Khulna,Apartment,1423,1,2,16,6,1991,35,Fair,Unfurnished,2,0,0,2.68,1,0,26.9,10588000
2782,Rajshahi,Apartment,937,1,2,18,6,2026,0,Good,Semi-Furnished,1,0,0,11.04,0,1,58.2,1502000
2783,Chattogram,Condo,1483,4,4,16,15,2001,25,Needs Renovation,Fully Furnished,1,0,0,3.57,1,1,44.2,18905000
2784,Dhaka,Condo,2293,4,3,24,9,2002,24,Needs Renovation,Semi-Furnished,0,0,0,11.2,0,0,28.1,16186000
2785,Chattogram,Apartment,1854,3,3,15,11,2015,11,Good,Unfurnished,2,0,0,28.83,0,1,73.3,14468000
2786,Sylhet,Apartment,1706,3,4,8,6,2009,17,Excellent,Fully Furnished,0,0,0,22.6,1,0,58.3,10651000
2787,Sylhet,Condo,1846,3,3,20,0,2024,2,Fair,Semi-Furnished,0,0,0,7.22,0,0,29.6,18287000
2788,Chattogram,Apartment,1223,3,3,8,0,1989,37,New,Fully Furnished,2,0,0,1.9,1,0,42.0,12216000
2789,Rangpur,Condo,937,1,1,8,0,1997,29,Good,Semi-Furnished,1,0,0,5.72,1,0,65.1,6677000
2790,Dhaka,Apartment,1527,3,3,22,17,2019,7,Fair,Unfurnished,1,0,0,9.4,1,1,32.9,11753000
2791,Sylhet,House,2319,3,2,1,1,2006,20,Good,Unfurnished,1,0,0,21.66,0,0,88.6,13641000
2792,Chattogram,House,2292,3,3,3,1,2025,1,Good,Unfurnished,0,0,0,6.79,1,0,52.2,28204000
2793,Barishal,Apartment,1534,2,2,20,4,2024,2,Good,Unfurnished,2,0,0,3.31,1,1,57.3,7081000
2794,Rajshahi,House,2954,4,4,3,2,2007,19,Excellent,Semi-Furnished,2,1,0,6.15,1,1,33.8,34454000
2795,Mymensingh,Apartment,1552,3,4,23,0,2000,26,Fair,Semi-Furnished,1,0,0,1.32,0,0,51.6,6939000
2796,Chattogram,Duplex,1759,3,3,3,0,2018,8,Fair,Semi-Furnished,2,1,0,3.59,1,1,54.5,22869000
2797,Dhaka,Apartment,1474,2,1,8,4,2011,15,New,Fully Furnished,0,0,0,2.17,0,0,60.3,37547000
2798,Sylhet,Apartment,1166,3,3,14,13,2008,18,Good,Fully Furnished,0,0,0,7.19,1,1,64.1,5980000
2799,Khulna,Apartment,1661,2,2,6,0,1993,33,Good,Unfurnished,3,0,0,8.3,0,1,24.4,4292000
2800,Barishal,Condo,2148,3,3,6,4,1994,32,Good,Unfurnished,0,0,0,2.72,1,1,30.1,15265000
2801,Rangpur,Condo,2126,3,3,18,13,2013,13,Excellent,Semi-Furnished,1,0,0,8.59,1,0,47.2,11349000
2802,Barishal,House,906,1,1,1,0,1998,28,Good,Fully Furnished,1,1,0,3.01,1,0,42.1,5029000
2803,Barishal,Condo,1437,2,1,14,8,1996,30,Excellent,Unfurnished,0,0,0,23.16,1,0,34.9,3886000
2804,Khulna,Apartment,1536,1,1,17,10,1985,41,Excellent,Fully Furnished,0,0,1,25.51,0,1,55.5,4222000
2805,Rajshahi,Duplex,838,1,1,3,2,2025,1,Needs Renovation,Semi-Furnished,0,0,0,1.52,1,0,7.3,6486000
2806,Barishal,Apartment,1571,2,2,11,10,1998,28,Good,Semi-Furnished,2,0,0,5.54,0,0,33.2,2980000
2807,Mymensingh,Condo,695,2,1,17,1,1996,30,Good,Unfurnished,1,0,0,7.11,0,0,14.5,3863000
2808,Dhaka,Townhouse,988,1,1,3,0,2007,19,Fair,Unfurnished,1,1,0,0.52,1,0,18.7,9506000
2809,Mymensingh,Apartment,1228,2,1,16,12,2024,2,Good,Unfurnished,0,0,0,8.16,0,1,27.3,4985000
2810,Rajshahi,House,2010,4,4,1,1,2015,11,Fair,Semi-Furnished,0,0,0,3.35,1,1,70.2,14915000
2811,Mymensingh,Condo,1411,2,2,13,12,2013,13,Excellent,Semi-Furnished,0,0,0,12.71,0,0,80.0,3390000
2812,Chattogram,Apartment,1234,1,1,10,4,1989,37,Fair,Unfurnished,0,0,0,3.92,1,0,38.7,4891000
2813,Chattogram,Condo,2171,4,4,9,4,2021,5,Good,Unfurnished,1,0,0,0.49,1,1,38.6,17792000
2814,Barishal,House,1568,2,2,1,0,2017,9,New,Semi-Furnished,1,0,0,14.51,1,0,67.0,8385000
2815,Sylhet,Apartment,1123,2,2,12,6,2003,23,Excellent,Unfurnished,0,0,0,2.57,1,1,18.3,12258000
2816,Rangpur,Apartment,480,1,1,21,5,2021,5,Good,Unfurnished,1,0,0,20.12,0,0,52.2,1122000
2817,Khulna,Condo,1877,2,2,13,9,2013,13,Needs Renovation,Fully Furnished,1,0,0,0.55,1,0,38.4,9563000
2818,Dhaka,Townhouse,1276,2,2,2,0,2011,15,Good,Semi-Furnished,0,0,0,3.83,0,1,29.8,29138000
2819,Rajshahi,Apartment,1639,2,3,25,5,2010,16,Fair,Unfurnished,1,0,0,11.51,0,1,48.0,7903000
2820,Sylhet,House,1117,1,2,3,2,1993,33,Good,Semi-Furnished,0,0,0,21.58,0,1,57.8,5902000
2821,Barishal,Condo,1214,3,3,10,3,1995,31,Good,Unfurnished,1,0,0,16.6,0,0,70.1,6668000
2822,Rajshahi,Duplex,1061,1,1,3,0,1998,28,Good,Unfurnished,1,1,0,30.37,0,0,100.0,1524000
2823,Rangpur,Apartment,2171,5,5,13,7,2005,21,Good,Semi-Furnished,1,0,0,3.7,1,1,63.7,3180000
2824,Rajshahi,Townhouse,2046,5,6,2,1,1995,31,Fair,Semi-Furnished,0,1,0,3.76,1,1,20.8,7681000
2825,Rajshahi,Condo,1813,3,2,18,0,2026,0,Fair,Unfurnished,0,0,0,5.32,1,1,29.8,9110000
2826,Mymensingh,Condo,1941,4,4,20,7,1999,27,Excellent,Fully Furnished,0,0,0,24.14,0,0,68.6,9495000
2827,Rajshahi,Duplex,2984,4,4,3,1,2009,17,Fair,Fully Furnished,2,0,0,11.32,0,0,81.8,7916000
2828,Barishal,Apartment,1545,2,3,16,13,1992,34,Fair,Semi-Furnished,1,0,0,5.98,0,1,33.6,3041000
2829,Barishal,Apartment,1600,2,2,21,7,2008,18,New,Fully Furnished,0,0,0,9.81,0,0,52.4,3496000
2830,Chattogram,House,1245,1,1,1,0,1995,31,Needs Renovation,Fully Furnished,0,0,0,26.83,1,0,68.9,8585000
2831,Chattogram,Duplex,1090,2,1,1,0,1988,38,Fair,Unfurnished,2,1,0,3.27,1,0,27.3,6713000
2832,Barishal,Duplex,2959,4,3,3,2,2016,10,Good,Semi-Furnished,2,1,0,7.88,1,1,44.9,21400000
2833,Khulna,Condo,958,2,3,12,9,1991,35,Good,Semi-Furnished,3,0,0,7.6,0,0,52.8,6692000
2834,Chattogram,Condo,1315,3,4,7,7,2026,0,Good,Semi-Furnished,0,0,0,3.72,1,1,36.6,10809000
2835,Barishal,Apartment,2225,3,3,16,10,2014,12,Excellent,Semi-Furnished,2,0,0,2.03,1,1,36.6,7241000
2836,Mymensingh,Condo,1635,3,3,11,1,2007,19,Fair,Unfurnished,1,0,0,8.18,0,0,22.6,3819000
2837,Rangpur,Apartment,1418,3,4,20,14,2008,18,Fair,Semi-Furnished,0,0,0,5.53,1,1,46.4,8430000
2838,Barishal,House,1520,1,1,3,1,2019,7,Excellent,Semi-Furnished,0,0,0,2.08,0,1,34.5,4565000
2839,Chattogram,Duplex,1884,2,1,2,0,2023,3,New,Fully Furnished,0,0,1,6.01,1,0,41.9,16396000
2840,Sylhet,Duplex,2944,3,2,3,2,2016,10,Good,Unfurnished,1,1,0,7.32,0,1,40.2,37478000
2841,Rajshahi,Condo,1875,2,2,15,15,1995,31,Good,Fully Furnished,0,0,0,12.8,0,0,25.3,13366000
2842,Dhaka,Apartment,1575,2,2,10,0,2009,17,New,Semi-Furnished,0,0,0,4.39,1,1,29.4,35602000
2843,Khulna,Condo,899,1,2,24,0,2023,3,New,Semi-Furnished,2,0,0,16.43,0,0,74.8,6046000
2844,Rangpur,Apartment,2625,5,6,11,2,2005,21,Good,Semi-Furnished,0,0,0,12.71,0,1,46.7,7831000
2845,Sylhet,Condo,1369,2,1,11,5,1993,33,New,Unfurnished,1,0,1,2.72,1,1,56.6,22466000
2846,Rangpur,Apartment,1377,3,3,6,1,1991,35,Good,Semi-Furnished,0,0,0,34.46,1,0,100.0,4347000
2847,Rajshahi,Apartment,1823,2,3,21,18,2024,2,Fair,Fully Furnished,0,0,0,2.18,0,0,28.5,10999000
2848,Barishal,Apartment,1330,2,3,23,9,2007,19,Good,Fully Furnished,1,0,0,14.88,0,0,36.9,5729000
2849,Mymensingh,Apartment,1567,4,5,16,1,1993,33,Fair,Unfurnished,1,0,0,2.72,0,1,62.7,3694000
2850,Barishal,Condo,1193,2,1,20,18,2005,21,Good,Unfurnished,1,0,0,2.65,1,1,22.2,8122000
2851,Barishal,Condo,1237,1,2,19,5,2010,16,Good,Semi-Furnished,0,0,0,13.68,1,0,73.7,3113000
2852,Chattogram,Apartment,1426,2,3,8,4,2025,1,Good,Unfurnished,1,0,0,2.47,1,1,61.1,14981000
2853,Rajshahi,House,2751,4,4,1,0,2005,21,Good,Unfurnished,2,1,0,1.79,0,0,58.8,25053000
2854,Khulna,Apartment,2140,3,2,17,17,2001,25,Good,Unfurnished,3,0,0,3.16,1,1,40.8,7616000
2855,Rangpur,Condo,2796,5,5,16,12,1997,29,Fair,Unfurnished,1,0,0,5.07,1,1,31.3,12645000
2856,Mymensingh,Apartment,1531,1,1,21,18,2023,3,Good,Fully Furnished,2,0,0,5.07,0,1,30.4,3918000
2857,Mymensingh,Apartment,1724,2,2,8,7,2025,1,Good,Semi-Furnished,0,0,0,5.9,1,1,55.0,10045000
2858,Barishal,House,1630,2,2,2,1,1999,27,Fair,Fully Furnished,0,0,1,13.03,1,0,40.9,11569000
2859,Barishal,Condo,1711,3,4,25,18,2019,7,New,Unfurnished,0,0,0,1.22,1,1,48.9,14874000
2860,Rajshahi,Townhouse,1688,3,4,3,1,2021,5,Fair,Fully Furnished,1,0,0,5.47,0,1,56.2,4017000
2861,Sylhet,Apartment,1655,2,2,22,20,1996,30,Good,Fully Furnished,1,0,0,3.32,0,0,24.8,5218000
2862,Sylhet,Condo,1727,3,2,12,2,2011,15,Good,Fully Furnished,0,0,0,13.79,1,0,54.8,16831000
2863,Rangpur,Townhouse,2032,3,4,2,1,1985,41,Excellent,Semi-Furnished,1,1,0,0.89,0,1,5.0,19000000
2864,Mymensingh,Apartment,653,1,2,8,7,2010,16,Good,Fully Furnished,0,0,0,11.24,1,0,59.4,1118000
2865,Dhaka,Apartment,1189,1,1,15,12,1986,40,Good,Unfurnished,0,0,0,5.32,1,0,37.2,19172000
2866,Sylhet,Townhouse,2371,3,3,2,1,2009,17,Excellent,Fully Furnished,0,0,0,2.45,1,1,59.3,25044000
2867,Rangpur,Apartment,1270,2,2,25,22,2014,12,Good,Fully Furnished,1,0,0,1.85,1,0,35.3,9767000
2868,Khulna,Condo,1600,2,1,8,2,1989,37,Good,Semi-Furnished,0,0,0,7.46,1,1,42.9,14472000
2869,Khulna,Townhouse,2306,4,4,2,1,1988,38,Excellent,Fully Furnished,2,1,0,6.39,1,0,13.2,6389000
2870,Khulna,Apartment,1353,2,3,8,3,2025,1,Good,Fully Furnished,1,0,0,2.49,1,1,36.5,8442000
2871,Sylhet,Apartment,1848,4,5,16,9,1996,30,Excellent,Fully Furnished,0,0,0,12.09,0,0,17.5,17572000
2872,Rajshahi,Duplex,1869,2,3,2,0,2023,3,Good,Semi-Furnished,0,1,0,2.21,0,1,12.3,13512000
2873,Khulna,Apartment,922,1,1,23,20,2021,5,Good,Semi-Furnished,0,0,0,1.65,1,1,51.8,5461000
2874,Mymensingh,Apartment,1428,2,2,17,10,1998,28,Good,Semi-Furnished,1,0,0,9.14,0,0,37.4,4343000
2875,Khulna,Apartment,1964,3,3,13,13,1985,41,New,Fully Furnished,0,0,0,10.62,0,0,58.2,18375000
2876,Chattogram,Apartment,1259,2,3,9,0,1992,34,Good,Unfurnished,1,0,0,11.26,1,0,40.3,13839000
2877,Rajshahi,Apartment,847,1,1,7,7,2010,16,Good,Semi-Furnished,0,0,0,1.89,0,1,46.0,4294000
2878,Barishal,House,1814,4,4,1,0,2016,10,Good,Unfurnished,0,1,0,12.81,1,0,47.8,8701000
2879,Rangpur,Apartment,556,1,1,12,8,1991,35,Needs Renovation,Semi-Furnished,0,0,0,1.99,1,1,44.9,2498000
2880,Khulna,Apartment,1642,2,2,22,12,1998,28,Good,Semi-Furnished,3,0,0,3.46,1,0,38.7,16689000
2881,Rangpur,Apartment,1715,4,5,16,11,2017,9,Excellent,Fully Furnished,0,0,0,7.73,0,0,51.7,11309000
2882,Mymensingh,Apartment,1774,3,4,22,10,2018,8,Fair,Fully Furnished,0,0,0,4.35,0,1,21.4,9311000
2883,Mymensingh,Apartment,1112,2,1,16,12,1990,36,New,Semi-Furnished,1,0,0,2.17,0,0,33.5,3237000
2884,Rangpur,Condo,2306,4,3,8,7,1989,37,Good,Semi-Furnished,1,0,1,0.95,1,1,48.1,7346000
2885,Sylhet,House,1783,2,1,2,0,1991,35,Good,Semi-Furnished,0,1,0,11.81,0,0,53.9,16121000
2886,Rajshahi,House,2830,4,4,3,0,1996,30,Good,Unfurnished,2,0,0,21.72,0,1,57.0,6244000
2887,Khulna,Condo,986,1,1,16,13,2001,25,Needs Renovation,Unfurnished,1,0,0,21.82,0,0,64.4,3776000
2888,Chattogram,Duplex,1293,1,2,1,0,2021,5,Good,Semi-Furnished,1,0,0,3.69,1,1,29.0,24481000
2889,Rajshahi,Condo,2467,5,6,12,4,1991,35,Excellent,Semi-Furnished,1,0,0,1.84,1,0,5.0,19148000
2890,Rangpur,House,1414,2,3,3,2,1992,34,Excellent,Unfurnished,0,1,0,5.65,1,1,73.3,2685000
2891,Rajshahi,House,2221,1,1,2,1,1988,38,Excellent,Unfurnished,0,0,0,5.76,0,0,5.0,6305000
2892,Khulna,Duplex,1487,2,2,2,0,2022,4,New,Semi-Furnished,0,0,1,11.05,1,1,58.5,7457000
2893,Mymensingh,Apartment,1005,2,2,16,14,2007,19,Needs Renovation,Unfurnished,1,0,0,9.29,1,0,90.6,3662000
2894,Khulna,Apartment,1705,4,4,16,0,1996,30,Needs Renovation,Unfurnished,1,0,0,6.44,1,0,39.3,3467000
2895,Dhaka,Apartment,1630,4,5,16,4,1995,31,Excellent,Unfurnished,0,0,0,9.09,0,1,28.5,10986000
2896,Rajshahi,Apartment,1685,3,3,23,15,2025,1,Excellent,Unfurnished,2,0,0,0.34,1,0,21.5,9429000
2897,Rangpur,Apartment,820,1,1,19,10,2017,9,Good,Semi-Furnished,0,0,0,7.22,0,1,50.5,2006000
2898,Rajshahi,Apartment,1636,2,2,25,12,2016,10,Good,Semi-Furnished,0,0,0,5.64,0,0,54.8,6038000
2899,Rangpur,Apartment,2008,3,2,25,2,1991,35,Excellent,Semi-Furnished,0,0,0,4.38,1,0,47.5,9663000
2900,Rajshahi,Condo,1968,4,4,21,12,2007,19,New,Unfurnished,2,0,0,7.87,0,1,45.7,9772000
2901,Chattogram,Apartment,2503,3,4,11,9,1998,28,Excellent,Semi-Furnished,0,0,0,8.56,0,0,72.8,30767000
2902,Rajshahi,Apartment,2186,4,5,19,11,2012,14,New,Unfurnished,2,0,0,18.31,0,0,49.1,9591000
2903,Khulna,Apartment,2488,4,3,15,7,2015,11,Needs Renovation,Semi-Furnished,0,0,0,5.58,0,1,26.0,8550000
2904,Rangpur,Apartment,1984,2,3,22,13,2018,8,Fair,Unfurnished,1,0,0,1.95,1,1,37.8,7180000
2905,Mymensingh,Townhouse,1028,2,3,3,0,1992,34,Excellent,Semi-Furnished,0,0,1,9.9,1,0,43.1,6842000
2906,Barishal,House,2215,3,4,2,0,2009,17,New,Unfurnished,1,1,0,1.62,1,0,29.3,20983000
2907,Khulna,House,2112,3,3,2,1,2002,24,Excellent,Unfurnished,0,1,0,6.47,1,0,41.0,7474000
2908,Sylhet,Apartment,1389,1,2,11,6,1999,27,New,Unfurnished,0,0,0,4.19,0,0,40.7,13604000
2909,Mymensingh,House,2016,3,2,2,1,1994,32,Good,Semi-Furnished,1,0,0,7.15,1,0,59.0,4320000
2910,Rangpur,Apartment,1332,3,3,8,2,1990,36,Excellent,Unfurnished,0,0,0,2.6,0,1,48.2,2968000
2911,Rangpur,Apartment,1678,3,2,9,3,2018,8,Fair,Semi-Furnished,1,0,0,13.35,0,1,58.4,6856000
2912,Mymensingh,Townhouse,1261,2,3,2,1,1992,34,Excellent,Semi-Furnished,0,0,0,16.31,0,1,68.9,6185000
2913,Rangpur,Apartment,1336,3,3,13,11,1993,33,Excellent,Semi-Furnished,0,0,0,2.58,1,0,47.6,5952000
2914,Dhaka,Apartment,813,1,2,9,5,2013,13,Fair,Semi-Furnished,1,0,0,20.85,0,0,72.0,6418000
2915,Khulna,Apartment,1095,1,1,23,17,1986,40,Good,Fully Furnished,1,0,0,13.36,1,0,31.2,4951000
2916,Khulna,Apartment,2025,4,3,12,9,1994,32,Fair,Fully Furnished,1,0,0,3.85,1,1,33.5,13919000
2917,Sylhet,Condo,1757,2,2,21,1,1990,36,Excellent,Unfurnished,1,0,0,19.22,0,0,33.8,14865000
2918,Chattogram,Apartment,2544,4,4,25,4,1986,40,New,Unfurnished,1,0,0,16.41,0,0,59.1,8500000
2919,Mymensingh,House,1548,2,1,1,0,2019,7,New,Fully Furnished,0,1,0,14.38,0,1,63.4,8398000
2920,Khulna,Townhouse,773,1,2,3,1,1997,29,Needs Renovation,Semi-Furnished,0,1,0,1.13,1,0,70.7,1631000
2921,Barishal,Apartment,994,1,1,18,9,1994,32,Fair,Fully Furnished,0,0,0,10.48,0,0,45.4,5389000
2922,Khulna,House,2191,3,2,3,2,2023,3,Fair,Semi-Furnished,1,1,0,2.86,0,0,30.6,13973000
2923,Mymensingh,Apartment,1593,3,3,14,1,1985,41,Good,Semi-Furnished,0,0,0,3.87,1,0,73.8,4945000
2924,Barishal,Apartment,1069,1,1,12,9,1993,33,Good,Semi-Furnished,2,0,0,18.27,1,0,70.6,2356000
2925,Sylhet,Condo,2013,3,2,6,5,1994,32,Needs Renovation,Unfurnished,0,0,0,1.7,1,1,48.2,16275000
2926,Chattogram,Townhouse,1123,1,2,3,2,2024,2,Good,Semi-Furnished,2,1,0,22.29,0,0,56.7,10135000
2927,Chattogram,Apartment,2925,5,5,8,0,1986,40,Good,Fully Furnished,0,0,0,1.03,1,1,53.1,18692000
2928,Chattogram,Apartment,2568,4,3,7,4,2023,3,Fair,Fully Furnished,1,0,0,3.36,1,0,29.0,33615000
2929,Chattogram,Apartment,2083,5,5,7,4,2015,11,Excellent,Unfurnished,0,0,0,5.93,1,1,40.9,29851000
2930,Rajshahi,Apartment,2224,3,3,23,20,1988,38,Fair,Semi-Furnished,1,0,0,0.39,0,1,40.2,5632000
2931,Dhaka,Apartment,1106,1,1,21,1,2017,9,Fair,Fully Furnished,0,0,0,13.94,0,0,52.8,7405000
2932,Rajshahi,House,2936,4,4,2,1,2005,21,Good,Unfurnished,0,1,0,2.04,1,0,43.8,20785000
2933,Barishal,Apartment,1810,3,3,13,5,1985,41,Fair,Semi-Furnished,0,0,0,9.09,0,0,39.2,7823000
2934,Rajshahi,Duplex,1952,2,2,1,0,2024,2,Fair,Semi-Furnished,0,1,0,7.35,1,1,65.5,5578000
2935,Dhaka,Apartment,1294,2,3,24,22,1994,32,Good,Semi-Furnished,1,0,0,2.95,1,0,48.4,25852000
2936,Rajshahi,Apartment,1297,2,2,7,7,2022,4,Fair,Fully Furnished,1,0,0,12.47,0,0,54.0,2183000
2937,Khulna,Duplex,1953,3,3,2,1,1997,29,Excellent,Semi-Furnished,1,0,0,14.59,1,0,80.4,6429000
2938,Rangpur,Apartment,2175,3,3,6,5,1988,38,New,Unfurnished,1,0,0,6.5,1,0,71.2,5524000
2939,Rajshahi,Apartment,981,2,2,21,16,2001,25,Fair,Fully Furnished,0,0,0,1.94,0,1,55.1,2233000
2940,Sylhet,Condo,1102,2,3,13,11,2002,24,Fair,Semi-Furnished,0,0,0,8.03,0,0,18.3,5087000
2941,Sylhet,Apartment,1469,2,2,20,0,2001,25,Fair,Fully Furnished,1,0,1,2.98,1,1,62.0,13557000
2942,Sylhet,House,1609,2,2,1,1,1998,28,New,Unfurnished,1,1,0,0.58,1,1,32.0,18165000
2943,Rajshahi,Apartment,1750,1,2,23,13,1995,31,New,Semi-Furnished,1,0,0,20.73,1,0,81.4,10906000
2944,Mymensingh,Townhouse,1687,3,3,1,0,2018,8,Good,Semi-Furnished,1,0,0,6.75,1,0,41.6,2837000
2945,Sylhet,Condo,1954,3,3,16,9,1994,32,Good,Semi-Furnished,0,0,0,8.81,0,0,45.4,7147000
2946,Sylhet,Apartment,1918,3,3,21,1,2004,22,Good,Unfurnished,1,0,0,0.96,1,1,24.8,8998000
2947,Dhaka,Apartment,1125,2,1,22,3,2017,9,Excellent,Unfurnished,0,0,0,8.2,1,0,45.7,16914000
2948,Mymensingh,House,1774,4,3,3,2,2001,25,Good,Semi-Furnished,2,0,0,20.72,1,0,80.3,3578000
2949,Sylhet,Condo,511,2,1,13,3,2007,19,Excellent,Unfurnished,0,0,0,10.86,0,0,33.5,3174000
2950,Chattogram,Condo,2536,4,4,20,14,1992,34,Needs Renovation,Unfurnished,0,0,0,11.04,0,1,54.0,21856000
2951,Sylhet,Apartment,1486,2,2,9,9,1985,41,Good,Fully Furnished,2,0,0,8.05,1,0,84.1,11843000
2952,Sylhet,Townhouse,2129,4,4,1,1,1999,27,Good,Fully Furnished,1,1,0,1.51,1,1,61.1,29149000
2953,Barishal,Apartment,1490,3,4,12,2,2000,26,New,Unfurnished,0,0,0,2.84,1,1,49.2,6295000
2954,Sylhet,Apartment,1755,3,2,11,8,2022,4,Good,Unfurnished,1,0,0,6.69,0,0,44.6,12947000
2955,Khulna,Apartment,596,1,1,18,5,1991,35,Good,Unfurnished,0,0,0,4.41,1,0,26.2,3263000
2956,Rangpur,Duplex,2450,3,2,3,0,2011,15,Good,Unfurnished,1,0,0,11.17,1,1,43.3,4483000
2957,Mymensingh,Duplex,2389,3,3,1,1,2009,17,Good,Fully Furnished,0,1,0,11.54,0,0,37.8,5077000
2958,Dhaka,Apartment,1096,1,1,12,11,1998,28,Good,Fully Furnished,0,0,0,5.13,0,0,31.7,8327000
2959,Chattogram,Apartment,1211,1,1,18,4,2009,17,Good,Fully Furnished,0,0,0,9.66,1,0,45.9,15400000
2960,Khulna,Apartment,1396,3,3,6,0,2024,2,Excellent,Semi-Furnished,1,0,0,7.45,0,1,70.6,12790000
2961,Chattogram,Apartment,1470,2,1,23,14,2021,5,Fair,Unfurnished,0,0,0,9.06,0,0,76.1,11694000
2962,Rangpur,Apartment,1599,3,3,18,0,1986,40,Fair,Semi-Furnished,0,0,0,3.68,0,1,48.7,4963000
2963,Chattogram,Apartment,1794,4,4,6,6,2026,0,Good,Unfurnished,0,0,0,8.94,0,1,48.0,19485000
2964,Rangpur,House,1801,2,2,3,2,1985,41,New,Fully Furnished,1,0,0,3.21,1,0,41.0,8628000
2965,Barishal,House,1954,1,2,2,1,1988,38,Excellent,Unfurnished,1,0,0,31.03,0,1,69.2,5967000
2966,Rangpur,Condo,2247,4,4,24,17,2008,18,Good,Fully Furnished,0,0,0,7.78,0,0,61.5,13042000
2967,Dhaka,House,1929,3,3,1,0,2012,14,Excellent,Fully Furnished,0,0,0,10.48,0,1,24.5,36919000
2968,Rangpur,Apartment,1794,3,2,7,0,1990,36,Fair,Semi-Furnished,0,0,0,0.7,1,0,38.8,8260000
2969,Sylhet,Apartment,1945,3,3,11,2,1986,40,Good,Unfurnished,3,0,0,4.86,1,0,39.9,19785000
2970,Rajshahi,Townhouse,1309,2,2,1,0,1997,29,Good,Semi-Furnished,1,0,0,11.12,0,0,59.4,5429000
2971,Barishal,Apartment,616,1,2,10,8,2024,2,Fair,Semi-Furnished,1,0,0,8.01,0,1,44.7,1252000
2972,Chattogram,Apartment,1365,3,3,22,18,2024,2,Excellent,Unfurnished,0,0,1,7.83,0,0,22.9,7599000
2973,Mymensingh,Apartment,1803,2,3,9,1,1999,27,Good,Unfurnished,0,0,0,4.47,1,1,36.1,6902000
2974,Chattogram,Apartment,1172,3,4,25,25,1987,39,Excellent,Fully Furnished,0,0,0,9.65,0,1,44.0,17233000
2975,Mymensingh,House,2677,4,5,3,1,1997,29,Excellent,Semi-Furnished,1,1,0,12.06,0,0,43.4,11723000
2976,Rajshahi,House,2110,3,3,1,0,1994,32,Fair,Unfurnished,2,0,0,5.88,0,1,37.4,6522000
2977,Chattogram,House,1872,2,1,1,1,2013,13,Good,Semi-Furnished,0,1,0,1.87,1,0,67.0,9441000
2978,Chattogram,Apartment,1891,3,4,24,4,2001,25,Needs Renovation,Fully Furnished,0,0,0,1.0,1,0,5.0,6098000
2979,Rangpur,Apartment,2013,2,2,21,6,2002,24,New,Semi-Furnished,2,0,0,3.35,1,0,24.3,4616000
2980,Chattogram,Duplex,1934,4,4,1,0,1987,39,Good,Unfurnished,1,0,0,4.12,1,0,30.6,17274000
2981,Sylhet,House,2457,3,4,1,1,2006,20,New,Semi-Furnished,1,0,0,6.06,1,0,25.1,28467000
2982,Dhaka,House,2467,3,3,3,2,2003,23,Good,Semi-Furnished,0,0,0,9.85,0,0,63.8,43897000
2983,Barishal,Condo,1540,3,2,9,0,2023,3,Good,Unfurnished,0,0,0,4.9,0,0,46.2,8628000
2984,Chattogram,Apartment,1672,3,3,23,21,2018,8,New,Unfurnished,1,0,0,7.4,0,1,30.1,24051000
2985,Barishal,Apartment,1007,1,1,25,16,2025,1,Fair,Fully Furnished,0,0,0,11.69,0,0,54.5,3508000
2986,Rajshahi,Duplex,1964,3,3,2,0,2021,5,Good,Semi-Furnished,2,1,0,6.47,1,1,50.8,17054000
2987,Khulna,Apartment,1982,4,3,16,7,1986,40,Excellent,Semi-Furnished,1,0,0,4.5,1,1,77.1,5807000
2988,Rajshahi,Apartment,967,3,4,24,20,1991,35,Fair,Unfurnished,1,0,0,6.26,0,0,54.9,5034000
2989,Rajshahi,Duplex,1603,1,1,1,0,1993,33,Good,Unfurnished,1,0,0,3.51,1,1,14.5,5612000
2990,Rangpur,House,2577,4,5,3,0,1985,41,Good,Unfurnished,0,0,0,1.34,1,0,39.4,14602000
2991,Rangpur,Apartment,2088,3,2,15,1,2000,26,Good,Fully Furnished,1,0,0,0.46,1,1,33.7,10135000
2992,Khulna,Condo,1509,3,2,14,5,2008,18,Fair,Unfurnished,0,0,0,3.17,1,1,32.7,7549000
2993,Rajshahi,Apartment,626,1,1,18,7,1998,28,Fair,Unfurnished,0,0,0,5.67,1,0,35.3,2752000
2994,Mymensingh,Townhouse,1616,3,3,2,0,2017,9,Good,Fully Furnished,1,0,0,15.71,0,0,34.1,7646000
2995,Rangpur,Apartment,1438,2,2,13,2,2001,25,Good,Semi-Furnished,1,0,0,3.99,1,0,26.8,3652000
2996,Mymensingh,Apartment,1758,4,4,25,5,2026,0,New,Unfurnished,1,0,0,6.46,0,1,45.5,6992000
2997,Sylhet,Condo,1687,2,2,19,19,2007,19,Good,Unfurnished,2,0,0,6.52,0,0,58.9,13790000
2998,Sylhet,Duplex,1798,2,2,2,0,1990,36,Good,Unfurnished,0,1,0,2.75,0,1,43.8,13312000
2999,Rangpur,Apartment,1510,2,1,20,5,2004,22,Good,Semi-Furnished,0,0,0,4.53,1,1,56.3,7919000
3000,Khulna,Apartment,1054,1,1,21,15,2015,11,Fair,Unfurnished,1,0,0,5.24,0,1,33.1,4959000
3001,Rangpur,Duplex,2292,3,3,2,0,1995,31,Excellent,Semi-Furnished,0,0,0,6.99,0,0,26.2,5321000
3002,Dhaka,Apartment,1304,2,3,17,12,1990,36,Good,Unfurnished,1,0,0,2.1,1,1,41.6,27468000
3003,Dhaka,Apartment,2039,3,4,17,12,2024,2,Excellent,Fully Furnished,0,0,0,15.76,1,0,32.2,12550000
3004,Dhaka,House,1204,1,1,2,1,1985,41,New,Fully Furnished,0,1,0,8.01,1,0,52.0,19031000
3005,Chattogram,Apartment,1086,1,2,10,3,2005,21,Excellent,Unfurnished,0,0,0,0.85,0,0,31.6,7088000
3006,Barishal,Apartment,1635,3,2,7,4,2005,21,Fair,Semi-Furnished,2,0,0,10.14,0,1,41.5,4301000
3007,Rajshahi,Apartment,640,1,1,16,16,2025,1,Good,Unfurnished,2,0,0,1.64,0,1,28.1,3655000
3008,Sylhet,Apartment,1526,3,4,17,13,2022,4,Good,Unfurnished,0,0,0,20.97,0,0,45.8,6419000
3009,Rangpur,Duplex,1680,2,2,3,0,1999,27,Needs Renovation,Semi-Furnished,0,1,0,4.96,1,1,22.1,4107000
3010,Mymensingh,Apartment,1134,3,4,19,2,1991,35,Fair,Fully Furnished,0,0,0,18.87,0,0,74.2,2401000
3011,Rangpur,Apartment,1196,3,2,21,17,1995,31,Good,Semi-Furnished,2,0,0,7.38,1,0,21.4,6014000
3012,Mymensingh,Duplex,828,2,3,1,0,1992,34,Fair,Fully Furnished,0,0,0,4.83,1,1,53.4,6230000
3013,Barishal,House,2242,4,4,1,1,2020,6,Excellent,Unfurnished,1,0,0,3.89,1,0,59.4,8925000
3014,Mymensingh,Apartment,1502,3,4,20,18,2023,3,Needs Renovation,Semi-Furnished,0,0,0,1.5,0,0,34.6,7325000
3015,Rangpur,Apartment,1527,3,3,25,15,1998,28,Needs Renovation,Fully Furnished,0,0,0,4.55,1,0,46.9,4688000
3016,Chattogram,House,1328,1,1,1,1,1991,35,Needs Renovation,Semi-Furnished,0,0,0,1.61,1,1,24.9,16426000
3017,Dhaka,Apartment,1801,3,2,18,5,2012,14,Good,Semi-Furnished,0,0,0,6.23,0,0,52.0,12078000
3018,Sylhet,Apartment,2100,3,2,24,13,2018,8,Excellent,Unfurnished,0,0,0,15.39,0,0,38.8,10944000
3019,Chattogram,Townhouse,1994,4,4,3,2,2014,12,Fair,Unfurnished,1,0,0,11.72,1,1,74.9,6422000
3020,Rajshahi,Apartment,1382,2,1,6,3,2025,1,Good,Semi-Furnished,2,0,0,0.88,1,0,26.4,7925000
3021,Barishal,House,3145,4,3,1,1,2007,19,Good,Semi-Furnished,0,0,0,1.13,1,0,38.8,9854000
3022,Sylhet,Apartment,1380,1,2,11,1,2016,10,New,Fully Furnished,0,0,0,12.88,0,0,60.9,11316000
3023,Rangpur,Apartment,2260,4,3,10,3,1987,39,Excellent,Semi-Furnished,0,0,0,4.4,1,0,39.2,10675000
3024,Rangpur,Apartment,1590,3,3,19,13,1995,31,Excellent,Fully Furnished,2,0,0,3.43,1,1,32.3,13713000
3025,Barishal,Apartment,870,1,1,25,18,2001,25,Good,Unfurnished,0,0,0,5.05,0,0,60.2,2227000
3026,Dhaka,Townhouse,1109,1,1,1,1,2004,22,Excellent,Unfurnished,2,1,0,2.58,1,1,33.6,11829000
3027,Sylhet,House,2994,5,6,2,0,1987,39,Fair,Unfurnished,1,0,0,26.36,0,0,80.1,4885000
3028,Chattogram,House,687,1,1,3,0,2023,3,New,Unfurnished,0,0,0,6.6,0,1,43.2,4336000
3029,Chattogram,Townhouse,1457,2,2,1,1,1999,27,New,Semi-Furnished,0,0,0,1.99,1,1,43.4,12908000
3030,Khulna,Townhouse,1352,2,1,3,2,2007,19,Fair,Semi-Furnished,0,1,0,3.12,1,0,24.9,3310000
3031,Rangpur,Condo,1728,4,4,10,2,1988,38,Fair,Semi-Furnished,0,0,0,4.53,0,0,56.2,5816000
3032,Chattogram,Apartment,1846,3,2,21,5,2002,24,Excellent,Semi-Furnished,1,0,0,5.32,1,0,36.5,18464000
3033,Mymensingh,Condo,1953,3,3,20,6,1994,32,Needs Renovation,Unfurnished,2,0,0,5.86,1,0,54.7,5158000
3034,Mymensingh,Apartment,793,2,3,24,5,2023,3,New,Unfurnished,0,0,0,7.17,0,0,53.4,4487000
3035,Mymensingh,Apartment,2957,5,6,7,2,2012,14,Good,Semi-Furnished,2,0,0,12.01,1,1,69.9,4192000
3036,Sylhet,Apartment,1358,2,2,11,0,2022,4,New,Semi-Furnished,0,0,0,13.34,0,0,32.0,12355000
3037,Chattogram,House,1183,2,2,1,0,2015,11,Fair,Unfurnished,0,0,0,2.29,1,1,33.8,17950000
3038,Rajshahi,Apartment,2099,3,4,22,0,2022,4,New,Semi-Furnished,0,0,0,4.21,1,1,43.1,5872000
3039,Barishal,Apartment,2594,3,2,12,8,2005,21,Fair,Fully Furnished,1,0,0,7.82,0,1,75.4,12794000
3040,Barishal,Apartment,1924,4,4,14,4,1987,39,Excellent,Semi-Furnished,0,0,0,17.22,0,1,28.7,10094000
3041,Dhaka,Condo,1143,2,2,13,1,2006,20,Good,Semi-Furnished,1,0,0,8.64,1,0,22.8,22406000
3042,Barishal,Apartment,1780,5,5,13,8,2020,6,New,Semi-Furnished,0,0,0,3.3,0,0,43.9,4004000
3043,Chattogram,Duplex,3802,4,5,2,1,2011,15,Good,Fully Furnished,2,1,0,16.46,0,1,68.3,24840000
3044,Dhaka,Apartment,482,1,1,9,9,2009,17,Excellent,Semi-Furnished,1,0,0,21.85,0,0,88.2,1942000
3045,Rajshahi,Apartment,1606,2,3,20,3,2023,3,Excellent,Semi-Furnished,2,0,0,47.16,0,1,89.8,5110000
3046,Barishal,Apartment,1282,2,2,12,5,2023,3,Fair,Semi-Furnished,2,0,0,1.22,1,0,36.6,5250000
3047,Rajshahi,Apartment,1994,3,3,17,11,1992,34,Good,Semi-Furnished,0,0,0,12.66,0,0,51.7,6325000
3048,Mymensingh,Condo,1004,1,1,10,7,1992,34,Good,Semi-Furnished,0,0,0,3.55,1,0,47.0,4526000
3049,Khulna,Townhouse,1073,1,2,2,1,2002,24,Fair,Unfurnished,0,0,0,1.57,1,1,46.1,3834000
3050,Dhaka,Apartment,508,1,2,11,1,2026,0,Excellent,Semi-Furnished,1,0,0,9.93,0,0,51.5,5295000
3051,Sylhet,House,1076,1,2,3,0,1989,37,Good,Semi-Furnished,0,1,0,10.82,0,0,34.9,10371000
3052,Rangpur,House,2041,3,3,3,0,2017,9,Fair,Unfurnished,0,1,1,12.56,0,0,26.8,9225000
3053,Khulna,Apartment,1699,3,4,13,13,1999,27,Good,Fully Furnished,1,0,0,2.09,0,0,37.0,5286000
3054,Sylhet,Townhouse,2488,4,4,3,2,1989,37,Excellent,Fully Furnished,1,0,0,4.32,1,1,43.8,35896000
3055,Dhaka,House,1850,2,2,1,1,2014,12,Good,Fully Furnished,1,0,0,2.69,1,0,35.6,41100000
3056,Sylhet,House,2400,2,3,1,0,1999,27,Fair,Unfurnished,1,1,0,12.01,1,0,40.0,12812000
3057,Dhaka,Townhouse,1836,4,3,3,1,1985,41,Good,Unfurnished,1,1,0,5.96,0,1,53.7,16456000
3058,Rangpur,House,1352,1,1,3,0,2025,1,Good,Unfurnished,2,1,0,24.35,0,0,58.5,4373000
3059,Rajshahi,Apartment,1940,4,3,25,15,2004,22,Fair,Fully Furnished,0,0,0,0.98,1,1,27.2,10535000
3060,Rajshahi,Apartment,1420,3,3,7,0,2004,22,Needs Renovation,Fully Furnished,1,0,1,3.14,1,1,26.6,10646000
3061,Mymensingh,Townhouse,1638,2,1,1,0,2003,23,New,Fully Furnished,1,1,1,3.69,1,1,26.8,7690000
3062,Rajshahi,Apartment,2405,4,5,10,2,1987,39,Good,Unfurnished,1,0,0,4.2,1,0,43.8,13248000
3063,Mymensingh,Apartment,2424,4,5,10,3,1987,39,Good,Semi-Furnished,0,0,0,10.31,0,0,55.7,9219000
3064,Barishal,Apartment,1719,4,4,16,10,2000,26,Fair,Unfurnished,1,0,0,4.14,1,0,21.4,5115000
3065,Sylhet,Condo,2680,3,3,23,12,1987,39,Good,Unfurnished,2,0,0,2.67,0,1,63.1,31133000
3066,Khulna,Apartment,1020,1,1,9,5,2007,19,Needs Renovation,Semi-Furnished,1,0,0,5.81,1,0,43.2,5969000
3067,Sylhet,Townhouse,1187,2,3,1,1,2015,11,Good,Semi-Furnished,2,0,0,2.5,1,0,45.7,6420000
3068,Dhaka,Apartment,1565,2,3,7,1,2002,24,Excellent,Fully Furnished,0,0,0,6.76,1,1,53.9,30489000
3069,Rajshahi,Apartment,1330,3,3,18,0,2010,16,Excellent,Fully Furnished,0,0,0,4.58,0,1,33.6,4095000
3070,Dhaka,Apartment,1693,2,2,24,1,2001,25,Excellent,Semi-Furnished,2,0,0,2.7,1,0,94.9,8856000
3071,Chattogram,House,1575,2,1,1,1,2015,11,Excellent,Semi-Furnished,2,0,0,11.01,0,0,46.5,17792000
3072,Rangpur,House,2532,5,6,2,1,2017,9,Good,Unfurnished,1,1,0,6.8,0,1,53.9,5705000
3073,Rajshahi,House,3151,5,5,1,1,2004,22,Excellent,Semi-Furnished,0,0,0,5.05,0,1,79.9,11822000
3074,Mymensingh,Apartment,1664,2,1,16,7,2008,18,Good,Semi-Furnished,1,0,0,12.9,1,0,55.4,6458000
3075,Rangpur,Apartment,1882,3,3,16,11,2008,18,Excellent,Unfurnished,0,0,0,17.73,0,0,55.1,2391000
3076,Rangpur,Apartment,1689,2,3,6,6,2001,25,Good,Semi-Furnished,1,0,0,16.57,0,0,67.4,2633000
3077,Mymensingh,Apartment,1973,4,4,18,8,1993,33,Good,Semi-Furnished,1,0,0,6.28,1,1,37.3,4964000
3078,Barishal,Apartment,1851,4,4,12,4,2019,7,Good,Unfurnished,2,0,0,0.3,1,1,44.8,13308000
3079,Mymensingh,Apartment,1413,3,4,10,5,2022,4,Good,Semi-Furnished,0,0,0,1.98,1,1,34.3,6791000
3080,Mymensingh,Apartment,1816,4,3,25,8,1988,38,Good,Fully Furnished,2,0,0,14.59,1,0,53.6,6606000
3081,Rajshahi,Duplex,1389,2,1,3,0,2009,17,Fair,Semi-Furnished,0,0,0,3.85,0,1,33.2,7846000
3082,Khulna,Apartment,2662,5,6,7,3,2017,9,Excellent,Unfurnished,1,0,0,1.31,1,0,54.4,9892000
3083,Rajshahi,Townhouse,1514,2,2,2,1,2015,11,Excellent,Semi-Furnished,0,1,1,21.57,0,0,71.7,9730000
3084,Chattogram,Apartment,1420,3,2,11,3,2012,14,Fair,Semi-Furnished,0,0,0,5.98,1,0,40.9,5013000
3085,Barishal,House,2634,3,3,2,1,1986,40,Excellent,Semi-Furnished,0,0,0,36.91,0,0,84.7,3355000
3086,Dhaka,Apartment,1626,2,2,20,11,2013,13,Needs Renovation,Semi-Furnished,0,0,0,14.17,0,0,12.7,8102000
3087,Dhaka,Apartment,1816,1,2,18,11,2013,13,Good,Fully Furnished,0,0,0,20.72,0,0,78.0,15937000
3088,Mymensingh,Apartment,1281,2,1,12,6,1988,38,Fair,Semi-Furnished,2,0,0,3.16,0,1,59.0,8510000
3089,Rajshahi,Apartment,1949,4,4,8,6,2003,23,Fair,Fully Furnished,2,0,0,2.21,1,0,50.9,10808000
3090,Dhaka,House,794,1,1,2,1,1991,35,Good,Semi-Furnished,1,0,0,5.36,0,1,26.6,5947000
3091,Dhaka,Townhouse,1026,2,1,2,1,2001,25,Good,Fully Furnished,2,1,0,4.08,1,0,60.7,15468000
3092,Barishal,Apartment,1463,2,2,23,11,1994,32,Good,Semi-Furnished,0,0,0,15.72,1,0,39.4,6715000
3093,Rangpur,Apartment,1216,2,1,23,17,2026,0,New,Semi-Furnished,1,0,0,5.76,1,1,14.6,8134000
3094,Rajshahi,House,1875,2,2,2,0,2009,17,Good,Unfurnished,1,0,0,11.15,0,0,55.8,9466000
3095,Rangpur,House,1790,2,2,3,2,2024,2,Fair,Semi-Furnished,1,0,0,7.21,1,0,49.5,2765000
3096,Mymensingh,Duplex,1212,1,1,1,0,2019,7,New,Unfurnished,0,1,1,4.93,1,0,49.8,4539000
3097,Sylhet,Apartment,1310,3,3,12,7,2012,14,Excellent,Fully Furnished,0,0,0,2.29,1,1,19.5,19977000
3098,Mymensingh,Apartment,1800,2,1,17,15,1998,28,Needs Renovation,Unfurnished,0,0,0,4.86,0,1,51.8,5183000
3099,Khulna,Apartment,1367,1,1,22,3,2013,13,Fair,Unfurnished,2,0,0,6.41,0,0,36.0,9996000
3100,Rangpur,Condo,1564,3,2,7,4,2013,13,Excellent,Unfurnished,0,0,0,1.72,1,0,5.0,10784000
3101,Mymensingh,Apartment,1510,3,3,15,5,2002,24,Excellent,Unfurnished,1,0,0,11.86,0,0,48.0,5887000
3102,Dhaka,Apartment,2219,3,3,10,7,1986,40,Fair,Semi-Furnished,2,0,0,20.3,0,0,82.2,21788000
3103,Khulna,Condo,1864,4,4,17,0,2020,6,New,Semi-Furnished,0,0,0,9.7,0,1,73.0,16942000
3104,Rajshahi,Apartment,1164,1,1,11,3,1995,31,Fair,Semi-Furnished,1,0,0,3.08,1,0,39.0,9042000
3105,Mymensingh,Apartment,1405,1,1,7,6,2012,14,Fair,Fully Furnished,1,0,0,9.35,1,0,51.5,7256000
3106,Chattogram,Apartment,1206,1,1,9,0,2022,4,Fair,Semi-Furnished,0,0,0,2.15,1,1,18.7,3713000
3107,Khulna,Apartment,1922,2,2,14,4,1998,28,Excellent,Unfurnished,1,0,0,12.89,0,1,45.8,15020000
3108,Chattogram,House,1246,1,2,1,1,1998,28,New,Fully Furnished,0,0,0,3.49,1,0,38.1,22015000
3109,Chattogram,House,1404,2,2,3,0,2001,25,Excellent,Unfurnished,0,0,1,2.71,1,1,55.3,8919000
3110,Mymensingh,Apartment,1344,2,2,11,7,1992,34,Fair,Unfurnished,1,0,0,8.3,0,1,59.2,5767000
3111,Mymensingh,Duplex,1869,3,3,1,0,2002,24,Fair,Fully Furnished,0,1,0,2.32,0,0,24.6,12686000
3112,Rangpur,Condo,2100,3,2,8,2,1987,39,Good,Unfurnished,2,0,0,7.59,1,0,38.6,14045000
3113,Rangpur,Apartment,1043,2,3,20,8,2021,5,Good,Unfurnished,0,0,0,11.69,0,0,44.7,1929000
3114,Sylhet,Apartment,1248,1,1,12,11,1993,33,Fair,Unfurnished,2,0,0,2.75,1,1,38.6,5836000
3115,Dhaka,Condo,1706,2,2,19,11,1989,37,Fair,Semi-Furnished,2,0,0,17.56,0,0,66.7,15557000
3116,Barishal,Apartment,873,1,1,6,4,1988,38,Good,Unfurnished,1,0,0,24.17,0,0,61.0,1219000
3117,Rajshahi,Apartment,924,2,2,11,11,1994,32,Good,Unfurnished,0,0,0,22.04,1,0,53.7,2950000
3118,Barishal,Condo,1726,2,2,24,24,1996,30,Fair,Unfurnished,0,0,0,4.33,1,1,34.2,7437000
3119,Mymensingh,Duplex,2874,3,3,1,1,1997,29,Good,Semi-Furnished,1,0,0,2.06,0,0,29.6,12416000
3120,Chattogram,Condo,2920,5,5,19,17,2016,10,Needs Renovation,Semi-Furnished,1,0,1,1.33,0,0,44.3,23301000
3121,Barishal,Apartment,1202,2,3,13,1,1997,29,Good,Unfurnished,1,0,0,26.4,1,0,100.0,3319000
3122,Rangpur,Apartment,498,1,2,11,1,2006,20,Excellent,Unfurnished,1,0,0,2.45,1,1,36.5,1207000
3123,Rajshahi,House,2548,2,2,1,0,2012,14,Fair,Unfurnished,0,1,0,3.65,0,0,47.0,16122000
3124,Mymensingh,Apartment,1005,1,2,17,12,2008,18,Good,Unfurnished,0,0,0,5.38,0,0,58.4,2748000
3125,Barishal,Duplex,1850,2,2,1,1,1998,28,New,Semi-Furnished,2,0,0,8.45,0,1,58.2,10486000
3126,Chattogram,Condo,2166,3,4,11,11,2018,8,Good,Unfurnished,0,0,0,1.04,1,1,30.1,32431000
3127,Khulna,Condo,1983,3,4,11,8,1994,32,Fair,Semi-Furnished,0,0,0,4.46,0,1,39.4,4936000
3128,Mymensingh,Apartment,1190,1,2,14,8,1990,36,Excellent,Unfurnished,0,0,0,6.53,0,1,39.2,2952000
3129,Dhaka,Apartment,1345,2,2,24,7,2024,2,Good,Semi-Furnished,1,0,0,2.36,1,1,50.7,18223000
3130,Mymensingh,Apartment,1152,3,4,6,6,1997,29,Good,Semi-Furnished,1,0,0,12.94,1,0,37.2,4565000
3131,Chattogram,Condo,2152,3,3,16,9,2018,8,Fair,Fully Furnished,0,0,0,3.15,1,0,41.3,22911000
3132,Khulna,Apartment,1702,2,2,24,3,1992,34,Good,Fully Furnished,1,0,0,12.07,0,0,48.5,11478000
3133,Rangpur,Apartment,1121,2,2,22,8,2001,25,Fair,Unfurnished,0,0,0,13.63,1,0,56.7,5081000
3134,Barishal,Apartment,2481,4,5,15,9,2013,13,Fair,Fully Furnished,1,0,0,1.94,0,1,13.0,8226000
3135,Sylhet,Apartment,1419,2,2,17,0,2009,17,Fair,Unfurnished,1,0,0,3.44,1,1,31.7,6765000
3136,Mymensingh,Townhouse,1168,2,3,3,0,2001,25,Good,Unfurnished,0,0,0,11.34,0,0,64.2,4619000
3137,Barishal,Duplex,2037,1,1,3,1,2015,11,Fair,Unfurnished,0,1,0,3.32,1,1,20.2,4324000
3138,Mymensingh,Townhouse,1529,4,3,1,1,2013,13,Excellent,Semi-Furnished,0,0,0,4.35,1,1,20.6,3486000
3139,Barishal,Townhouse,1497,1,2,1,0,2023,3,Fair,Semi-Furnished,2,1,0,9.49,0,1,68.3,6078000
3140,Mymensingh,Apartment,1383,2,1,12,6,2010,16,Excellent,Fully Furnished,0,0,0,7.8,1,0,56.2,9218000
3141,Dhaka,Apartment,1704,3,4,16,10,1996,30,Excellent,Semi-Furnished,0,0,0,6.11,1,1,48.3,14737000
3142,Barishal,Condo,1940,4,5,6,6,2000,26,Good,Semi-Furnished,0,0,0,6.36,1,0,37.6,3887000
3143,Rangpur,Apartment,1153,2,3,8,2,2005,21,Excellent,Unfurnished,0,0,0,3.46,0,1,43.2,1802000
3144,Mymensingh,House,1414,2,1,2,0,1992,34,Excellent,Unfurnished,0,1,0,2.36,1,1,36.4,10467000
3145,Barishal,Duplex,3416,4,4,2,1,1988,38,Fair,Semi-Furnished,0,0,0,18.13,0,0,71.1,9728000
3146,Dhaka,House,1591,2,1,2,0,2006,20,Good,Unfurnished,0,1,0,2.83,1,0,40.7,9706000
3147,Rajshahi,Apartment,1189,2,2,16,7,1991,35,Good,Semi-Furnished,1,0,0,8.06,1,0,34.2,2885000
3148,Chattogram,Apartment,762,1,1,19,17,2021,5,New,Fully Furnished,0,0,0,8.02,0,0,63.1,11143000
3149,Rangpur,Duplex,1232,1,2,3,1,2005,21,Good,Semi-Furnished,1,0,0,15.97,0,0,44.2,4354000
3150,Sylhet,Townhouse,2277,3,3,3,2,2001,25,Good,Unfurnished,0,1,0,5.38,0,1,27.0,25473000
3151,Khulna,Apartment,1388,3,3,18,10,1987,39,Good,Semi-Furnished,1,0,0,46.7,0,0,100.0,5512000
3152,Chattogram,Duplex,2390,4,3,3,2,1999,27,Good,Unfurnished,1,1,0,3.58,1,1,47.9,45553000
3153,Sylhet,Apartment,1396,2,1,24,21,2006,20,New,Fully Furnished,1,0,0,8.22,1,0,47.1,13276000
3154,Rangpur,Apartment,2405,4,4,6,6,1985,41,New,Fully Furnished,0,0,0,5.31,0,1,37.7,9228000
3155,Sylhet,Apartment,996,1,2,24,23,1997,29,New,Semi-Furnished,0,0,0,0.61,0,1,30.4,9894000
3156,Chattogram,House,2431,4,4,2,1,2013,13,Excellent,Unfurnished,1,1,0,12.65,1,0,26.0,15019000
3157,Barishal,Apartment,2067,4,4,24,8,1987,39,Good,Semi-Furnished,1,0,0,2.19,0,0,30.6,15288000
3158,Chattogram,Apartment,1693,3,2,20,12,1987,39,Excellent,Fully Furnished,0,0,0,8.89,1,0,40.7,11266000
3159,Mymensingh,Condo,1300,1,2,21,7,1993,33,Fair,Fully Furnished,0,0,0,19.74,1,0,54.9,2816000
3160,Mymensingh,Condo,1806,3,4,9,2,1992,34,Good,Fully Furnished,2,0,0,7.81,1,0,40.1,12175000
3161,Rajshahi,Apartment,1325,2,2,11,6,2019,7,Excellent,Semi-Furnished,0,0,0,8.87,1,0,74.5,7120000
3162,Khulna,Townhouse,1786,3,3,1,0,2002,24,Excellent,Unfurnished,0,1,0,11.4,0,0,20.7,6940000
3163,Rajshahi,Apartment,1234,3,3,9,6,1998,28,New,Semi-Furnished,0,0,0,2.57,1,1,14.1,5541000
3164,Rajshahi,Townhouse,1555,3,3,1,0,1987,39,Good,Fully Furnished,0,0,0,9.35,1,0,57.0,2627000
3165,Chattogram,House,3201,5,4,2,0,2002,24,Excellent,Unfurnished,1,0,0,5.04,1,0,44.6,34665000
3166,Rangpur,Townhouse,2183,3,4,1,0,2005,21,Good,Unfurnished,0,0,0,10.09,1,0,62.9,7742000
3167,Sylhet,Townhouse,1824,3,3,1,1,1990,36,Good,Semi-Furnished,0,1,0,9.89,0,0,53.0,20792000
3168,Rajshahi,Apartment,1540,4,5,8,3,1999,27,New,Unfurnished,2,0,0,3.81,1,0,51.2,7589000
3169,Khulna,Condo,1818,5,6,24,3,2006,20,Excellent,Semi-Furnished,0,0,0,4.52,1,0,11.7,15385000
3170,Rajshahi,Apartment,1579,3,2,8,0,2012,14,Needs Renovation,Fully Furnished,0,0,0,15.21,1,0,37.6,6080000
3171,Rangpur,Apartment,2793,6,5,15,11,1986,40,Good,Semi-Furnished,0,0,0,24.29,0,0,61.8,4891000
3172,Barishal,Apartment,2149,3,4,9,8,2023,3,Good,Unfurnished,2,0,0,2.77,0,0,49.6,11875000
3173,Mymensingh,Apartment,2181,4,4,11,8,2022,4,Good,Semi-Furnished,0,0,0,10.42,1,0,15.4,11100000
3174,Rajshahi,House,2578,4,4,2,0,1987,39,Good,Fully Furnished,0,0,0,4.57,0,1,80.4,7823000
3175,Rajshahi,Duplex,1903,1,1,2,1,2003,23,Needs Renovation,Semi-Furnished,1,0,0,18.37,0,0,68.5,6548000
3176,Barishal,Apartment,1436,2,2,12,10,1998,28,New,Semi-Furnished,1,0,0,1.91,0,1,17.9,14572000
3177,Rangpur,Apartment,1268,2,2,9,3,2008,18,Good,Unfurnished,1,0,0,1.94,0,1,35.0,5640000
3178,Mymensingh,House,2346,3,2,3,2,1989,37,Excellent,Fully Furnished,0,0,0,13.33,1,1,40.7,16380000
3179,Sylhet,House,1701,1,1,3,0,2002,24,Excellent,Semi-Furnished,2,0,0,2.47,0,1,28.4,19394000
3180,Mymensingh,Apartment,1956,4,3,20,13,2020,6,Good,Unfurnished,0,0,0,19.74,0,0,78.0,7925000
3181,Rajshahi,Apartment,2183,4,4,21,0,1994,32,Good,Fully Furnished,1,0,0,12.64,0,1,46.4,9609000
3182,Rajshahi,Apartment,904,1,1,18,6,2026,0,Good,Semi-Furnished,0,0,0,5.82,1,0,61.1,3060000
3183,Rajshahi,Apartment,1671,2,2,16,7,2011,15,Good,Fully Furnished,1,0,0,4.21,1,1,22.7,8946000
3184,Mymensingh,Apartment,1345,3,4,8,4,2004,22,Good,Semi-Furnished,0,0,0,6.42,0,1,42.5,2830000
3185,Rangpur,Apartment,1425,2,2,11,10,1998,28,Fair,Unfurnished,1,0,1,18.87,0,1,44.4,5800000
3186,Barishal,Apartment,1129,2,3,6,6,2002,24,Good,Fully Furnished,0,0,0,5.04,1,1,63.4,4247000
3187,Mymensingh,Apartment,1986,4,4,19,19,1985,41,Good,Fully Furnished,0,0,0,3.44,1,1,31.5,12202000
3188,Dhaka,Apartment,1719,2,2,12,3,2004,22,Fair,Semi-Furnished,0,0,0,11.13,0,0,46.0,10127000
3189,Rajshahi,Condo,2087,4,5,10,10,2016,10,Good,Semi-Furnished,0,0,0,5.41,1,0,47.6,8964000
3190,Dhaka,Apartment,733,2,2,18,6,1995,31,Excellent,Unfurnished,0,0,0,10.41,0,0,62.3,7933000
3191,Dhaka,Apartment,1431,2,1,8,8,2011,15,Good,Semi-Furnished,0,0,0,1.89,1,1,40.5,18542000
3192,Rajshahi,Apartment,1764,4,4,20,2,2026,0,Excellent,Fully Furnished,1,0,0,1.36,1,1,29.9,15942000
3193,Khulna,Apartment,1482,3,3,17,14,1991,35,Good,Semi-Furnished,0,0,0,3.23,0,0,35.7,5658000
3194,Rajshahi,Condo,2042,4,5,14,10,2014,12,Good,Unfurnished,1,0,0,0.33,1,1,20.2,14120000
3195,Chattogram,Apartment,1955,2,2,13,7,2000,26,Good,Semi-Furnished,0,0,1,8.43,0,0,53.7,19689000
3196,Chattogram,Apartment,1557,2,2,24,24,1987,39,Good,Unfurnished,0,0,0,21.43,0,1,64.4,2817000
3197,Dhaka,Townhouse,1294,3,4,3,2,2018,8,Good,Semi-Furnished,1,0,0,19.1,0,0,56.2,16967000
3198,Sylhet,Apartment,829,1,2,7,7,2022,4,Good,Unfurnished,1,0,0,6.54,1,1,30.1,7367000
3199,Khulna,Townhouse,989,2,1,1,0,2010,16,Fair,Unfurnished,0,0,0,3.07,1,0,38.9,4946000
3200,Barishal,Apartment,1738,4,4,10,10,2006,20,New,Unfurnished,0,0,0,12.97,0,0,69.7,9603000
3201,Barishal,House,1968,2,1,1,0,2019,7,Needs Renovation,Semi-Furnished,1,1,0,27.82,0,0,100.0,2929000
3202,Dhaka,Duplex,3045,3,3,3,1,2023,3,Excellent,Semi-Furnished,1,0,0,7.37,1,0,49.0,71417000
3203,Mymensingh,Apartment,1654,3,3,6,3,1993,33,New,Fully Furnished,1,0,0,1.11,1,1,14.9,8322000
3204,Khulna,Apartment,1851,4,4,12,7,2019,7,Fair,Unfurnished,0,0,0,5.65,1,0,51.2,8766000
3205,Barishal,Apartment,1174,1,1,6,0,2018,8,New,Unfurnished,1,0,0,6.72,0,0,36.5,2087000
3206,Mymensingh,Apartment,1877,3,3,6,6,2009,17,Excellent,Unfurnished,2,0,0,1.37,1,0,5.0,16255000
3207,Barishal,Apartment,1769,3,3,11,11,1992,34,Excellent,Semi-Furnished,0,0,0,19.94,0,0,31.8,3419000
3208,Dhaka,Apartment,1883,3,2,18,2,1988,38,Good,Unfurnished,1,0,0,1.26,1,1,19.0,35128000
3209,Sylhet,Condo,1707,4,3,15,7,2025,1,Excellent,Unfurnished,0,0,0,2.63,1,0,20.9,15391000
3210,Rangpur,Apartment,988,2,1,9,5,2002,24,Fair,Unfurnished,1,0,0,1.71,1,0,47.9,6020000
3211,Sylhet,Condo,1280,1,2,10,10,2025,1,New,Unfurnished,0,0,0,3.01,1,0,33.0,12839000
3212,Mymensingh,Apartment,2043,4,4,7,5,2009,17,Excellent,Semi-Furnished,0,0,0,5.77,1,0,48.4,9411000
3213,Rajshahi,Duplex,1655,2,1,2,1,1993,33,Excellent,Unfurnished,0,0,0,12.39,1,0,45.1,7904000
3214,Mymensingh,Townhouse,1567,4,4,1,0,1994,32,Good,Unfurnished,1,1,0,15.54,0,1,57.5,5996000
3215,Rangpur,Duplex,2632,3,3,3,0,2024,2,Good,Semi-Furnished,0,0,0,9.68,1,0,75.8,4515000
3216,Rangpur,Apartment,1240,3,4,10,9,1992,34,Excellent,Semi-Furnished,2,0,0,22.34,1,0,82.0,2240000
3217,Sylhet,Apartment,1123,1,1,12,1,1988,38,Needs Renovation,Unfurnished,1,0,0,2.45,1,1,33.7,7021000
3218,Rajshahi,Apartment,1514,1,2,17,11,1990,36,Good,Semi-Furnished,1,0,0,3.04,0,1,50.5,9923000
3219,Rajshahi,Condo,878,2,2,6,4,2008,18,Excellent,Semi-Furnished,1,0,0,3.33,0,0,37.3,5986000
3220,Rajshahi,Condo,1616,3,3,10,9,2025,1,Good,Semi-Furnished,3,0,0,5.96,0,0,14.4,16739000
3221,Dhaka,Condo,1177,2,2,6,4,2004,22,Needs Renovation,Semi-Furnished,0,0,1,5.08,0,1,21.1,19581000
3222,Barishal,House,1551,2,1,1,0,1992,34,Fair,Semi-Furnished,1,1,0,23.69,0,0,56.1,6162000
3223,Khulna,Condo,1475,2,1,15,6,1997,29,Excellent,Fully Furnished,1,0,0,1.42,1,0,40.5,16875000
3224,Rajshahi,Condo,1696,2,3,12,5,2024,2,Needs Renovation,Unfurnished,0,0,0,3.68,0,0,39.5,4061000
3225,Rangpur,Apartment,1415,3,3,19,12,2005,21,Fair,Semi-Furnished,1,0,0,3.7,1,1,41.1,5260000
3226,Mymensingh,House,891,1,1,2,1,1994,32,Excellent,Unfurnished,0,0,0,3.33,1,0,55.2,4515000
3227,Mymensingh,House,2780,4,4,3,0,2011,15,Good,Unfurnished,2,0,0,4.75,1,1,47.2,19044000
3228,Barishal,Townhouse,1604,4,3,2,1,2004,22,Good,Fully Furnished,0,0,0,5.63,1,0,27.5,7174000
3229,Barishal,Condo,1566,3,2,12,6,1997,29,Good,Fully Furnished,2,0,0,1.28,1,0,55.9,4396000
3230,Rangpur,Duplex,2255,2,3,1,0,2009,17,Fair,Semi-Furnished,2,1,0,11.78,0,0,56.3,11075000
3231,Rajshahi,Apartment,1496,2,3,9,6,2001,25,New,Unfurnished,0,0,0,25.2,0,0,92.5,5764000
3232,Barishal,House,2613,3,2,2,1,2002,24,Good,Fully Furnished,0,0,1,7.85,1,0,51.9,12481000
3233,Khulna,Apartment,1323,2,1,13,10,2000,26,Good,Unfurnished,1,0,1,2.0,0,0,5.0,8270000
3234,Khulna,Apartment,1588,2,3,11,4,2024,2,Good,Semi-Furnished,0,0,0,12.96,0,0,62.9,5607000
3235,Rangpur,Apartment,845,2,2,7,4,2002,24,New,Semi-Furnished,0,0,0,2.32,1,1,51.2,4106000
3236,Rangpur,Apartment,1193,3,2,15,0,2017,9,Good,Unfurnished,1,0,0,15.41,0,0,42.4,4068000
3237,Dhaka,Apartment,1484,3,4,8,3,2019,7,Good,Semi-Furnished,0,0,0,4.04,1,1,46.6,26251000
3238,Dhaka,Apartment,654,2,2,7,1,2022,4,Good,Unfurnished,0,0,0,11.92,0,0,67.3,4911000
3239,Rangpur,Apartment,2033,3,3,22,2,2011,15,Excellent,Semi-Furnished,0,0,0,4.72,0,0,36.1,9154000
3240,Khulna,Apartment,1433,3,2,7,1,2006,20,Good,Fully Furnished,1,0,0,5.13,1,1,52.3,5535000
3241,Rajshahi,Condo,2561,3,2,11,0,2005,21,Good,Semi-Furnished,1,0,0,1.03,1,1,26.9,9836000
3242,Mymensingh,Apartment,2056,4,4,16,7,1992,34,Good,Unfurnished,0,0,0,1.74,1,1,49.3,8987000
3243,Rajshahi,Apartment,1140,2,2,14,5,2026,0,Fair,Fully Furnished,0,0,0,4.45,0,1,53.7,4250000
3244,Chattogram,Apartment,1243,2,2,11,3,1989,37,Excellent,Unfurnished,1,0,0,2.79,0,1,27.7,13105000
3245,Khulna,Apartment,2257,3,3,7,6,1994,32,Good,Semi-Furnished,0,0,0,4.3,1,0,16.4,5758000
3246,Rangpur,Apartment,1286,2,2,8,1,2004,22,Fair,Semi-Furnished,0,0,0,3.12,0,1,39.8,4322000
3247,Mymensingh,Apartment,965,2,2,7,0,2016,10,Excellent,Unfurnished,2,0,0,3.27,0,1,17.5,5368000
3248,Sylhet,Apartment,1451,2,2,17,8,1995,31,Good,Semi-Furnished,0,0,0,1.41,1,0,34.2,5231000
3249,Mymensingh,Condo,723,1,1,6,0,2018,8,Fair,Semi-Furnished,2,0,0,6.01,0,0,49.1,2177000
3250,Barishal,Duplex,1590,1,2,1,0,2001,25,Excellent,Unfurnished,0,1,0,4.07,1,0,38.8,13756000
3251,Khulna,House,2733,3,2,3,1,1998,28,Fair,Semi-Furnished,1,0,0,9.16,1,0,74.3,17631000
3252,Dhaka,Apartment,898,2,2,17,4,2022,4,Excellent,Semi-Furnished,2,0,0,0.94,1,1,29.5,18755000
3253,Chattogram,Duplex,2953,4,5,2,1,2023,3,Good,Fully Furnished,2,0,0,9.37,1,0,62.1,35405000
3254,Rajshahi,Townhouse,1210,3,2,2,1,2011,15,Excellent,Unfurnished,2,1,0,2.1,1,0,21.6,11038000
3255,Rangpur,Apartment,2105,3,4,19,12,2014,12,Fair,Semi-Furnished,1,0,0,1.99,0,1,27.4,8111000
3256,Rajshahi,Apartment,825,1,1,14,11,1991,35,Good,Unfurnished,0,0,0,2.69,0,0,29.8,6249000
3257,Dhaka,Apartment,1898,4,3,17,13,1985,41,Needs Renovation,Unfurnished,0,0,0,9.11,0,0,31.1,7772000
3258,Mymensingh,Condo,1954,4,3,9,6,1993,33,Excellent,Semi-Furnished,1,0,0,4.27,1,1,12.3,17213000
3259,Mymensingh,Apartment,1881,3,3,25,6,2018,8,New,Semi-Furnished,1,0,0,11.49,1,0,70.2,8858000
3260,Khulna,House,2310,2,2,1,0,2012,14,Good,Fully Furnished,0,1,0,17.03,0,0,31.6,12929000
3261,Rajshahi,Apartment,1839,4,4,23,9,1995,31,Fair,Unfurnished,1,0,0,2.37,0,0,17.3,7133000
3262,Rangpur,Apartment,1339,2,2,12,12,2022,4,Fair,Semi-Furnished,2,0,0,3.34,1,1,5.0,3378000
3263,Rajshahi,Condo,952,1,1,15,9,2020,6,Good,Unfurnished,1,0,0,11.6,0,1,50.5,6209000
3264,Mymensingh,Townhouse,983,1,1,3,1,2018,8,Fair,Unfurnished,1,1,0,3.98,1,1,38.5,1932000
3265,Sylhet,Townhouse,1255,1,1,1,0,1994,32,Excellent,Unfurnished,0,0,0,22.78,0,0,83.0,7730000
3266,Rangpur,Condo,1943,4,5,7,3,2013,13,Needs Renovation,Semi-Furnished,1,0,0,27.74,0,0,75.8,4114000
3267,Khulna,Condo,1894,5,5,16,14,2020,6,Excellent,Unfurnished,1,0,0,1.87,0,1,41.5,20046000
3268,Rangpur,House,1060,2,3,3,0,2017,9,Good,Fully Furnished,1,1,0,11.93,0,1,42.7,5269000
3269,Rajshahi,Apartment,1271,2,2,21,2,2007,19,Fair,Fully Furnished,2,0,1,0.39,0,0,17.9,3687000
3270,Rajshahi,Apartment,450,1,1,24,1,1988,38,Excellent,Semi-Furnished,2,0,0,19.54,0,0,62.8,964000
3271,Sylhet,Duplex,1941,2,2,2,0,2013,13,Needs Renovation,Semi-Furnished,1,0,0,0.3,1,0,31.2,20257000
3272,Sylhet,Townhouse,1966,3,3,1,1,1993,33,New,Unfurnished,1,0,0,5.98,1,1,43.2,18968000
3273,Sylhet,Townhouse,2355,4,4,1,1,2018,8,Good,Unfurnished,0,1,0,8.34,0,0,41.4,16069000
3274,Sylhet,Apartment,727,2,3,23,3,1998,28,Excellent,Unfurnished,0,0,0,6.41,1,1,44.5,6540000
3275,Rajshahi,Apartment,2118,3,2,17,10,2003,23,Fair,Unfurnished,2,0,0,3.4,0,0,29.5,9039000
3276,Dhaka,Condo,2587,5,5,24,19,1992,34,Excellent,Unfurnished,0,0,0,6.63,1,0,16.4,55645000
3277,Dhaka,Apartment,1386,4,4,16,15,2023,3,Excellent,Semi-Furnished,0,0,0,2.07,0,1,50.2,15326000
3278,Rajshahi,Apartment,851,1,1,11,2,2009,17,Fair,Unfurnished,2,0,0,3.14,0,1,49.0,4291000
3279,Barishal,House,1623,2,2,3,0,1993,33,Good,Fully Furnished,0,1,0,9.52,0,0,47.3,2997000
3280,Mymensingh,Apartment,727,1,1,19,7,2016,10,Good,Unfurnished,1,0,0,7.13,1,0,46.0,1155000
3281,Mymensingh,House,2478,4,4,1,1,2022,4,Excellent,Unfurnished,1,1,0,40.17,1,0,80.1,2814000
3282,Dhaka,Townhouse,787,1,1,3,2,2008,18,Excellent,Unfurnished,1,0,0,6.83,1,0,33.6,8334000
3283,Chattogram,Apartment,1503,3,2,19,9,1998,28,Good,Semi-Furnished,0,0,0,4.99,1,1,37.8,14953000
3284,Chattogram,Condo,900,1,1,23,21,2016,10,Good,Semi-Furnished,2,0,0,4.69,0,1,54.3,12093000
3285,Barishal,Condo,1433,3,2,18,10,2020,6,Excellent,Semi-Furnished,1,0,0,8.64,1,1,48.7,6246000
3286,Rangpur,Apartment,750,1,2,8,4,1990,36,Good,Unfurnished,1,0,0,2.17,0,1,19.8,1184000
3287,Sylhet,Condo,1620,3,2,17,3,2025,1,Fair,Unfurnished,0,0,0,9.31,1,0,57.1,10929000
3288,Khulna,Apartment,2036,4,4,13,0,2005,21,Good,Unfurnished,0,0,0,8.14,1,1,60.4,14784000
3289,Mymensingh,Apartment,908,1,1,8,2,1995,31,New,Unfurnished,1,0,0,12.47,1,0,77.0,1363000
3290,Rajshahi,Apartment,1673,3,3,7,0,2022,4,Fair,Unfurnished,0,0,0,5.94,1,1,28.2,9734000
3291,Barishal,Apartment,1220,2,2,16,1,1989,37,New,Unfurnished,0,0,0,1.48,1,0,36.5,3616000
3292,Mymensingh,Apartment,2113,4,3,15,7,2016,10,Fair,Fully Furnished,0,0,0,3.04,0,1,37.0,15349000
3293,Barishal,Duplex,3046,4,4,2,0,2006,20,Fair,Unfurnished,1,1,0,3.28,1,0,51.0,18791000
3294,Khulna,House,2298,4,4,2,1,1985,41,Fair,Semi-Furnished,0,0,0,9.58,0,0,45.7,6341000
3295,Barishal,Apartment,1736,2,1,23,11,2007,19,Good,Unfurnished,2,0,0,6.47,1,1,42.2,10373000
3296,Rangpur,Apartment,1772,3,2,13,0,2015,11,Excellent,Semi-Furnished,0,0,0,13.86,0,0,70.1,5277000
3297,Mymensingh,Townhouse,1024,2,1,2,0,1988,38,Fair,Unfurnished,1,1,0,3.52,1,0,56.7,2750000
3298,Rajshahi,Apartment,1170,2,2,19,6,2023,3,Fair,Unfurnished,2,0,0,3.57,1,1,36.0,6850000
3299,Rajshahi,Townhouse,1641,2,2,3,2,2024,2,Excellent,Semi-Furnished,2,1,0,8.15,1,0,45.7,7594000
3300,Khulna,Apartment,2595,3,4,22,14,1989,37,Fair,Semi-Furnished,0,0,0,6.9,1,0,22.6,4873000
3301,Mymensingh,Townhouse,1954,3,3,1,0,2023,3,Good,Fully Furnished,2,1,0,3.63,0,1,32.8,18136000
3302,Rangpur,Apartment,2548,5,5,17,11,1995,31,Fair,Semi-Furnished,1,0,0,5.78,0,1,26.6,4289000
3303,Rajshahi,Condo,1275,1,1,21,14,1993,33,Excellent,Semi-Furnished,0,0,1,13.75,1,0,35.4,8922000
3304,Sylhet,Apartment,1400,3,4,15,14,1986,40,Excellent,Semi-Furnished,1,0,0,2.9,0,0,34.5,8309000
3305,Mymensingh,Apartment,1636,2,1,12,7,1991,35,Excellent,Semi-Furnished,1,0,0,6.85,1,0,43.4,9668000
3306,Dhaka,Apartment,2360,5,5,10,6,1996,30,New,Semi-Furnished,0,0,0,4.8,1,1,27.4,49552000
3307,Mymensingh,Apartment,1737,3,4,13,6,2006,20,Fair,Semi-Furnished,1,0,0,6.53,0,1,23.8,7132000
3308,Dhaka,Condo,2081,4,5,22,6,1990,36,Needs Renovation,Unfurnished,0,0,1,9.55,1,0,56.8,18589000
3309,Chattogram,Apartment,972,1,1,20,12,1986,40,Good,Semi-Furnished,0,0,0,9.96,1,1,51.4,4369000
3310,Mymensingh,Townhouse,2619,4,5,2,0,2020,6,Needs Renovation,Unfurnished,0,1,0,5.77,0,1,32.2,8358000
3311,Mymensingh,Apartment,1054,1,2,13,5,2016,10,Good,Fully Furnished,1,0,0,10.42,1,0,33.8,5906000
3312,Rangpur,Apartment,1716,2,1,9,2,2010,16,Fair,Semi-Furnished,0,0,0,3.97,1,0,38.0,7715000
3313,Mymensingh,Apartment,1280,2,2,9,0,2024,2,Good,Semi-Furnished,1,0,0,18.68,1,0,71.1,4791000
3314,Sylhet,Condo,1760,3,3,19,13,2012,14,Excellent,Semi-Furnished,0,0,0,10.63,1,1,48.9,19349000
3315,Mymensingh,Apartment,1695,2,1,11,1,1995,31,Excellent,Semi-Furnished,1,0,0,1.25,0,0,23.9,11482000
3316,Khulna,Townhouse,2014,4,3,1,1,2018,8,Fair,Fully Furnished,2,1,0,2.12,1,1,15.3,18720000
3317,Chattogram,Duplex,1606,2,2,1,0,1997,29,Good,Semi-Furnished,1,0,0,5.19,1,1,32.6,17985000
3318,Rajshahi,Apartment,2588,4,4,17,8,2021,5,Fair,Semi-Furnished,1,0,0,4.12,0,1,49.5,11750000
3319,Chattogram,Apartment,1299,1,1,14,4,1996,30,Good,Semi-Furnished,0,0,0,2.3,1,1,33.1,17917000
3320,Barishal,Townhouse,1111,2,3,1,0,1988,38,New,Unfurnished,1,1,0,11.35,1,0,47.4,6412000
3321,Rangpur,House,2022,3,3,3,0,2020,6,Good,Fully Furnished,0,0,0,2.4,0,1,35.3,5957000
3322,Rajshahi,House,1947,3,2,1,1,2010,16,Good,Semi-Furnished,0,0,0,2.64,1,0,50.4,9032000
3323,Dhaka,Townhouse,1417,2,2,1,0,1993,33,Good,Semi-Furnished,0,1,0,27.3,0,0,86.1,11287000
3324,Rajshahi,Apartment,1716,3,3,17,0,2003,23,Good,Unfurnished,0,0,0,23.92,1,0,70.8,5374000
3325,Mymensingh,House,2445,3,3,3,0,1994,32,Fair,Semi-Furnished,2,0,0,3.59,1,0,62.7,7538000
3326,Rangpur,Apartment,1821,4,4,11,3,2016,10,Good,Fully Furnished,0,0,0,24.89,0,1,62.2,6023000
3327,Sylhet,Apartment,1362,1,1,22,7,2026,0,Excellent,Unfurnished,1,0,0,16.57,1,1,79.3,8497000
3328,Chattogram,Apartment,1964,6,6,22,6,2004,22,Good,Semi-Furnished,1,0,1,12.74,0,1,60.0,23985000
3329,Sylhet,Apartment,1830,4,4,9,2,2023,3,Good,Unfurnished,1,0,0,6.05,1,0,27.3,8338000
3330,Rajshahi,House,2096,3,3,3,0,2011,15,Good,Semi-Furnished,1,1,0,9.93,1,1,38.4,15655000
3331,Mymensingh,Condo,1033,1,1,11,3,1998,28,Needs Renovation,Unfurnished,1,0,0,32.5,0,0,97.3,1207000
3332,Chattogram,Apartment,500,1,1,9,6,2006,20,Excellent,Unfurnished,1,0,0,9.54,1,1,42.7,4129000
3333,Chattogram,Condo,1051,1,1,23,7,1999,27,Fair,Unfurnished,0,0,0,11.83,1,1,58.3,7595000
3334,Dhaka,House,2383,3,2,1,1,1997,29,Fair,Unfurnished,2,1,1,27.08,0,0,64.4,9848000
3335,Rangpur,Duplex,3015,4,5,3,2,2026,0,Good,Unfurnished,1,0,0,4.26,1,1,38.2,17412000
3336,Mymensingh,Apartment,1353,1,1,25,18,2006,20,Good,Fully Furnished,1,0,0,6.38,1,0,45.4,5087000
3337,Khulna,Apartment,1444,2,3,25,9,2017,9,Good,Unfurnished,0,0,0,1.08,0,1,29.3,6469000
3338,Khulna,Apartment,2234,3,4,25,2,1991,35,Good,Semi-Furnished,0,0,0,0.72,0,1,57.2,15486000
3339,Rajshahi,Condo,1299,3,3,12,9,2011,15,Fair,Fully Furnished,0,0,0,1.19,1,1,25.8,4637000
3340,Dhaka,Duplex,1868,3,3,3,0,2021,5,New,Semi-Furnished,0,1,0,0.88,1,1,52.8,44604000
3341,Sylhet,House,2980,5,5,1,0,2000,26,Good,Unfurnished,1,0,0,6.23,0,0,45.0,34059000
3342,Sylhet,Apartment,1589,4,3,7,1,2008,18,Good,Unfurnished,0,0,0,5.74,1,0,45.4,7728000
3343,Sylhet,House,920,1,2,3,1,2012,14,Good,Unfurnished,1,0,0,2.01,0,0,37.0,4764000
3344,Khulna,Apartment,1126,2,3,8,4,2015,11,Fair,Unfurnished,1,0,0,12.06,0,0,49.7,4269000
3345,Dhaka,House,1980,2,2,3,0,1990,36,Good,Fully Furnished,1,1,0,15.3,1,0,35.0,21881000
3346,Mymensingh,Townhouse,1221,3,3,3,0,2016,10,Excellent,Unfurnished,1,0,0,6.1,0,1,25.1,2659000
3347,Chattogram,Apartment,751,1,1,11,10,1998,28,Fair,Unfurnished,2,0,0,3.73,1,0,37.6,3059000
3348,Rajshahi,Condo,1981,3,2,6,0,2001,25,Good,Fully Furnished,2,0,0,13.67,0,0,78.8,3962000
3349,Chattogram,House,3430,4,5,2,0,2004,22,Excellent,Unfurnished,0,0,0,6.19,0,1,88.8,37701000
3350,Rangpur,Apartment,1175,1,1,18,17,2015,11,Excellent,Semi-Furnished,2,0,0,16.36,0,0,71.4,1879000
3351,Rangpur,Condo,2062,4,5,18,13,2004,22,Fair,Semi-Furnished,1,0,0,7.21,0,1,38.1,12004000
3352,Rajshahi,Apartment,1688,3,3,16,9,2005,21,Good,Unfurnished,0,0,0,1.41,1,0,52.8,7611000
3353,Sylhet,Townhouse,969,2,2,2,0,2001,25,Excellent,Semi-Furnished,1,1,0,2.76,1,1,33.9,8461000
3354,Mymensingh,Apartment,1381,3,3,7,0,1994,32,Good,Unfurnished,1,0,0,11.88,0,0,54.0,4823000
3355,Chattogram,Condo,1588,3,3,7,5,2008,18,Excellent,Fully Furnished,0,0,0,1.69,1,1,41.2,17283000
3356,Dhaka,Apartment,1175,1,1,19,4,2025,1,Good,Semi-Furnished,2,0,0,3.96,1,1,46.8,15265000
3357,Rajshahi,Condo,1411,3,3,11,10,1989,37,Fair,Unfurnished,1,0,0,12.37,0,0,67.4,2034000
3358,Rajshahi,Condo,2251,4,4,16,15,2010,16,Excellent,Unfurnished,1,0,0,3.33,1,1,34.0,21573000
3359,Dhaka,Townhouse,1915,3,4,1,0,2025,1,Fair,Semi-Furnished,1,1,0,12.38,1,0,54.6,23133000
3360,Mymensingh,House,3014,5,6,1,0,2006,20,Excellent,Semi-Furnished,1,1,0,27.63,0,1,53.9,11207000
3361,Dhaka,Apartment,844,1,1,19,5,1993,33,Needs Renovation,Unfurnished,0,0,0,2.62,0,0,65.9,9359000
3362,Dhaka,Apartment,2143,4,4,6,4,2026,0,New,Semi-Furnished,1,0,0,2.21,0,1,33.9,28499000
3363,Sylhet,Apartment,1600,2,2,18,8,2002,24,Excellent,Semi-Furnished,0,0,0,4.06,0,0,39.7,14156000
3364,Chattogram,Apartment,1665,3,4,20,9,2026,0,Good,Semi-Furnished,0,0,0,5.43,0,0,24.0,14161000
3365,Chattogram,Apartment,1413,2,1,10,9,2018,8,Good,Fully Furnished,0,0,0,4.66,1,1,60.4,10687000
3366,Barishal,Apartment,1667,3,2,11,1,2021,5,Good,Semi-Furnished,2,0,0,12.03,0,0,39.5,5184000
3367,Rangpur,Apartment,1850,3,4,10,5,2011,15,Needs Renovation,Unfurnished,1,0,0,11.58,0,1,62.4,3223000
3368,Rajshahi,Apartment,2059,3,3,21,9,2009,17,Good,Semi-Furnished,1,0,0,1.08,0,1,29.7,8639000
3369,Khulna,Condo,450,1,1,10,7,1993,33,Good,Semi-Furnished,1,0,0,1.48,0,1,44.1,4655000
3370,Chattogram,House,2446,3,3,2,0,1990,36,Fair,Fully Furnished,0,1,0,9.22,1,0,58.8,12263000
3371,Khulna,Apartment,1517,2,2,9,1,2004,22,Fair,Fully Furnished,1,0,0,6.4,0,0,50.8,9149000
3372,Khulna,Apartment,1505,4,3,18,1,2005,21,Fair,Semi-Furnished,1,0,0,2.31,1,0,28.9,12796000
3373,Khulna,Apartment,668,2,2,12,1,1985,41,Good,Semi-Furnished,3,0,0,4.31,1,1,59.6,1395000
3374,Chattogram,Apartment,1648,3,4,25,23,2025,1,Good,Unfurnished,0,0,0,1.2,1,1,24.9,22203000
3375,Dhaka,Townhouse,1198,1,1,3,1,2008,18,Good,Semi-Furnished,2,1,0,7.67,1,0,49.2,11748000
3376,Barishal,Apartment,1569,3,2,7,2,2012,14,Good,Semi-Furnished,0,0,0,4.59,1,0,50.1,5758000
3377,Chattogram,House,1339,2,1,3,1,2022,4,Good,Fully Furnished,1,0,0,3.6,0,1,8.3,6144000
3378,Rajshahi,House,2511,3,4,3,2,2014,12,Good,Unfurnished,1,1,0,0.36,0,0,12.2,9795000
3379,Mymensingh,Apartment,847,1,2,16,11,2015,11,Fair,Semi-Furnished,1,0,0,0.84,1,1,34.9,4597000
3380,Rangpur,Townhouse,2344,5,5,3,1,1994,32,Fair,Unfurnished,1,1,0,4.34,1,0,18.1,10712000
3381,Dhaka,Apartment,749,1,1,25,18,2018,8,Excellent,Semi-Furnished,0,0,0,1.89,1,0,71.6,13614000
3382,Mymensingh,Condo,2807,5,4,11,0,2001,25,Good,Fully Furnished,0,0,0,8.42,1,0,38.1,10439000
3383,Rajshahi,Condo,1323,2,3,18,5,1997,29,Fair,Semi-Furnished,1,0,0,4.4,0,0,44.0,5886000
3384,Dhaka,Apartment,1813,2,1,20,15,2019,7,Excellent,Semi-Furnished,0,0,0,13.34,1,0,51.1,15713000
3385,Barishal,Condo,2731,5,5,19,13,2020,6,Good,Semi-Furnished,1,0,0,19.67,0,1,54.8,15600000
3386,Chattogram,House,1783,1,2,3,1,2002,24,Good,Unfurnished,0,1,0,12.8,0,1,32.2,15413000
3387,Sylhet,Apartment,1869,2,2,10,4,1986,40,Fair,Unfurnished,2,0,0,20.04,1,0,66.7,7777000
3388,Mymensingh,Apartment,1084,2,1,9,0,1994,32,Fair,Semi-Furnished,0,0,0,9.0,1,0,44.4,1501000
3389,Mymensingh,Condo,1836,2,1,24,5,2017,9,Excellent,Unfurnished,0,0,1,10.58,0,0,54.7,9830000
3390,Rajshahi,House,2689,4,4,2,1,2026,0,Good,Semi-Furnished,0,0,0,4.67,0,0,52.1,11455000
3391,Mymensingh,Condo,2155,3,3,21,19,1986,40,Good,Unfurnished,1,0,0,3.86,1,1,18.7,9477000
3392,Rangpur,Apartment,2041,4,5,12,1,1990,36,New,Unfurnished,0,0,0,3.92,1,0,60.5,7285000
3393,Chattogram,Apartment,1643,3,3,18,2,1997,29,Good,Unfurnished,2,0,0,6.89,1,1,16.0,26069000
3394,Rangpur,House,540,1,1,2,0,2003,23,Fair,Semi-Furnished,1,0,0,8.06,1,0,42.9,3403000
3395,Rajshahi,House,2200,2,2,2,1,1991,35,New,Semi-Furnished,1,1,0,24.12,0,0,80.0,11048000
3396,Rajshahi,Apartment,1488,3,3,11,2,1997,29,Good,Semi-Furnished,2,0,0,21.13,0,0,62.1,7436000
3397,Chattogram,Apartment,1168,1,2,8,6,2014,12,Fair,Semi-Furnished,0,0,0,7.36,1,1,24.8,10031000
3398,Chattogram,Apartment,914,1,1,24,15,1987,39,New,Unfurnished,2,0,0,12.52,0,0,89.9,3246000
3399,Mymensingh,Condo,1972,4,5,10,7,1999,27,New,Semi-Furnished,1,0,0,2.81,1,1,49.9,10415000
3400,Mymensingh,Apartment,1656,2,2,9,2,1986,40,Good,Unfurnished,0,0,0,4.66,1,0,60.8,9789000
3401,Mymensingh,Apartment,1069,2,2,21,17,1991,35,Needs Renovation,Unfurnished,0,0,0,30.24,1,0,91.2,2144000
3402,Rangpur,Apartment,1585,3,2,16,2,1990,36,Fair,Unfurnished,1,0,1,10.67,0,1,44.7,4948000
3403,Barishal,Apartment,837,1,1,21,13,2025,1,Good,Unfurnished,1,0,0,4.53,1,1,26.5,3353000
3404,Chattogram,Apartment,1894,3,3,21,21,2024,2,Good,Unfurnished,2,0,0,10.97,1,0,58.3,11990000
3405,Rajshahi,Apartment,1780,3,3,9,3,1990,36,Good,Semi-Furnished,0,0,0,8.37,1,1,62.9,4499000
3406,Barishal,Condo,2107,4,3,14,12,2018,8,New,Semi-Furnished,1,0,0,7.79,0,0,51.6,15512000
3407,Sylhet,Apartment,2041,4,3,16,9,1998,28,Excellent,Unfurnished,0,0,0,3.02,0,1,58.8,20636000
3408,Khulna,Townhouse,1321,3,3,3,1,2018,8,Good,Semi-Furnished,1,1,0,1.97,1,1,27.8,3679000
3409,Rajshahi,Apartment,950,1,1,10,4,1986,40,Good,Semi-Furnished,1,0,0,9.14,1,0,54.6,3913000
3410,Rangpur,Apartment,792,1,1,9,4,2020,6,Fair,Semi-Furnished,0,0,0,1.01,1,1,63.5,3374000
3411,Chattogram,House,1970,3,3,3,0,1994,32,Good,Fully Furnished,0,0,0,1.95,1,0,58.4,34389000
3412,Chattogram,Condo,752,3,2,15,1,2019,7,Good,Fully Furnished,0,0,0,3.97,1,0,59.2,14896000
3413,Chattogram,Condo,2220,3,4,17,15,2002,24,Needs Renovation,Unfurnished,1,0,0,0.58,1,1,51.7,7798000
3414,Rajshahi,House,2607,3,3,1,0,2017,9,Fair,Unfurnished,0,0,0,9.71,1,1,23.4,4313000
3415,Chattogram,House,740,2,1,1,1,2026,0,Good,Unfurnished,1,1,0,2.62,1,0,35.4,11436000
3416,Barishal,Apartment,1008,3,2,25,0,1994,32,Good,Unfurnished,0,0,0,1.15,1,1,42.0,6691000
3417,Barishal,Apartment,1223,3,4,20,2,2026,0,Excellent,Fully Furnished,0,0,0,6.19,0,0,56.7,6329000
3418,Dhaka,House,2197,2,2,1,1,1986,40,Excellent,Fully Furnished,2,0,0,10.03,0,0,44.4,35540000
3419,Chattogram,Apartment,1845,3,3,23,17,2010,16,Needs Renovation,Semi-Furnished,0,0,0,3.27,0,0,39.3,16151000
3420,Mymensingh,Apartment,1533,3,4,17,15,1987,39,Fair,Unfurnished,1,0,0,24.01,0,0,86.5,1336000
3421,Chattogram,House,1491,1,2,1,0,2021,5,Good,Semi-Furnished,2,1,0,2.95,0,1,24.9,18924000
3422,Sylhet,Apartment,1765,3,4,25,16,2009,17,New,Semi-Furnished,0,0,0,18.91,0,0,62.2,5789000
3423,Rajshahi,Apartment,1685,2,1,15,10,2014,12,Good,Semi-Furnished,1,0,0,0.72,1,1,9.4,14790000
3424,Dhaka,Apartment,1755,3,3,18,12,1993,33,Good,Unfurnished,1,0,0,3.01,0,1,45.5,7945000
3425,Rajshahi,Apartment,1933,4,5,23,20,2020,6,Fair,Semi-Furnished,3,0,0,6.93,0,0,45.9,3404000
3426,Rangpur,Apartment,2235,3,3,17,3,2006,20,Fair,Semi-Furnished,1,0,0,11.21,0,1,46.3,2816000
3427,Barishal,Condo,1709,3,3,13,10,2004,22,Fair,Fully Furnished,1,0,0,0.84,0,0,53.5,5767000
3428,Sylhet,Apartment,1054,2,2,14,10,1990,36,Needs Renovation,Fully Furnished,1,0,0,8.05,1,0,58.1,4244000
3429,Dhaka,Apartment,2288,4,5,17,3,2002,24,Good,Semi-Furnished,1,0,0,5.61,0,0,36.1,16777000
3430,Sylhet,Condo,2632,4,3,8,7,2015,11,New,Unfurnished,1,0,0,10.2,0,0,82.5,9334000
3431,Sylhet,Condo,683,2,3,6,4,2022,4,Good,Semi-Furnished,1,0,0,1.9,1,0,22.0,7346000
3432,Rangpur,Apartment,1284,2,2,6,5,2015,11,Fair,Semi-Furnished,0,0,0,9.03,1,0,51.7,2102000
3433,Barishal,Apartment,1769,3,3,8,1,2004,22,Excellent,Semi-Furnished,0,0,0,2.75,1,1,37.3,7417000
3434,Sylhet,Apartment,1501,2,2,21,2,2024,2,Excellent,Semi-Furnished,0,0,0,3.47,1,0,42.1,15338000
3435,Khulna,Townhouse,486,1,1,1,0,1995,31,Fair,Semi-Furnished,1,0,0,10.14,0,0,40.3,908000
3436,Khulna,Duplex,1236,1,1,2,0,1989,37,Needs Renovation,Semi-Furnished,0,0,0,5.9,1,1,40.8,2502000
3437,Khulna,House,2413,4,4,1,1,2004,22,Good,Unfurnished,1,0,0,7.74,1,0,53.3,13414000
3438,Rajshahi,Apartment,450,1,1,11,11,1997,29,Excellent,Unfurnished,0,0,0,2.68,0,1,21.9,1710000
3439,Barishal,Apartment,1579,2,3,10,6,1987,39,Excellent,Unfurnished,2,0,0,6.82,0,0,34.8,10683000
3440,Dhaka,Apartment,1733,2,2,14,11,2024,2,Good,Semi-Furnished,1,0,0,11.59,1,0,48.6,25437000
3441,Dhaka,Duplex,2110,3,2,1,0,2012,14,New,Fully Furnished,1,0,0,3.27,0,1,5.0,65912000
3442,Dhaka,Apartment,669,1,1,12,1,1994,32,Good,Fully Furnished,1,0,1,1.29,0,0,50.5,11990000
3443,Mymensingh,Apartment,1745,3,3,7,4,2000,26,Fair,Fully Furnished,1,0,0,4.34,0,1,37.5,10952000
3444,Rangpur,Apartment,1557,3,3,25,6,2009,17,Excellent,Semi-Furnished,0,0,0,19.69,0,0,78.3,2239000
3445,Barishal,Apartment,1620,3,4,25,2,2011,15,Excellent,Semi-Furnished,0,0,0,2.48,1,1,11.0,5094000
3446,Rangpur,Apartment,1216,1,1,16,1,2016,10,New,Unfurnished,2,0,0,6.39,1,1,50.8,2907000
3447,Rajshahi,Apartment,1240,2,1,21,16,2006,20,Good,Semi-Furnished,0,0,0,45.17,0,0,83.6,3905000
3448,Dhaka,House,1920,4,4,2,1,2015,11,Fair,Semi-Furnished,1,0,0,7.14,1,1,48.7,16795000
3449,Sylhet,Apartment,1715,2,2,12,10,2024,2,Excellent,Fully Furnished,0,0,0,1.84,1,1,5.0,13846000
3450,Rajshahi,Apartment,2011,2,3,20,20,2003,23,Excellent,Semi-Furnished,0,0,0,6.52,1,0,61.6,14967000
3451,Dhaka,House,2149,3,4,2,1,2018,8,Fair,Unfurnished,2,1,0,4.28,1,1,8.9,19815000
3452,Barishal,Apartment,1690,3,2,12,0,2019,7,Good,Semi-Furnished,3,0,0,5.01,1,1,23.6,3698000
3453,Khulna,Apartment,1121,3,3,22,6,2025,1,Good,Unfurnished,0,0,0,4.43,1,0,21.0,3929000
3454,Dhaka,Apartment,997,2,2,13,6,1993,33,Good,Semi-Furnished,3,0,0,3.53,0,0,70.7,10163000
3455,Chattogram,Apartment,1366,2,3,25,20,2007,19,New,Fully Furnished,1,0,0,2.06,0,0,41.7,15794000
3456,Rangpur,Duplex,1258,1,2,1,0,2014,12,Good,Semi-Furnished,1,0,0,5.11,0,0,56.8,8952000
3457,Sylhet,Apartment,1171,2,2,21,1,2003,23,Good,Unfurnished,0,0,0,4.85,1,0,27.7,9085000
3458,Khulna,Apartment,1013,1,1,13,7,1993,33,Fair,Semi-Furnished,0,0,0,6.66,0,0,20.9,6648000
3459,Mymensingh,Apartment,1587,1,1,6,1,2007,19,Good,Unfurnished,1,0,0,14.1,0,0,56.5,2716000
3460,Rangpur,Apartment,595,2,2,7,7,2017,9,Fair,Unfurnished,0,0,0,3.56,1,0,40.5,1013000
3461,Barishal,House,1270,1,1,3,0,1997,29,Excellent,Fully Furnished,0,0,1,9.94,0,0,10.6,7430000
3462,Chattogram,Townhouse,1436,2,2,3,0,2007,19,Excellent,Unfurnished,0,1,0,13.11,0,0,53.2,6219000
3463,Khulna,Apartment,2492,3,3,10,10,1994,32,Good,Unfurnished,0,0,0,6.94,1,1,23.7,8306000
3464,Rangpur,Apartment,1157,1,1,21,13,1994,32,New,Unfurnished,1,0,0,8.07,1,0,53.5,3770000
3465,Rajshahi,Condo,2025,4,5,15,10,2006,20,Needs Renovation,Unfurnished,2,0,0,9.83,1,1,51.8,3847000
3466,Rangpur,Apartment,1707,3,3,12,11,2017,9,Good,Semi-Furnished,0,0,0,7.21,0,1,43.8,5334000
3467,Dhaka,House,1052,1,1,1,1,1989,37,Good,Unfurnished,1,0,0,1.94,0,0,25.5,23124000
3468,Khulna,Condo,1453,3,2,12,0,1991,35,Good,Fully Furnished,0,0,0,9.96,0,1,48.4,12737000
3469,Rangpur,Apartment,735,1,1,19,3,1988,38,Good,Unfurnished,0,0,0,21.45,0,0,50.7,650000
3470,Khulna,Apartment,1226,3,3,15,7,2008,18,Good,Unfurnished,1,0,0,15.48,0,0,59.2,4013000
3471,Rangpur,Apartment,2516,4,5,24,12,1999,27,New,Semi-Furnished,0,0,0,6.65,0,0,34.4,12495000
3472,Khulna,Apartment,1790,3,3,6,6,2003,23,Good,Unfurnished,2,0,0,4.61,1,1,62.7,9655000
3473,Mymensingh,Apartment,2174,3,3,21,3,2006,20,Good,Unfurnished,3,0,0,33.82,0,0,68.2,7560000
3474,Dhaka,Apartment,1302,3,3,22,3,2019,7,Fair,Semi-Furnished,0,0,0,3.65,1,0,25.5,24793000
3475,Barishal,House,1340,2,3,3,1,2006,20,Good,Fully Furnished,0,1,0,2.67,1,0,39.8,7951000
3476,Barishal,Apartment,1142,1,1,7,0,2005,21,Good,Semi-Furnished,0,0,0,1.53,1,1,31.6,7893000
3477,Sylhet,Apartment,916,1,2,8,2,2021,5,Excellent,Semi-Furnished,1,0,0,1.75,1,1,43.5,7259000
3478,Mymensingh,Apartment,1506,2,3,10,7,1993,33,Excellent,Fully Furnished,0,0,0,23.6,0,0,68.7,4004000
3479,Khulna,House,1845,3,4,3,1,2008,18,Excellent,Semi-Furnished,2,1,0,1.24,0,1,25.1,21472000
3480,Barishal,House,1887,2,2,1,1,2002,24,Excellent,Fully Furnished,1,0,0,1.37,1,0,52.8,8023000
3481,Sylhet,Apartment,1992,3,3,13,11,1994,32,Good,Unfurnished,1,0,0,6.55,0,0,38.8,13639000
3482,Khulna,Apartment,750,1,1,14,3,2002,24,Good,Fully Furnished,0,0,0,5.84,1,0,43.3,5850000
3483,Mymensingh,Duplex,2462,2,1,3,0,1992,34,Good,Semi-Furnished,2,1,0,4.02,0,1,58.6,9068000
3484,Barishal,Townhouse,943,2,2,3,2,2024,2,Good,Unfurnished,1,0,0,8.17,0,1,61.8,5163000
3485,Barishal,House,1635,2,1,2,1,1989,37,Excellent,Semi-Furnished,0,0,0,4.45,1,1,53.8,7960000
3486,Mymensingh,Apartment,1380,3,2,14,14,2019,7,Fair,Semi-Furnished,0,0,0,3.05,1,0,26.6,5512000
3487,Khulna,Apartment,1844,4,3,9,3,1985,41,Excellent,Semi-Furnished,2,0,0,6.37,1,0,18.3,4735000
3488,Mymensingh,Apartment,1743,3,3,21,2,1999,27,Needs Renovation,Unfurnished,2,0,0,5.29,1,1,18.0,2761000
3489,Khulna,Condo,995,1,1,23,12,2012,14,Fair,Fully Furnished,2,0,1,10.45,0,1,52.1,4571000
3490,Barishal,Duplex,2646,4,4,3,0,2009,17,Good,Semi-Furnished,0,0,0,9.78,1,1,30.9,19893000
3491,Khulna,Apartment,870,1,2,25,18,1999,27,Excellent,Semi-Furnished,1,0,0,14.67,1,0,60.2,3149000
3492,Barishal,Condo,917,2,2,16,2,2013,13,Fair,Fully Furnished,0,0,0,4.42,1,1,14.7,6694000
3493,Sylhet,Condo,2261,3,4,9,7,1992,34,Good,Unfurnished,1,0,0,6.79,1,1,25.6,14907000
3494,Barishal,Apartment,1729,1,1,17,9,1996,30,New,Unfurnished,0,0,0,11.25,0,0,41.1,5208000
3495,Dhaka,Apartment,1122,1,1,13,1,2006,20,Excellent,Semi-Furnished,1,0,1,5.26,1,1,40.7,16110000
3496,Dhaka,Apartment,1717,3,4,23,23,2010,16,Fair,Semi-Furnished,1,0,0,0.73,1,1,40.5,29219000
3497,Sylhet,Apartment,1697,3,3,7,1,1997,29,Good,Unfurnished,0,0,0,10.66,0,0,66.4,11392000
3498,Mymensingh,Apartment,2259,4,4,18,9,2002,24,Good,Unfurnished,1,0,0,15.26,0,0,60.9,5368000
3499,Barishal,Apartment,450,1,2,22,13,1993,33,New,Semi-Furnished,1,0,0,2.6,1,1,56.0,962000
3500,Rangpur,Apartment,2109,4,3,9,7,2015,11,Excellent,Semi-Furnished,0,0,0,5.06,0,0,50.7,4516000
3501,Rangpur,Apartment,884,2,3,23,0,1992,34,Excellent,Unfurnished,0,0,0,20.86,0,1,48.7,1807000
3502,Barishal,Apartment,2242,5,5,6,1,2016,10,Excellent,Fully Furnished,0,0,0,5.71,0,0,41.4,12181000
3503,Rajshahi,Apartment,2287,4,5,13,13,2020,6,Excellent,Unfurnished,2,0,0,27.64,0,0,88.7,7049000
3504,Sylhet,House,2289,3,2,2,1,2015,11,Excellent,Unfurnished,1,0,0,12.24,1,0,71.1,8971000
3505,Barishal,House,1899,2,1,2,1,2001,25,Excellent,Semi-Furnished,0,1,0,26.68,1,1,62.7,8029000
3506,Dhaka,House,3111,4,4,3,2,2019,7,Good,Semi-Furnished,1,0,0,1.12,1,0,40.0,24289000
3507,Rajshahi,Apartment,2540,5,6,21,21,2026,0,Good,Unfurnished,1,0,0,8.09,0,0,60.9,5583000
3508,Barishal,House,2090,4,4,1,0,2002,24,Good,Unfurnished,0,0,0,1.87,0,0,28.0,11584000
3509,Chattogram,House,2140,3,2,2,1,2005,21,Excellent,Unfurnished,0,1,0,15.9,1,1,61.4,21914000
3510,Rangpur,Duplex,1710,2,1,1,1,2023,3,New,Semi-Furnished,3,0,0,0.96,1,0,47.4,10440000
3511,Dhaka,Duplex,2014,2,1,2,1,1994,32,Good,Unfurnished,0,0,0,23.07,0,0,63.8,11298000
3512,Dhaka,Condo,1644,3,4,9,7,2002,24,Good,Semi-Furnished,2,0,0,7.12,1,1,30.5,37404000
3513,Sylhet,Apartment,848,2,3,10,0,2014,12,Excellent,Fully Furnished,1,0,0,6.06,1,1,24.9,12799000
3514,Rangpur,Apartment,2035,3,4,12,9,2001,25,Needs Renovation,Semi-Furnished,1,0,0,2.53,0,0,46.4,7573000
3515,Sylhet,Apartment,1532,3,3,23,6,1985,41,Excellent,Fully Furnished,2,0,0,15.88,0,1,16.1,13725000
3516,Mymensingh,Duplex,2721,3,4,2,1,2010,16,Good,Fully Furnished,1,1,0,18.53,1,1,51.4,12211000
3517,Barishal,Apartment,2171,4,5,10,2,1997,29,New,Fully Furnished,0,0,0,0.98,1,1,12.3,13375000
3518,Mymensingh,Apartment,1838,3,3,15,8,2014,12,Fair,Semi-Furnished,1,0,0,9.71,1,1,23.8,8143000
3519,Chattogram,Apartment,2271,5,5,25,15,2016,10,Fair,Semi-Furnished,0,0,0,2.73,0,1,5.0,33880000
3520,Sylhet,Apartment,2851,5,4,8,5,2008,18,Good,Fully Furnished,1,0,0,5.36,0,1,33.6,16314000
3521,Rajshahi,Apartment,1095,1,1,23,7,2022,4,Excellent,Semi-Furnished,2,0,0,24.61,0,0,99.2,5093000
3522,Rajshahi,Condo,2269,3,2,12,11,2023,3,Good,Fully Furnished,0,0,1,1.91,1,1,49.3,15472000
3523,Khulna,Condo,1313,2,2,20,20,2004,22,Fair,Semi-Furnished,1,0,0,4.24,0,0,50.3,6746000
3524,Dhaka,Apartment,1783,3,3,8,2,2001,25,New,Fully Furnished,0,0,0,8.67,0,0,54.3,20177000
3525,Khulna,Apartment,1431,2,1,20,20,2004,22,Good,Unfurnished,1,0,0,2.22,1,1,42.1,4141000
3526,Chattogram,Apartment,1423,3,2,11,7,1993,33,New,Semi-Furnished,0,0,0,0.52,1,1,23.4,25501000
3527,Rangpur,Apartment,1323,2,3,17,17,2014,12,New,Fully Furnished,2,0,0,29.99,1,1,76.0,6555000
3528,Khulna,Apartment,1794,3,3,7,1,2008,18,Excellent,Semi-Furnished,0,0,0,25.78,0,0,63.8,8877000
3529,Rangpur,Apartment,837,1,1,8,6,1993,33,Fair,Unfurnished,2,0,0,3.56,0,1,52.5,1559000
3530,Chattogram,Duplex,2706,3,4,3,2,2007,19,Excellent,Semi-Furnished,1,0,0,3.91,0,1,54.0,17328000
3531,Sylhet,Apartment,1395,1,1,19,16,2015,11,Good,Semi-Furnished,1,0,0,9.61,0,1,37.7,8519000
3532,Barishal,Duplex,607,1,2,2,0,1992,34,Fair,Fully Furnished,1,0,0,7.26,0,0,67.6,4273000
3533,Chattogram,Apartment,1879,4,4,10,10,2009,17,Fair,Unfurnished,1,0,0,3.67,1,0,40.4,18793000
3534,Dhaka,House,2284,3,3,3,1,2000,26,Needs Renovation,Semi-Furnished,0,0,1,9.58,1,1,44.5,7913000
3535,Mymensingh,House,676,1,1,1,0,2023,3,Fair,Fully Furnished,0,0,0,9.52,0,0,23.1,3179000
3536,Barishal,House,643,2,1,3,2,2015,11,Excellent,Unfurnished,1,0,0,1.52,1,1,33.9,2928000
3537,Chattogram,House,1810,5,5,3,1,2000,26,Excellent,Unfurnished,1,1,0,3.57,1,0,21.6,20453000
3538,Rangpur,Apartment,2524,4,5,18,7,2022,4,New,Fully Furnished,0,0,0,3.51,1,1,61.7,15266000
3539,Dhaka,Apartment,2097,3,4,6,4,1997,29,New,Unfurnished,0,0,0,1.3,1,1,16.7,34650000
3540,Rajshahi,House,2398,5,5,1,1,1995,31,Excellent,Semi-Furnished,0,1,1,12.75,0,1,69.3,7713000
3541,Khulna,Apartment,1848,4,3,24,0,2000,26,New,Unfurnished,0,0,0,0.3,1,1,43.3,12838000
3542,Khulna,Condo,1889,4,5,17,1,2024,2,New,Unfurnished,0,0,0,5.78,1,1,40.0,17390000
3543,Dhaka,Duplex,2027,1,1,3,0,2003,23,Good,Semi-Furnished,0,1,0,2.44,1,1,56.6,17087000
3544,Sylhet,Apartment,1332,4,5,21,4,2015,11,Fair,Unfurnished,1,0,0,6.96,0,0,44.0,5007000
3545,Sylhet,Apartment,1695,3,3,9,6,2023,3,Good,Fully Furnished,1,0,0,21.65,0,0,57.4,6569000
3546,Dhaka,Apartment,1409,2,3,13,5,1995,31,Good,Unfurnished,0,0,0,21.38,0,0,84.9,7948000
3547,Dhaka,Duplex,1884,2,1,2,1,2025,1,Fair,Fully Furnished,1,1,0,9.56,1,0,49.2,28486000
3548,Rangpur,Apartment,1186,1,2,20,11,1993,33,Fair,Semi-Furnished,1,0,0,16.18,1,0,83.1,3565000
3549,Mymensingh,Apartment,1738,2,2,10,10,2005,21,Good,Unfurnished,1,0,0,16.46,0,0,39.7,5509000
3550,Barishal,Apartment,1646,3,4,6,6,1998,28,Excellent,Semi-Furnished,0,0,0,6.5,1,0,37.5,6186000
3551,Mymensingh,Apartment,1226,3,3,10,8,2020,6,New,Fully Furnished,2,0,0,2.32,0,0,39.7,3486000
3552,Barishal,Apartment,1742,3,2,15,5,2011,15,Good,Semi-Furnished,0,0,0,2.64,1,0,33.8,13823000
3553,Barishal,House,1923,3,2,1,0,2026,0,Excellent,Unfurnished,2,0,0,6.58,1,0,35.9,9816000
3554,Mymensingh,Apartment,1603,3,3,13,8,2003,23,Excellent,Unfurnished,1,0,0,22.83,0,0,73.9,3519000
3555,Chattogram,Apartment,2119,4,4,15,2,2008,18,Fair,Semi-Furnished,1,0,0,9.45,0,0,57.6,10324000
3556,Khulna,Apartment,1386,3,4,21,1,2004,22,Fair,Unfurnished,0,0,1,1.39,1,1,58.9,6076000
3557,Barishal,Apartment,1539,3,2,19,9,1987,39,Needs Renovation,Unfurnished,0,0,0,2.97,1,0,28.5,4472000
3558,Mymensingh,Duplex,2602,3,3,3,2,2019,7,New,Fully Furnished,1,0,0,6.69,1,0,38.5,23651000
3559,Barishal,Apartment,1070,2,1,13,3,2016,10,Excellent,Semi-Furnished,1,0,0,3.4,1,1,50.7,5410000
3560,Rajshahi,Apartment,1483,2,2,25,20,1996,30,Excellent,Semi-Furnished,0,0,0,5.57,1,0,44.9,4550000
3561,Rajshahi,Apartment,1233,1,1,9,3,2012,14,Fair,Semi-Furnished,0,0,0,20.07,0,0,44.6,1830000
3562,Mymensingh,Apartment,797,1,2,16,2,1991,35,Good,Semi-Furnished,1,0,0,5.32,1,0,25.1,5851000
3563,Chattogram,Apartment,1530,2,3,21,21,1989,37,Good,Fully Furnished,0,0,0,6.88,1,0,65.4,19501000
3564,Rajshahi,Apartment,1362,2,2,18,8,1986,40,Excellent,Fully Furnished,1,0,0,13.22,0,0,51.7,6625000
3565,Dhaka,Apartment,1416,2,3,14,5,1999,27,New,Semi-Furnished,1,0,0,12.81,1,0,34.5,13794000
3566,Sylhet,Apartment,1909,4,3,17,10,2001,25,Fair,Unfurnished,0,0,0,10.93,0,0,35.3,3421000
3567,Rangpur,House,2564,4,5,3,0,1999,27,Fair,Fully Furnished,2,1,0,15.17,0,1,62.1,12640000
3568,Rangpur,Apartment,2142,4,5,11,5,2004,22,New,Semi-Furnished,0,0,0,6.79,1,0,25.9,16702000
3569,Sylhet,Townhouse,1563,2,1,1,1,2016,10,Excellent,Semi-Furnished,1,0,0,2.25,1,0,25.6,10567000
3570,Mymensingh,Apartment,1963,3,2,14,0,2009,17,Excellent,Unfurnished,1,0,0,6.67,1,0,46.0,7637000
3571,Rajshahi,Apartment,764,1,1,12,11,2002,24,New,Semi-Furnished,0,0,0,3.21,1,0,32.1,2883000
3572,Chattogram,House,1306,1,1,3,0,1994,32,Fair,Fully Furnished,1,1,0,9.3,0,0,56.1,15042000
3573,Rangpur,Apartment,927,1,1,16,8,2022,4,New,Semi-Furnished,0,0,0,6.51,1,1,46.4,5933000
3574,Chattogram,House,1641,3,4,3,1,2013,13,Excellent,Semi-Furnished,1,1,0,3.01,0,0,30.4,29335000
3575,Mymensingh,Apartment,1304,1,2,21,14,2016,10,Excellent,Semi-Furnished,0,0,0,2.75,0,1,47.6,3347000
3576,Chattogram,House,1341,2,3,1,1,2000,26,Excellent,Unfurnished,1,1,1,1.99,0,0,28.8,24207000
3577,Rangpur,House,2618,3,3,3,0,2025,1,Good,Fully Furnished,1,0,0,9.19,1,1,13.1,20386000
3578,Sylhet,Apartment,1252,2,2,9,8,1985,41,Good,Semi-Furnished,2,0,0,22.47,0,0,94.8,3643000
3579,Mymensingh,Duplex,2867,4,3,2,1,2015,11,Excellent,Fully Furnished,0,0,0,14.16,1,1,54.0,12498000
3580,Barishal,Apartment,2091,4,3,16,8,2025,1,New,Semi-Furnished,1,0,0,5.13,0,0,39.6,5513000
3581,Sylhet,Apartment,879,2,3,21,3,2019,7,Excellent,Semi-Furnished,0,0,0,3.27,1,0,31.4,8531000
3582,Rajshahi,House,2008,3,3,2,1,2009,17,Good,Fully Furnished,0,1,0,1.19,0,0,47.0,12296000
3583,Mymensingh,Apartment,724,2,2,18,5,1996,30,Good,Semi-Furnished,1,0,0,32.2,0,0,83.8,2517000
3584,Khulna,Apartment,1830,3,3,22,5,2009,17,New,Semi-Furnished,3,0,0,3.57,0,1,48.1,19484000
3585,Sylhet,Condo,1382,2,3,21,14,2004,22,Fair,Unfurnished,0,0,0,0.89,1,0,31.5,15039000
3586,Rajshahi,Apartment,1441,3,3,12,6,1990,36,Good,Semi-Furnished,1,0,0,17.16,0,1,56.9,2898000
3587,Chattogram,House,1189,1,1,3,1,2014,12,Good,Fully Furnished,0,1,0,6.26,0,1,27.8,14603000
3588,Mymensingh,Apartment,689,2,2,8,8,1992,34,Excellent,Semi-Furnished,1,0,0,1.81,0,1,59.6,1921000
3589,Dhaka,Condo,987,2,1,8,3,2004,22,Good,Semi-Furnished,2,0,0,3.41,1,1,44.9,6770000
3590,Khulna,Apartment,1606,2,1,13,13,2024,2,Fair,Fully Furnished,0,0,0,4.34,1,0,43.6,10381000
3591,Barishal,Condo,2515,5,5,12,6,1987,39,Fair,Unfurnished,2,0,0,3.19,1,0,36.4,13491000
3592,Sylhet,Condo,1792,3,3,15,2,2000,26,Good,Unfurnished,1,0,0,8.12,0,0,57.5,12949000
3593,Chattogram,House,2335,3,3,3,2,1995,31,Good,Semi-Furnished,0,0,0,6.14,1,0,70.2,11810000
3594,Mymensingh,Apartment,1945,2,3,12,3,2015,11,New,Fully Furnished,0,0,0,14.2,0,0,36.0,6849000
3595,Chattogram,Apartment,2207,3,4,18,2,1998,28,Excellent,Unfurnished,0,0,0,2.73,0,1,36.6,15960000
3596,Mymensingh,Apartment,2024,2,2,12,12,2024,2,Fair,Semi-Furnished,0,0,0,7.75,0,0,31.4,11602000
3597,Khulna,Townhouse,612,1,1,2,1,2019,7,Good,Semi-Furnished,1,1,0,4.27,0,1,41.8,1803000
3598,Dhaka,Apartment,1685,2,1,7,6,2010,16,Good,Unfurnished,2,0,0,7.89,1,0,5.0,7809000
3599,Rajshahi,Duplex,1899,3,2,3,1,2000,26,Good,Semi-Furnished,1,0,0,5.24,1,0,60.7,13792000
3600,Mymensingh,Apartment,1785,4,5,12,10,1985,41,Good,Semi-Furnished,1,0,0,5.55,0,1,32.2,5887000
3601,Dhaka,Apartment,2109,3,2,21,1,1996,30,New,Semi-Furnished,0,0,0,1.87,0,1,48.4,29962000
3602,Dhaka,House,2283,4,4,1,0,1993,33,Excellent,Semi-Furnished,1,1,0,8.54,0,1,40.0,18955000
3603,Dhaka,Apartment,964,1,1,13,11,1986,40,Excellent,Semi-Furnished,1,0,0,5.0,0,0,50.2,15911000
3604,Rajshahi,Apartment,1700,4,3,25,20,2017,9,New,Fully Furnished,1,0,0,7.3,0,0,31.5,14741000
3605,Rajshahi,Apartment,1712,3,3,13,5,2014,12,Good,Unfurnished,1,0,0,11.35,1,0,52.3,5285000
3606,Rangpur,Apartment,1088,2,3,6,2,1988,38,Excellent,Fully Furnished,1,0,0,11.94,0,0,48.8,6034000
3607,Rajshahi,Townhouse,1598,1,1,2,0,2007,19,Fair,Unfurnished,1,1,0,14.45,0,1,77.3,3144000
3608,Sylhet,Townhouse,1154,1,2,1,0,1996,30,Good,Semi-Furnished,2,1,0,2.06,1,0,40.3,14016000
3609,Dhaka,House,1680,3,4,2,1,2025,1,Good,Fully Furnished,0,0,0,10.83,1,0,81.9,13212000
3610,Sylhet,Duplex,2114,2,2,1,0,2019,7,Excellent,Unfurnished,2,0,0,0.39,1,0,54.1,12444000
3611,Dhaka,Apartment,1285,3,2,24,10,2017,9,Good,Unfurnished,1,0,0,2.04,1,1,60.4,16023000
3612,Rangpur,Apartment,1144,2,1,14,3,2018,8,Good,Unfurnished,0,0,0,27.07,1,0,73.4,1444000
3613,Mymensingh,Apartment,2293,3,3,16,4,2014,12,Good,Semi-Furnished,1,0,0,5.76,0,1,33.2,4895000
3614,Mymensingh,Apartment,1505,1,1,15,7,1989,37,Fair,Unfurnished,1,0,0,6.09,0,1,61.8,7063000
3615,Mymensingh,Apartment,1618,3,3,23,9,1985,41,Fair,Semi-Furnished,0,0,0,4.55,1,1,36.0,6360000
3616,Chattogram,Apartment,2644,5,4,18,8,2020,6,Fair,Semi-Furnished,0,0,0,6.68,1,1,15.5,9591000
3617,Sylhet,Townhouse,1363,2,2,3,0,2020,6,Fair,Semi-Furnished,0,1,0,6.75,0,1,43.5,10333000
3618,Rangpur,House,2626,3,3,3,2,2009,17,Fair,Unfurnished,0,1,0,3.41,0,0,25.1,5874000
3619,Khulna,Apartment,1484,2,3,10,7,2002,24,Needs Renovation,Semi-Furnished,0,0,0,1.01,1,0,42.0,8719000
3620,Mymensingh,Apartment,1840,3,3,15,15,1985,41,Good,Semi-Furnished,0,0,0,1.25,1,1,56.0,8467000
3621,Mymensingh,Duplex,2629,3,3,3,0,1994,32,Fair,Unfurnished,0,1,0,7.93,1,0,65.8,11705000
3622,Chattogram,Apartment,1815,2,2,18,10,2001,25,New,Unfurnished,0,0,0,8.37,1,0,70.2,7840000
3623,Sylhet,Duplex,3300,4,4,1,0,2020,6,Good,Semi-Furnished,1,0,0,5.48,1,0,34.3,34818000
3624,Rangpur,Apartment,794,1,1,16,14,1992,34,Fair,Fully Furnished,1,0,0,2.41,0,1,17.7,3565000
3625,Khulna,Apartment,551,1,1,20,4,2011,15,Fair,Semi-Furnished,1,0,0,1.65,1,0,64.9,2892000
3626,Dhaka,Apartment,1433,2,2,23,4,1986,40,Good,Semi-Furnished,0,0,0,5.16,1,0,25.9,25958000
3627,Barishal,House,1010,2,2,3,0,2003,23,Good,Unfurnished,1,0,0,15.42,0,0,80.6,4169000
3628,Rajshahi,Apartment,1606,3,2,22,12,2023,3,Fair,Semi-Furnished,1,0,0,3.58,1,1,38.1,12947000
3629,Sylhet,House,1556,2,2,1,0,2007,19,Fair,Fully Furnished,2,1,0,8.59,1,0,44.7,9613000
3630,Rangpur,Townhouse,2516,4,3,1,0,2004,22,Excellent,Unfurnished,1,0,0,10.31,0,0,56.5,13580000
3631,Dhaka,Apartment,1974,3,4,6,4,1986,40,New,Semi-Furnished,1,0,0,6.87,0,1,30.7,42977000
3632,Rajshahi,Apartment,1838,3,2,25,24,2024,2,Fair,Unfurnished,2,0,0,4.27,1,0,38.3,6257000
3633,Rangpur,Apartment,960,2,2,6,2,2005,21,Good,Semi-Furnished,1,0,0,5.56,0,0,27.3,4692000
3634,Rajshahi,House,954,1,2,1,0,1997,29,Fair,Semi-Furnished,0,0,0,21.1,1,0,74.5,3480000
3635,Rajshahi,Apartment,1094,1,1,24,23,2026,0,Good,Unfurnished,1,0,0,0.3,1,0,21.6,5874000
3636,Chattogram,Townhouse,1385,2,3,2,1,1988,38,Fair,Unfurnished,1,0,0,3.58,0,0,23.4,7647000
3637,Sylhet,Apartment,1803,3,4,12,5,2016,10,Excellent,Fully Furnished,0,0,0,3.16,0,1,38.9,23319000
3638,Sylhet,Apartment,587,1,1,16,4,2010,16,Excellent,Unfurnished,0,0,0,11.1,0,0,49.4,1713000
3639,Khulna,Apartment,1786,3,4,12,1,1985,41,Excellent,Semi-Furnished,0,0,1,10.91,1,1,24.8,9828000
3640,Rangpur,House,1293,1,1,3,0,1991,35,New,Unfurnished,1,1,0,6.68,1,1,46.4,3043000
3641,Rajshahi,Apartment,2104,3,3,18,8,2010,16,Good,Semi-Furnished,0,0,0,2.05,1,1,41.3,13385000
3642,Khulna,House,1400,2,2,1,1,2005,21,Excellent,Semi-Furnished,1,1,0,7.17,1,0,62.4,14378000
3643,Mymensingh,Apartment,1550,2,3,21,12,2016,10,Needs Renovation,Semi-Furnished,0,0,0,2.62,1,1,45.9,7246000
3644,Mymensingh,Apartment,1564,3,4,12,2,2024,2,Excellent,Semi-Furnished,0,0,0,6.42,0,0,40.3,6510000
3645,Dhaka,Apartment,2295,4,5,17,0,1985,41,Excellent,Unfurnished,0,0,0,2.72,1,1,26.4,19283000
3646,Dhaka,Apartment,1683,2,2,12,4,2019,7,Excellent,Fully Furnished,0,0,0,2.33,0,0,47.5,23092000
3647,Khulna,Condo,1456,3,2,9,8,1997,29,Excellent,Unfurnished,0,0,0,9.63,0,0,32.3,9500000
3648,Rajshahi,House,1620,1,1,3,1,1988,38,Excellent,Semi-Furnished,0,1,0,9.41,1,0,78.9,13337000
3649,Chattogram,House,1624,2,2,2,1,2008,18,Good,Unfurnished,1,1,0,2.43,1,0,60.0,13239000
3650,Khulna,Condo,709,2,2,9,0,2012,14,Excellent,Semi-Furnished,1,0,0,1.2,1,1,28.9,3874000
3651,Barishal,Condo,1123,1,1,15,2,2001,25,Good,Unfurnished,1,0,1,16.1,0,0,30.8,7661000
3652,Mymensingh,Apartment,1359,3,3,11,10,2010,16,New,Unfurnished,3,0,0,10.77,0,0,61.9,4333000
3653,Khulna,Condo,1901,2,2,25,25,2005,21,Good,Fully Furnished,0,0,1,1.32,1,1,38.8,21320000
3654,Khulna,Apartment,1463,1,1,9,5,2026,0,Excellent,Fully Furnished,2,0,0,11.19,0,1,48.2,8666000
3655,Dhaka,Apartment,823,1,1,15,1,2021,5,New,Fully Furnished,1,0,0,4.58,0,1,65.0,5821000
3656,Sylhet,Apartment,1321,4,5,13,10,2007,19,Excellent,Fully Furnished,0,0,0,3.63,0,1,48.3,8816000
3657,Mymensingh,Apartment,1459,2,3,7,3,1997,29,Good,Semi-Furnished,0,0,0,1.57,1,0,49.3,3058000
3658,Rangpur,Apartment,1333,2,2,11,2,1986,40,Fair,Semi-Furnished,1,0,0,13.91,0,0,50.5,4229000
3659,Mymensingh,House,3073,5,6,3,2,1987,39,New,Fully Furnished,1,0,1,21.0,0,1,76.5,17440000
3660,Dhaka,Townhouse,1634,3,3,2,0,2004,22,Good,Semi-Furnished,0,0,0,1.09,1,0,41.9,10645000
3661,Khulna,Townhouse,1176,2,2,3,2,1995,31,New,Fully Furnished,0,1,1,4.27,1,1,39.0,8186000
3662,Rangpur,Apartment,1387,2,1,23,21,2003,23,Good,Semi-Furnished,1,0,0,16.4,0,0,70.9,2474000
3663,Chattogram,Condo,2411,4,4,14,5,2022,4,Excellent,Semi-Furnished,0,0,0,12.7,0,0,55.5,38260000
3664,Dhaka,Apartment,1512,1,1,12,10,1999,27,Fair,Unfurnished,1,0,0,11.22,1,0,55.5,12986000
3665,Sylhet,House,2572,3,3,2,1,1994,32,Fair,Fully Furnished,1,0,0,1.42,1,1,48.5,17668000
3666,Sylhet,Apartment,1634,3,2,24,24,2025,1,Good,Semi-Furnished,1,0,0,8.48,0,0,58.0,10090000
3667,Khulna,Apartment,1458,2,2,16,4,2016,10,Fair,Unfurnished,1,0,0,6.86,1,0,32.5,8186000
3668,Dhaka,Apartment,1799,2,3,16,9,2016,10,Good,Fully Furnished,0,0,0,5.65,1,1,34.9,33524000
3669,Mymensingh,Condo,1436,3,2,6,3,1990,36,Good,Unfurnished,1,0,0,4.89,0,1,43.8,3840000
3670,Khulna,Apartment,1546,3,3,14,4,2007,19,Fair,Unfurnished,0,0,0,39.67,1,0,95.8,2796000
3671,Mymensingh,Apartment,1634,1,1,15,4,2005,21,Fair,Semi-Furnished,0,0,0,2.79,0,0,39.1,8493000
3672,Dhaka,Apartment,1570,2,2,11,3,1993,33,Fair,Unfurnished,0,0,0,10.75,1,0,70.8,7622000
3673,Dhaka,Condo,2259,4,5,19,0,2023,3,New,Semi-Furnished,1,0,1,3.48,0,1,47.5,26626000
3674,Dhaka,Condo,1664,2,1,20,6,1990,36,New,Fully Furnished,1,0,0,4.07,1,0,25.3,26037000
3675,Khulna,Townhouse,1227,3,2,3,0,1997,29,New,Semi-Furnished,1,0,0,1.62,0,1,53.0,7672000
3676,Barishal,Apartment,1852,2,3,25,16,1999,27,Needs Renovation,Unfurnished,0,0,0,5.68,1,0,30.5,5593000
3677,Chattogram,Apartment,1242,2,2,21,14,2026,0,Needs Renovation,Unfurnished,0,0,0,22.76,0,0,58.6,2608000
3678,Mymensingh,House,540,2,2,2,0,2007,19,Fair,Unfurnished,0,0,0,16.28,0,0,93.3,866000
3679,Chattogram,Apartment,1827,4,3,22,0,1991,35,Needs Renovation,Semi-Furnished,0,0,0,4.52,1,1,54.5,4665000
3680,Rajshahi,Condo,1669,3,2,7,4,2012,14,Fair,Semi-Furnished,0,0,0,3.58,1,1,40.1,10403000
3681,Khulna,Apartment,1989,3,3,24,8,2013,13,Excellent,Semi-Furnished,0,0,0,18.23,1,0,66.5,4003000
3682,Chattogram,House,2278,3,4,3,1,1991,35,Excellent,Unfurnished,1,1,0,10.69,1,1,68.9,14763000
3683,Khulna,Townhouse,1904,4,4,3,1,2007,19,Good,Unfurnished,1,1,0,22.72,0,0,65.1,5330000
3684,Sylhet,House,1424,1,1,3,1,1997,29,New,Semi-Furnished,1,0,0,3.09,1,0,30.1,12368000
3685,Sylhet,Apartment,1069,1,1,23,12,2023,3,Excellent,Semi-Furnished,0,0,0,7.67,0,1,67.2,3237000
3686,Chattogram,Condo,1961,4,4,6,2,2016,10,Good,Semi-Furnished,1,0,0,0.63,1,1,25.6,8079000
3687,Khulna,House,1314,1,1,2,0,1992,34,Good,Semi-Furnished,0,1,0,5.72,0,1,42.5,8099000
3688,Rajshahi,Apartment,1593,1,1,18,8,2020,6,Excellent,Semi-Furnished,0,0,0,8.99,0,1,25.1,4308000
3689,Rajshahi,Duplex,1316,2,2,2,0,2017,9,Good,Fully Furnished,1,1,0,3.15,1,0,26.3,14459000
3690,Chattogram,Apartment,2645,4,3,20,17,1998,28,Fair,Unfurnished,2,0,0,6.67,1,0,74.4,11304000
3691,Barishal,Apartment,1014,2,3,8,0,2003,23,Good,Fully Furnished,0,0,0,3.25,1,1,38.7,3605000
3692,Sylhet,Apartment,963,1,1,16,4,2007,19,New,Unfurnished,1,0,0,4.67,1,1,72.3,3987000
3693,Dhaka,House,2582,2,3,2,0,2011,15,New,Semi-Furnished,0,1,0,3.55,1,0,46.9,31145000
3694,Dhaka,Apartment,2461,4,4,19,17,2024,2,Excellent,Unfurnished,0,0,0,29.26,1,0,50.7,11927000
3695,Barishal,Apartment,1731,2,2,17,13,2000,26,Fair,Unfurnished,0,0,0,5.36,1,0,26.9,7871000
3696,Barishal,Apartment,1455,2,3,7,4,2015,11,Good,Fully Furnished,1,0,0,2.47,0,1,52.7,6775000
3697,Khulna,Apartment,1440,3,2,20,13,2020,6,Fair,Semi-Furnished,0,0,0,7.24,1,0,43.6,7966000
3698,Sylhet,Apartment,1658,3,2,25,4,2016,10,Needs Renovation,Semi-Furnished,1,0,1,14.28,0,1,55.2,7991000
3699,Chattogram,Townhouse,1888,3,3,2,1,1994,32,Excellent,Semi-Furnished,1,0,0,10.19,1,0,41.4,20870000
3700,Barishal,Apartment,828,1,1,8,1,2026,0,New,Fully Furnished,0,0,0,4.22,1,0,22.5,7376000
3701,Rajshahi,Apartment,2344,5,4,9,7,2014,12,New,Semi-Furnished,0,0,0,2.21,1,1,20.1,17742000
3702,Rangpur,Duplex,2849,5,5,2,1,2012,14,Excellent,Semi-Furnished,1,1,0,0.62,1,1,31.1,11514000
3703,Rajshahi,Apartment,1404,3,2,22,21,2000,26,Fair,Unfurnished,1,0,0,1.08,1,1,68.9,7535000
3704,Rangpur,Apartment,1468,3,3,16,10,2021,5,Excellent,Unfurnished,1,0,0,3.77,1,0,30.9,7923000
3705,Rajshahi,Apartment,2223,3,4,17,10,2021,5,Good,Semi-Furnished,0,0,0,3.73,1,0,31.7,11000000
3706,Khulna,House,1696,2,2,1,1,2024,2,Fair,Semi-Furnished,0,0,0,6.95,1,0,46.2,8518000
3707,Mymensingh,Apartment,1673,3,3,25,16,2002,24,Good,Semi-Furnished,0,0,0,2.48,1,1,45.1,11607000
3708,Sylhet,Apartment,659,1,1,25,16,1991,35,Good,Unfurnished,0,0,0,4.7,1,1,52.0,6468000
3709,Dhaka,Apartment,1048,1,1,24,24,1998,28,Excellent,Fully Furnished,0,0,0,21.46,1,0,83.2,3726000
3710,Rangpur,Apartment,1114,1,1,6,1,1996,30,New,Unfurnished,2,0,0,6.37,0,0,44.2,4119000
3711,Khulna,Townhouse,2455,4,5,2,0,1985,41,Fair,Unfurnished,1,0,0,1.68,1,0,36.3,17283000
3712,Dhaka,Condo,1354,1,1,14,0,2008,18,Needs Renovation,Fully Furnished,1,0,1,4.82,1,1,46.6,26412000
3713,Sylhet,Apartment,1423,3,2,19,4,2023,3,Fair,Semi-Furnished,2,0,0,9.08,1,0,37.1,7052000
3714,Khulna,Apartment,1067,3,2,16,12,1988,38,Excellent,Semi-Furnished,1,0,0,14.85,0,0,55.1,7518000
3715,Mymensingh,Townhouse,2014,3,3,2,0,1999,27,Good,Unfurnished,0,0,0,8.14,0,0,68.3,2707000
3716,Rajshahi,Apartment,984,1,2,25,20,1999,27,Good,Fully Furnished,0,0,0,10.87,0,0,54.4,2316000
3717,Khulna,Condo,1830,3,2,9,4,2011,15,Good,Unfurnished,2,0,0,8.14,1,1,27.0,10856000
3718,Rajshahi,House,2416,3,3,3,1,2023,3,Excellent,Semi-Furnished,2,1,0,12.58,1,0,73.8,17543000
3719,Dhaka,Apartment,2474,5,4,19,8,1987,39,Good,Unfurnished,2,0,0,7.76,1,0,43.7,10658000
3720,Rajshahi,Apartment,1866,4,3,15,4,1989,37,Good,Semi-Furnished,1,0,0,24.48,1,0,69.4,2297000
3721,Rangpur,Duplex,633,2,1,2,0,2023,3,Good,Fully Furnished,1,1,0,1.0,1,1,5.0,6571000
3722,Chattogram,Apartment,1906,3,3,11,3,2008,18,Good,Fully Furnished,1,0,0,24.48,0,0,100.0,13081000
3723,Khulna,House,1611,1,1,2,1,1997,29,New,Semi-Furnished,1,1,0,7.02,1,0,53.4,13203000
3724,Rajshahi,Apartment,681,2,3,20,13,2008,18,Needs Renovation,Semi-Furnished,0,0,0,10.17,1,1,51.0,2351000
3725,Barishal,Apartment,1625,2,2,6,0,1989,37,Good,Semi-Furnished,3,0,0,21.33,0,1,65.1,5722000
3726,Rajshahi,Apartment,1646,2,3,19,6,1986,40,Good,Fully Furnished,0,0,0,7.44,1,0,33.6,3241000
3727,Rangpur,Condo,1690,2,2,8,5,2014,12,New,Semi-Furnished,1,0,1,30.47,1,0,86.6,6984000
3728,Rajshahi,Duplex,2500,2,1,2,1,2026,0,Fair,Fully Furnished,0,0,0,5.85,1,1,35.7,5783000
3729,Barishal,Apartment,2067,4,5,21,19,1988,38,Excellent,Fully Furnished,0,0,0,3.91,0,1,45.3,18422000
3730,Rangpur,Condo,923,1,2,24,15,2022,4,Fair,Fully Furnished,0,0,0,20.59,0,0,49.9,1998000
3731,Khulna,House,2268,2,3,1,1,2014,12,Good,Semi-Furnished,0,1,1,1.3,1,1,49.0,10948000
3732,Mymensingh,Apartment,910,2,2,22,1,1988,38,Excellent,Unfurnished,0,0,0,6.06,1,0,35.2,5762000
3733,Chattogram,Apartment,819,2,2,10,5,1988,38,Good,Unfurnished,0,0,0,3.09,1,0,59.9,5278000
3734,Mymensingh,Condo,1691,2,2,11,0,2024,2,Good,Semi-Furnished,1,0,0,2.7,0,1,45.2,8420000
3735,Rajshahi,Duplex,1750,1,1,2,1,2015,11,Excellent,Unfurnished,1,0,0,6.67,1,1,40.3,10085000
3736,Dhaka,House,2964,4,3,1,0,1995,31,Good,Unfurnished,1,1,0,8.6,0,1,42.9,17082000
3737,Barishal,Condo,1124,1,1,8,5,1988,38,Excellent,Semi-Furnished,2,0,0,2.2,1,1,26.7,7809000
3738,Rangpur,Apartment,1306,2,2,15,0,2025,1,Fair,Fully Furnished,1,0,0,3.91,0,1,79.2,3856000
3739,Barishal,Condo,2136,4,4,10,0,2023,3,Excellent,Unfurnished,0,0,0,12.76,1,0,66.1,11761000
3740,Rangpur,House,2100,3,2,3,0,2025,1,Fair,Unfurnished,2,1,0,2.94,1,0,78.1,6625000
3741,Barishal,Apartment,1412,3,3,9,2,1990,36,Fair,Unfurnished,0,0,0,3.75,0,1,39.7,5952000
3742,Rajshahi,House,1570,2,3,3,2,1988,38,Good,Semi-Furnished,0,0,0,1.28,1,0,11.5,11098000
3743,Dhaka,Townhouse,1344,2,2,1,1,2021,5,Good,Semi-Furnished,1,1,0,7.18,0,1,39.7,11377000
3744,Rajshahi,Apartment,1813,2,1,8,5,1995,31,Good,Semi-Furnished,1,0,0,3.19,1,0,38.3,7486000
3745,Khulna,Condo,1136,2,3,14,9,1995,31,Needs Renovation,Fully Furnished,0,0,0,6.61,1,1,54.7,4770000
3746,Khulna,Condo,1790,3,4,14,14,1995,31,Good,Semi-Furnished,0,0,0,7.23,0,1,68.2,8627000
3747,Rangpur,Apartment,2338,5,4,21,20,2019,7,Excellent,Semi-Furnished,0,0,0,5.36,1,1,24.1,5858000
3748,Rangpur,Apartment,1350,1,1,11,4,1988,38,Excellent,Semi-Furnished,1,0,0,1.67,1,0,27.1,6283000
3749,Mymensingh,Apartment,1537,3,4,15,0,2001,25,Good,Unfurnished,1,0,0,21.17,0,0,57.0,5023000
3750,Barishal,House,1366,2,1,1,0,2009,17,Good,Unfurnished,1,0,0,6.31,0,0,57.1,7754000
3751,Sylhet,Condo,2224,4,4,17,7,1996,30,Fair,Unfurnished,0,0,0,13.39,1,0,23.6,9184000
3752,Khulna,Apartment,1817,3,3,10,5,2026,0,Good,Semi-Furnished,0,0,1,7.79,1,1,80.9,7186000
3753,Khulna,House,2259,3,2,2,1,2017,9,Good,Semi-Furnished,2,0,0,9.72,0,0,36.4,16786000
3754,Dhaka,Apartment,2363,5,4,25,14,2010,16,Good,Semi-Furnished,0,0,0,1.11,0,1,50.5,41591000
3755,Khulna,Condo,1431,2,2,25,21,2001,25,Good,Semi-Furnished,1,0,0,16.89,0,1,54.1,3754000
3756,Khulna,Townhouse,2227,3,2,2,1,2004,22,Excellent,Semi-Furnished,0,0,0,2.48,1,1,32.4,20697000
3757,Rajshahi,Duplex,930,1,2,2,1,2017,9,Good,Semi-Furnished,1,1,0,10.29,1,0,44.8,3023000
3758,Khulna,Duplex,2300,4,3,3,2,2005,21,Excellent,Unfurnished,1,1,0,4.13,0,1,34.0,8033000
3759,Dhaka,House,2906,4,4,1,1,2017,9,New,Semi-Furnished,1,1,0,0.3,1,1,36.5,33901000
3760,Rangpur,Apartment,1829,2,1,22,3,1987,39,Good,Semi-Furnished,1,0,0,5.01,1,0,55.3,5789000
3761,Sylhet,Apartment,1458,2,2,23,8,2007,19,Good,Unfurnished,1,0,0,3.43,1,1,41.1,12679000
3762,Mymensingh,Condo,1438,2,2,7,2,2022,4,Fair,Semi-Furnished,0,0,0,8.51,0,0,52.0,2829000
3763,Khulna,Condo,2044,4,3,8,6,1995,31,Fair,Unfurnished,2,0,0,26.21,1,0,100.0,7075000
3764,Khulna,Condo,869,2,3,16,7,2025,1,Good,Unfurnished,0,0,1,14.79,0,1,61.1,1548000
3765,Khulna,Condo,1260,2,3,23,10,2004,22,Good,Unfurnished,0,0,0,1.84,1,1,20.8,7944000
3766,Sylhet,House,1609,2,3,2,0,1985,41,Good,Semi-Furnished,1,0,0,1.07,1,0,49.3,15466000
3767,Barishal,Apartment,2623,5,6,8,2,1999,27,Good,Semi-Furnished,0,0,0,5.32,1,1,34.4,13251000
3768,Dhaka,House,1803,2,3,2,0,2012,14,Good,Semi-Furnished,0,0,0,19.26,1,0,45.0,6139000
3769,Rajshahi,Apartment,2246,3,3,16,3,1985,41,New,Semi-Furnished,0,0,0,6.96,0,0,49.5,15077000
3770,Dhaka,Apartment,1389,3,3,14,1,2008,18,Excellent,Unfurnished,0,0,0,5.89,0,0,22.1,13809000
3771,Dhaka,Apartment,1336,2,3,17,6,2014,12,Needs Renovation,Unfurnished,2,0,1,20.4,0,0,59.2,7431000
3772,Rangpur,Apartment,945,1,1,10,0,2009,17,Excellent,Fully Furnished,0,0,0,7.78,1,0,42.2,3187000
3773,Rangpur,Apartment,1544,2,2,12,12,2019,7,Excellent,Semi-Furnished,1,0,0,4.51,1,0,50.5,3000000
3774,Rajshahi,Apartment,2092,3,3,15,3,2019,7,Good,Unfurnished,2,0,0,26.71,0,1,83.1,5054000
3775,Mymensingh,Apartment,918,1,1,15,14,2011,15,Excellent,Semi-Furnished,0,0,0,3.36,1,1,35.2,4816000
3776,Sylhet,Apartment,1181,2,1,21,8,1997,29,New,Semi-Furnished,1,0,0,8.53,1,1,40.8,13994000
3777,Dhaka,Apartment,2127,3,2,25,2,1985,41,Fair,Unfurnished,0,0,0,1.62,0,1,58.2,8530000
3778,Rajshahi,House,1525,2,2,3,0,2012,14,Good,Semi-Furnished,0,1,0,12.23,0,0,56.9,3930000
3779,Barishal,Apartment,1343,3,3,7,2,2001,25,Excellent,Semi-Furnished,1,0,0,2.89,0,1,26.8,4247000
3780,Mymensingh,House,1365,2,2,3,0,1991,35,Excellent,Unfurnished,1,1,0,8.95,0,1,70.4,8983000
3781,Sylhet,Apartment,1412,2,2,19,3,1989,37,Good,Unfurnished,0,0,0,4.61,1,1,48.0,8629000
3782,Khulna,Townhouse,2102,5,5,2,1,2009,17,Good,Unfurnished,0,1,0,2.58,1,1,36.4,6934000
3783,Mymensingh,Apartment,1961,4,5,17,8,1987,39,Good,Fully Furnished,1,0,0,2.69,0,1,41.9,4602000
3784,Sylhet,Apartment,2074,4,4,16,2,1997,29,Good,Semi-Furnished,0,0,0,8.35,0,0,16.1,14249000
3785,Dhaka,Apartment,927,1,1,25,25,2025,1,Good,Semi-Furnished,1,0,0,2.6,1,0,56.4,12998000
3786,Dhaka,Townhouse,2132,3,3,2,1,2018,8,Good,Semi-Furnished,0,1,0,7.43,1,1,48.4,20350000
3787,Dhaka,Townhouse,1014,1,1,1,1,1986,40,Good,Semi-Furnished,1,0,1,5.73,1,0,44.6,19368000
3788,Rangpur,Apartment,1109,2,3,14,7,2012,14,Excellent,Semi-Furnished,1,0,0,5.92,0,0,22.4,1911000
3789,Rajshahi,House,2130,3,3,2,1,2005,21,New,Semi-Furnished,1,1,0,3.0,1,0,68.8,14607000
3790,Chattogram,Duplex,2106,3,4,2,0,1996,30,Good,Unfurnished,1,1,1,8.6,0,1,58.5,30745000
3791,Khulna,Apartment,1809,3,3,15,10,1998,28,Fair,Unfurnished,0,0,0,1.41,1,1,27.3,7733000
3792,Mymensingh,Duplex,1587,3,3,2,1,2018,8,Good,Unfurnished,1,0,0,2.21,1,1,11.4,9383000
3793,Chattogram,Apartment,1092,3,3,25,15,1991,35,Excellent,Unfurnished,0,0,0,0.94,1,0,52.3,5388000
3794,Sylhet,Apartment,758,1,1,23,16,1995,31,Good,Unfurnished,0,0,0,9.41,1,1,74.3,2358000
3795,Barishal,House,1908,3,3,2,0,2024,2,Excellent,Unfurnished,0,0,0,4.59,0,0,49.8,11509000
3796,Rajshahi,Duplex,3001,4,3,2,1,1995,31,Excellent,Semi-Furnished,1,1,0,0.75,1,1,55.4,35643000
3797,Khulna,Apartment,1092,1,1,8,5,2003,23,Fair,Unfurnished,0,0,0,4.02,0,0,30.3,2045000
3798,Chattogram,House,2893,4,3,1,1,1997,29,Excellent,Semi-Furnished,1,0,0,20.95,0,0,57.9,31088000
3799,Rangpur,Apartment,1417,3,4,20,13,2003,23,Fair,Unfurnished,0,0,0,18.6,0,0,57.7,2828000
3800,Khulna,Duplex,2354,3,3,3,2,2005,21,Good,Unfurnished,1,1,1,1.0,1,1,44.6,11411000
3801,Barishal,House,2421,5,5,1,0,1990,36,Good,Semi-Furnished,1,0,1,7.62,0,1,57.2,16979000
3802,Khulna,Apartment,1278,3,2,6,4,1991,35,Excellent,Unfurnished,2,0,0,4.29,1,0,21.1,7496000
3803,Mymensingh,House,1940,3,3,1,0,2003,23,Good,Semi-Furnished,0,0,0,2.06,1,1,19.5,10067000
3804,Rangpur,Apartment,1342,2,1,17,4,2024,2,Excellent,Semi-Furnished,0,0,0,2.76,0,0,51.4,5339000
3805,Barishal,Apartment,1652,2,3,17,16,1989,37,Good,Semi-Furnished,0,0,0,10.33,1,1,65.8,6697000
3806,Barishal,Apartment,2561,4,4,22,20,1991,35,Good,Semi-Furnished,1,0,0,19.47,0,1,44.2,10354000
3807,Khulna,Apartment,1729,3,4,14,6,2008,18,Needs Renovation,Unfurnished,0,0,0,1.88,1,1,31.4,9582000
3808,Rangpur,Duplex,3114,4,3,1,0,2026,0,New,Semi-Furnished,0,0,0,13.4,0,1,62.4,19728000
3809,Khulna,Apartment,1767,3,3,16,16,2002,24,Fair,Unfurnished,0,0,0,12.38,1,0,50.7,4966000
3810,Rangpur,Condo,1071,1,1,8,6,2022,4,New,Semi-Furnished,1,0,0,5.6,0,0,55.9,6420000
3811,Rajshahi,Duplex,2822,4,4,3,1,1990,36,Needs Renovation,Semi-Furnished,0,0,1,3.76,1,0,46.0,21390000
3812,Mymensingh,Apartment,2321,3,2,25,14,2017,9,Good,Semi-Furnished,1,0,0,6.08,1,0,38.0,11212000
3813,Sylhet,House,2881,4,4,1,1,2015,11,New,Semi-Furnished,0,0,0,34.86,0,0,92.1,12639000
3814,Chattogram,Apartment,1853,4,4,8,4,1997,29,Needs Renovation,Semi-Furnished,0,0,0,7.21,1,0,37.4,21467000
3815,Khulna,Apartment,916,2,3,17,8,2019,7,Excellent,Unfurnished,0,0,0,7.47,1,0,45.4,4901000
3816,Mymensingh,Duplex,1472,2,3,1,1,2026,0,Good,Semi-Furnished,0,1,0,3.77,0,1,66.5,13578000
3817,Khulna,Apartment,1100,1,1,7,0,2004,22,Excellent,Unfurnished,1,0,1,9.96,1,0,31.4,8914000
3818,Rajshahi,Apartment,1452,1,2,8,5,2012,14,Excellent,Semi-Furnished,0,0,0,13.87,1,0,61.7,8605000
3819,Rajshahi,Apartment,2042,4,5,22,15,1986,40,Excellent,Semi-Furnished,1,0,0,1.49,0,0,14.0,10273000
3820,Rangpur,Apartment,1860,4,5,25,14,2011,15,Excellent,Fully Furnished,0,0,0,16.32,0,1,59.6,2396000
3821,Dhaka,Condo,1698,3,3,19,0,2010,16,Excellent,Fully Furnished,1,0,0,13.64,0,0,68.2,26769000
3822,Rajshahi,Apartment,2003,3,4,13,11,2002,24,Excellent,Unfurnished,2,0,0,9.69,1,1,53.2,8164000
3823,Sylhet,Apartment,1820,3,3,10,0,2015,11,Fair,Fully Furnished,2,0,0,2.44,0,0,29.3,15283000
3824,Khulna,House,1682,2,2,2,1,2004,22,Excellent,Semi-Furnished,1,1,0,10.11,0,0,41.1,14207000
3825,Rajshahi,Apartment,2315,4,4,19,3,2016,10,Good,Semi-Furnished,2,0,0,6.89,0,1,42.7,5827000
3826,Dhaka,Condo,1146,2,3,6,0,2003,23,Good,Fully Furnished,0,0,0,4.74,1,1,42.5,22665000
3827,Khulna,Apartment,1442,3,3,16,14,1987,39,New,Unfurnished,0,0,0,9.5,0,0,58.0,5429000
3828,Sylhet,Condo,1784,3,3,10,0,2009,17,Excellent,Fully Furnished,0,0,0,22.47,0,0,59.6,11991000
3829,Sylhet,House,1126,1,1,2,1,1997,29,Needs Renovation,Semi-Furnished,0,0,0,12.31,0,0,37.7,3610000
3830,Barishal,Apartment,1222,4,3,11,6,1999,27,Good,Semi-Furnished,0,0,0,7.59,1,1,55.9,3731000
3831,Sylhet,Apartment,1160,2,1,20,1,2017,9,Needs Renovation,Semi-Furnished,1,0,0,18.22,1,0,50.6,2301000
3832,Barishal,House,1158,1,1,2,0,1987,39,Fair,Unfurnished,1,0,0,12.87,0,0,65.8,4385000
3833,Barishal,Apartment,2014,3,3,18,4,2018,8,Excellent,Semi-Furnished,0,0,0,2.18,1,1,59.1,8828000
3834,Khulna,Condo,1930,5,4,17,1,2014,12,Excellent,Unfurnished,0,0,0,26.42,0,0,82.8,2431000
3835,Khulna,Apartment,1827,3,3,21,10,1991,35,Good,Unfurnished,0,0,0,12.29,0,0,57.1,12193000
3836,Rangpur,Condo,2044,4,3,10,9,2017,9,Excellent,Semi-Furnished,0,0,0,11.63,0,0,61.7,8939000
3837,Sylhet,Condo,1396,2,1,12,8,2020,6,Good,Fully Furnished,2,0,0,1.97,1,1,52.4,15104000
3838,Rajshahi,Duplex,1196,1,1,1,1,1997,29,Excellent,Unfurnished,2,1,0,2.17,0,1,43.4,7071000
3839,Barishal,Apartment,2300,3,3,22,15,2001,25,Needs Renovation,Unfurnished,1,0,0,2.0,1,1,36.1,11700000
3840,Barishal,Apartment,629,1,1,17,1,1997,29,Fair,Semi-Furnished,1,0,0,15.62,0,1,59.2,2450000
3841,Sylhet,Apartment,1394,2,2,8,8,2019,7,Good,Fully Furnished,1,0,0,0.53,1,0,56.3,5841000
3842,Sylhet,Apartment,1906,4,5,14,10,2026,0,Excellent,Unfurnished,1,0,0,8.69,0,0,40.3,17791000
3843,Dhaka,Townhouse,1944,4,4,3,2,1993,33,Fair,Fully Furnished,2,1,0,9.09,0,0,51.8,10837000
3844,Barishal,Apartment,992,1,1,17,8,1993,33,Excellent,Unfurnished,1,0,0,3.95,0,0,45.9,6465000
3845,Rangpur,House,2234,2,2,1,1,2013,13,Excellent,Unfurnished,1,1,0,8.36,0,1,58.1,11684000
3846,Barishal,Apartment,1258,2,2,6,5,2003,23,Good,Fully Furnished,0,0,0,2.81,1,1,47.3,2370000
3847,Sylhet,Apartment,2060,3,3,23,0,2005,21,Good,Semi-Furnished,1,0,0,13.87,0,1,35.3,6508000
3848,Mymensingh,Apartment,1787,3,4,19,6,1987,39,Excellent,Semi-Furnished,1,0,0,13.99,0,1,49.3,11739000
3849,Chattogram,House,1902,4,4,2,0,2013,13,Excellent,Unfurnished,0,0,0,11.65,0,1,62.2,24007000
3850,Khulna,Condo,1210,1,1,22,17,1985,41,Excellent,Semi-Furnished,0,0,0,24.66,0,0,67.9,2174000
3851,Chattogram,Apartment,1794,4,4,9,1,1986,40,Good,Fully Furnished,1,0,0,8.31,0,0,61.0,21827000
3852,Chattogram,Condo,1524,2,2,21,12,2009,17,Good,Semi-Furnished,0,0,0,6.73,1,1,39.7,17623000
3853,Chattogram,Apartment,1770,3,3,9,1,1997,29,Good,Semi-Furnished,0,0,0,8.55,0,0,76.2,19840000
3854,Barishal,House,1332,2,3,2,1,1995,31,Fair,Semi-Furnished,1,0,0,25.65,0,0,70.2,2699000
3855,Mymensingh,Apartment,1805,4,4,21,4,2005,21,Good,Fully Furnished,0,0,0,21.32,0,0,71.3,1821000
3856,Chattogram,Duplex,4179,6,6,1,0,2010,16,Fair,Semi-Furnished,0,1,0,11.41,1,0,69.6,22899000
3857,Barishal,Apartment,2005,3,4,21,17,1988,38,New,Unfurnished,1,0,0,4.83,1,1,39.7,11250000
3858,Rajshahi,Apartment,2958,5,6,18,10,2021,5,Good,Unfurnished,1,0,0,1.77,1,0,40.3,25837000
3859,Chattogram,Duplex,1872,3,3,3,1,2017,9,Good,Unfurnished,0,1,0,2.11,1,0,30.1,7807000
3860,Khulna,House,1953,2,2,1,1,2018,8,Good,Unfurnished,0,1,0,5.57,1,1,52.6,17687000
3861,Khulna,House,2698,4,4,2,0,1999,27,Good,Unfurnished,2,0,0,13.66,0,0,36.2,5448000
3862,Mymensingh,Condo,1872,3,4,13,11,1992,34,Needs Renovation,Unfurnished,1,0,0,11.61,1,0,40.9,7872000
3863,Rajshahi,Apartment,966,2,2,24,16,2026,0,Excellent,Unfurnished,0,0,0,6.42,1,1,34.0,3151000
3864,Rangpur,Apartment,2295,4,5,23,18,2016,10,Fair,Semi-Furnished,0,0,0,8.7,0,0,31.5,10742000
3865,Khulna,House,2582,4,3,2,1,2000,26,Fair,Fully Furnished,1,0,0,19.16,0,0,61.2,9829000
3866,Mymensingh,Apartment,1792,3,2,24,16,1993,33,New,Unfurnished,1,0,0,3.99,1,0,27.2,11813000
3867,Dhaka,Apartment,825,1,2,21,3,2021,5,Good,Unfurnished,0,0,0,2.94,0,1,43.7,10758000
3868,Sylhet,House,1470,1,1,3,2,2021,5,Good,Semi-Furnished,1,1,0,3.99,1,1,43.3,15061000
3869,Mymensingh,Apartment,1370,3,3,7,2,1993,33,Good,Unfurnished,0,0,0,10.47,0,1,32.6,6416000
3870,Rajshahi,Townhouse,1699,3,2,3,0,2026,0,Fair,Unfurnished,0,0,0,12.63,1,0,53.5,3586000
3871,Sylhet,Apartment,1648,3,3,23,21,1985,41,Good,Semi-Furnished,0,0,0,3.41,0,1,64.9,5407000
3872,Rangpur,Apartment,1489,2,2,13,10,2019,7,Good,Unfurnished,0,0,0,10.53,0,0,57.9,7386000
3873,Dhaka,Apartment,1356,1,1,9,5,1989,37,Good,Semi-Furnished,2,0,0,8.2,0,1,41.3,14795000
3874,Rajshahi,House,2124,4,3,1,0,2007,19,New,Semi-Furnished,1,0,0,9.13,0,1,43.2,14493000
3875,Khulna,Apartment,1451,3,3,19,19,1997,29,Fair,Semi-Furnished,0,0,0,30.29,1,0,66.6,1971000
3876,Barishal,House,1905,3,3,1,0,2023,3,Good,Semi-Furnished,1,0,0,8.41,1,0,60.5,11161000
3877,Dhaka,Apartment,594,1,1,8,8,2014,12,Fair,Unfurnished,2,0,0,23.5,1,0,53.0,6038000
3878,Sylhet,Apartment,2341,5,5,7,7,2017,9,Fair,Unfurnished,0,0,0,1.34,1,0,42.8,20172000
3879,Rangpur,Condo,1208,2,2,19,8,2019,7,Good,Unfurnished,0,0,0,19.72,0,0,92.6,5139000
3880,Dhaka,Apartment,1860,3,3,23,3,2010,16,New,Semi-Furnished,1,0,0,15.26,1,1,50.6,11767000
3881,Sylhet,Apartment,2555,5,5,10,8,2024,2,Fair,Semi-Furnished,1,0,0,5.02,1,1,21.8,21221000
3882,Khulna,House,3183,5,5,1,0,2019,7,Good,Unfurnished,1,1,0,3.17,1,1,40.9,8521000
3883,Sylhet,Apartment,948,2,2,24,0,1996,30,Good,Semi-Furnished,0,0,0,2.82,0,1,37.0,2947000
3884,Sylhet,Duplex,1625,3,3,2,0,2024,2,Good,Fully Furnished,1,0,0,5.34,1,1,36.2,21031000
3885,Rajshahi,Duplex,3537,5,5,2,1,1997,29,Excellent,Unfurnished,1,0,0,2.85,1,0,25.9,28376000
3886,Mymensingh,House,1808,1,1,2,1,2000,26,Excellent,Semi-Furnished,0,0,0,5.88,1,1,49.8,7145000
3887,Chattogram,House,1357,1,1,3,2,2001,25,Good,Unfurnished,1,0,0,7.59,1,0,34.3,8069000
3888,Dhaka,House,1443,3,3,1,1,2009,17,Excellent,Semi-Furnished,1,0,1,29.13,1,0,63.2,24431000
3889,Mymensingh,House,1066,1,1,1,0,2015,11,Good,Fully Furnished,1,0,0,8.56,0,0,32.5,3351000
3890,Dhaka,Apartment,2193,4,3,9,0,2020,6,New,Semi-Furnished,1,0,0,12.22,1,0,69.1,39552000
3891,Chattogram,Apartment,1631,3,3,19,11,2003,23,Needs Renovation,Semi-Furnished,2,0,0,2.59,1,0,15.3,11784000
3892,Mymensingh,Apartment,1069,1,1,15,5,1996,30,Fair,Semi-Furnished,2,0,0,2.08,1,0,43.9,7602000
3893,Barishal,Apartment,1404,3,3,14,13,1994,32,Needs Renovation,Fully Furnished,0,0,0,7.42,1,0,48.6,5583000
3894,Chattogram,Duplex,3613,3,2,1,1,2026,0,New,Semi-Furnished,1,0,0,2.28,1,0,40.8,78347000
3895,Barishal,Apartment,1318,2,2,11,3,1999,27,Fair,Semi-Furnished,1,0,0,13.4,0,0,57.2,2569000
3896,Chattogram,Apartment,1071,2,2,24,23,2021,5,New,Unfurnished,0,0,0,7.33,0,1,34.7,10777000
3897,Mymensingh,Apartment,1963,2,1,19,4,2020,6,Excellent,Unfurnished,0,0,0,2.45,1,1,10.1,17106000
3898,Khulna,House,982,1,1,3,1,2004,22,Excellent,Fully Furnished,2,1,0,2.17,1,1,42.3,3549000
3899,Rangpur,Duplex,2712,4,4,2,1,1991,35,Fair,Semi-Furnished,1,0,0,1.25,1,1,24.3,15697000
3900,Rangpur,House,2416,3,3,1,0,1997,29,Fair,Semi-Furnished,2,0,0,4.51,1,0,31.8,9917000
3901,Rangpur,House,1934,2,2,3,0,2000,26,Good,Semi-Furnished,1,0,1,9.27,1,1,72.4,6221000
3902,Mymensingh,Townhouse,1849,3,2,3,0,2025,1,Good,Unfurnished,0,0,0,3.39,1,1,31.2,5557000
3903,Rangpur,Duplex,2339,3,3,2,0,1992,34,Good,Semi-Furnished,1,0,0,4.34,1,0,25.2,7238000
3904,Barishal,Apartment,954,1,1,7,0,1997,29,New,Semi-Furnished,0,0,0,3.77,0,1,54.3,5226000
3905,Chattogram,Apartment,1447,3,3,20,2,1987,39,New,Semi-Furnished,0,0,0,4.29,0,1,51.5,14514000
3906,Barishal,House,1069,2,3,3,0,2010,16,Good,Fully Furnished,2,0,0,1.15,0,1,30.3,8596000
3907,Dhaka,Apartment,1584,3,3,18,8,2002,24,Fair,Semi-Furnished,0,0,0,12.8,1,0,60.1,17778000
3908,Dhaka,Apartment,1970,3,4,22,17,2017,9,Good,Semi-Furnished,1,0,0,6.68,1,0,33.8,28714000
3909,Rajshahi,Apartment,450,1,1,25,25,1989,37,Good,Unfurnished,1,0,0,6.64,1,0,51.0,2343000
3910,Dhaka,Apartment,1146,2,1,11,9,1992,34,Excellent,Unfurnished,0,0,0,11.84,1,1,36.9,5108000
3911,Dhaka,Condo,2347,4,4,10,3,2010,16,New,Unfurnished,0,0,0,9.56,1,1,54.0,40736000
3912,Barishal,Condo,1716,3,3,14,3,2009,17,Good,Semi-Furnished,0,0,0,6.02,1,1,39.5,12640000
3913,Khulna,Apartment,2169,4,3,13,8,2015,11,Excellent,Unfurnished,2,0,0,1.12,1,1,5.0,26508000
3914,Rajshahi,Apartment,1762,3,2,15,5,2016,10,New,Fully Furnished,0,0,0,28.97,1,0,95.6,3044000
3915,Chattogram,House,2194,3,3,1,1,2011,15,Good,Fully Furnished,0,1,0,4.67,1,1,47.2,15262000
3916,Mymensingh,Apartment,1343,2,2,17,0,2017,9,Excellent,Semi-Furnished,1,0,0,4.22,1,1,47.5,11517000
3917,Sylhet,Apartment,1425,3,4,22,2,1994,32,Good,Semi-Furnished,0,0,1,11.0,1,0,22.8,9961000
3918,Dhaka,Condo,1227,1,1,15,4,1986,40,Good,Fully Furnished,1,0,0,16.68,1,1,54.6,16046000
3919,Khulna,Townhouse,1456,3,2,1,0,2012,14,Fair,Fully Furnished,0,0,0,15.34,1,1,74.5,4195000
3920,Sylhet,Apartment,848,1,1,15,10,2014,12,Fair,Semi-Furnished,1,0,0,7.51,0,0,59.3,7523000
3921,Sylhet,Apartment,1638,4,4,25,1,2007,19,Excellent,Unfurnished,1,0,0,16.32,0,0,33.2,15857000
3922,Barishal,House,4855,8,6,3,1,2003,23,New,Fully Furnished,1,1,0,12.07,1,0,88.3,14675000
3923,Chattogram,Apartment,776,2,2,24,2,2001,25,Good,Semi-Furnished,1,0,0,4.62,0,0,30.5,2702000
3924,Dhaka,Condo,1924,3,2,22,18,2025,1,Excellent,Unfurnished,2,0,0,3.96,1,1,29.7,51094000
3925,Mymensingh,Apartment,1441,1,2,17,12,2017,9,Good,Semi-Furnished,0,0,0,28.95,0,1,92.3,4700000
3926,Barishal,House,1255,2,1,3,0,2000,26,Good,Unfurnished,1,1,0,4.63,1,0,40.6,9665000
3927,Mymensingh,House,2523,3,3,2,1,2018,8,New,Semi-Furnished,0,0,0,14.25,1,0,17.9,9427000
3928,Khulna,Apartment,1848,3,3,8,6,2011,15,Excellent,Semi-Furnished,0,0,0,6.89,1,0,33.6,15507000
3929,Sylhet,House,1702,3,4,3,2,1998,28,Excellent,Semi-Furnished,1,0,0,5.5,1,1,45.0,11128000
3930,Sylhet,Apartment,1330,2,2,12,11,1986,40,Good,Semi-Furnished,0,0,1,20.77,1,1,69.6,2845000
3931,Barishal,Apartment,780,2,1,21,4,2015,11,Good,Semi-Furnished,0,0,0,8.37,0,0,33.2,4322000
3932,Sylhet,Apartment,2756,4,4,18,14,2001,25,New,Semi-Furnished,0,0,0,12.81,1,0,88.0,23949000
3933,Dhaka,Apartment,570,1,1,17,6,2002,24,New,Semi-Furnished,0,0,0,4.69,1,1,45.4,9579000
3934,Barishal,Apartment,801,1,2,13,4,2016,10,Good,Unfurnished,0,0,0,15.8,1,0,67.5,3319000
3935,Dhaka,Apartment,674,1,1,15,6,2021,5,Excellent,Fully Furnished,1,0,0,1.08,1,1,5.0,9709000
3936,Sylhet,Apartment,1815,3,4,23,0,2014,12,Good,Unfurnished,3,0,0,6.82,0,0,59.6,15067000
3937,Rangpur,House,1716,2,2,3,0,2017,9,Good,Semi-Furnished,0,1,0,4.48,0,1,25.4,5241000
3938,Chattogram,Apartment,1561,3,3,22,15,1991,35,Needs Renovation,Unfurnished,1,0,0,5.36,1,1,68.7,5612000
3939,Barishal,Apartment,2110,3,3,11,8,2024,2,Needs Renovation,Semi-Furnished,1,0,0,4.1,1,1,33.5,3495000
3940,Chattogram,Apartment,1117,3,2,9,2,2017,9,New,Fully Furnished,1,0,0,25.35,0,0,76.9,8040000
3941,Khulna,Apartment,1691,1,1,7,7,1987,39,Excellent,Unfurnished,0,0,0,4.31,1,1,20.0,9804000
3942,Chattogram,Apartment,1168,1,1,25,4,2015,11,Good,Semi-Furnished,0,0,0,7.57,1,0,48.3,12834000
3943,Sylhet,House,1740,3,4,3,2,2008,18,Good,Semi-Furnished,1,1,1,22.84,0,1,64.7,14925000
3944,Barishal,Apartment,675,1,2,8,0,2011,15,Good,Fully Furnished,0,0,0,20.29,0,0,51.4,2978000
3945,Chattogram,Apartment,908,2,2,17,14,2007,19,Good,Unfurnished,1,0,0,1.25,1,0,38.1,7812000
3946,Barishal,Apartment,1173,3,3,20,14,1996,30,Good,Fully Furnished,0,0,0,16.64,1,0,79.8,5781000
3947,Sylhet,Apartment,2006,2,2,22,0,2017,9,Excellent,Semi-Furnished,2,0,0,2.46,1,1,29.9,14026000
3948,Dhaka,Apartment,908,1,1,16,5,2006,20,Needs Renovation,Semi-Furnished,0,0,0,5.3,0,1,50.1,12598000
3949,Sylhet,Duplex,1348,1,1,1,1,2004,22,New,Semi-Furnished,2,0,0,1.59,1,1,14.8,9366000
3950,Barishal,Condo,450,1,1,19,16,2001,25,New,Semi-Furnished,1,0,0,8.67,0,1,32.2,1404000
3951,Sylhet,Apartment,2026,4,5,10,3,2018,8,Good,Unfurnished,1,0,0,8.76,0,0,38.0,13213000
3952,Sylhet,Apartment,1774,3,3,20,17,1990,36,Excellent,Semi-Furnished,1,0,0,2.07,1,0,63.4,7202000
3953,Rajshahi,Apartment,2103,4,4,18,3,1992,34,New,Unfurnished,0,0,0,5.12,0,0,74.8,7799000
3954,Khulna,Apartment,1479,2,3,22,3,2023,3,Excellent,Semi-Furnished,1,0,0,13.01,1,1,46.2,6433000
3955,Mymensingh,Apartment,1436,3,3,17,4,2002,24,New,Unfurnished,0,0,0,1.74,1,1,40.0,12094000
3956,Rajshahi,Apartment,2044,3,3,15,7,2007,19,Excellent,Semi-Furnished,0,0,0,2.66,1,0,30.7,8220000
3957,Sylhet,Apartment,1289,3,4,11,9,2009,17,Good,Semi-Furnished,1,0,0,6.23,1,0,30.6,6653000
3958,Dhaka,House,2383,2,2,1,0,1994,32,Fair,Semi-Furnished,1,0,0,11.08,1,0,47.7,17034000
3959,Rangpur,Apartment,819,1,2,21,6,2002,24,Good,Unfurnished,0,0,0,11.54,1,0,59.9,2632000
3960,Rangpur,Apartment,1762,2,2,13,6,2004,22,Good,Unfurnished,0,0,0,10.31,1,1,18.2,2894000
3961,Dhaka,House,540,1,1,3,0,1999,27,Excellent,Semi-Furnished,1,1,0,5.88,1,0,36.9,7266000
3962,Rajshahi,Duplex,3199,5,5,3,2,2020,6,Good,Unfurnished,0,0,0,10.61,0,0,97.3,17430000
3963,Barishal,House,1999,3,2,2,1,1992,34,Good,Unfurnished,0,0,0,0.3,1,1,30.1,18528000
3964,Chattogram,Apartment,1322,2,1,16,0,2011,15,Needs Renovation,Semi-Furnished,0,0,0,20.15,1,0,51.4,5883000
3965,Dhaka,Apartment,450,1,1,24,7,2015,11,Excellent,Semi-Furnished,1,0,0,9.87,0,1,33.0,2204000
3966,Rajshahi,Apartment,1699,2,1,12,4,1992,34,New,Fully Furnished,1,0,0,2.15,0,0,39.3,8887000
3967,Chattogram,Apartment,1011,1,2,24,12,2015,11,Needs Renovation,Unfurnished,0,0,0,4.72,1,0,21.4,3659000
3968,Barishal,House,1754,3,2,1,1,1993,33,Good,Unfurnished,0,0,0,3.86,0,1,52.3,3954000
3969,Mymensingh,Apartment,1044,1,1,16,9,1992,34,Fair,Semi-Furnished,1,0,0,1.35,1,0,22.2,6902000
3970,Rajshahi,Apartment,2588,6,6,24,13,2021,5,Needs Renovation,Semi-Furnished,0,0,0,2.04,1,1,35.7,14668000
3971,Dhaka,Apartment,1345,3,4,14,10,1987,39,Excellent,Semi-Furnished,1,0,0,2.06,1,0,25.8,8793000
3972,Mymensingh,Apartment,1357,2,3,22,9,2024,2,Fair,Semi-Furnished,1,0,0,9.47,1,1,5.0,2738000
3973,Khulna,Townhouse,2589,4,4,1,0,2026,0,Excellent,Unfurnished,0,0,0,3.93,1,0,44.9,14505000
3974,Chattogram,House,2172,4,4,3,2,2015,11,Excellent,Semi-Furnished,2,1,0,1.12,1,0,47.8,25282000
3975,Chattogram,Apartment,2247,3,4,23,7,2001,25,Good,Unfurnished,0,0,0,5.75,1,1,45.0,17729000
3976,Mymensingh,House,1448,1,1,3,0,1989,37,Good,Fully Furnished,0,0,0,7.93,1,0,45.0,10524000
3977,Khulna,Apartment,1829,2,3,23,7,2001,25,Excellent,Unfurnished,1,0,0,12.9,1,1,48.1,9888000
3978,Sylhet,Apartment,2555,4,5,16,16,2020,6,Excellent,Unfurnished,2,0,0,0.64,1,0,11.8,23132000
3979,Barishal,Apartment,1393,3,2,12,12,2017,9,Good,Unfurnished,0,0,0,8.31,0,0,46.3,2389000
3980,Sylhet,House,2722,4,3,2,1,2011,15,New,Semi-Furnished,0,1,0,7.17,1,1,59.2,45083000
3981,Rangpur,Apartment,1764,3,4,12,5,2013,13,Good,Unfurnished,0,0,0,8.73,0,1,59.4,5548000
3982,Chattogram,House,3127,4,4,1,1,2001,25,Fair,Unfurnished,2,0,0,5.28,0,1,47.3,39441000
3983,Chattogram,Apartment,2875,5,5,13,0,2019,7,New,Unfurnished,2,0,0,7.18,1,0,58.8,29235000
3984,Mymensingh,Apartment,2147,3,2,22,8,2011,15,Fair,Semi-Furnished,0,0,0,1.53,1,1,40.1,9182000
3985,Chattogram,House,1098,1,1,1,0,1998,28,New,Semi-Furnished,2,0,0,4.03,1,0,36.1,5849000
3986,Sylhet,Condo,1132,1,2,20,0,1987,39,New,Unfurnished,1,0,0,14.81,0,0,59.7,5989000
3987,Khulna,Apartment,1233,2,3,23,7,2008,18,Excellent,Semi-Furnished,0,0,0,1.91,1,1,18.4,5893000
3988,Sylhet,Condo,2116,4,4,6,6,2021,5,New,Semi-Furnished,1,0,1,11.76,0,0,82.9,10558000
3989,Sylhet,Condo,1773,3,3,22,12,2005,21,Fair,Unfurnished,1,0,0,4.14,1,1,58.9,8569000
3990,Rangpur,House,3075,4,4,1,1,2006,20,Needs Renovation,Semi-Furnished,1,1,0,13.02,0,0,41.3,10943000
3991,Dhaka,Apartment,1464,4,4,24,7,2019,7,New,Unfurnished,0,0,0,4.64,1,0,39.0,35548000
3992,Barishal,Condo,2517,4,4,19,14,2000,26,Good,Semi-Furnished,1,0,0,5.37,1,0,49.8,12528000
3993,Barishal,Townhouse,460,2,2,1,1,2011,15,New,Semi-Furnished,1,1,0,8.45,1,1,21.5,3894000
3994,Khulna,Apartment,1343,2,1,20,1,2025,1,Excellent,Fully Furnished,2,0,0,25.4,0,0,55.9,4804000
3995,Khulna,Townhouse,1719,3,3,1,0,2013,13,Fair,Fully Furnished,1,0,0,1.0,1,1,35.6,10971000
3996,Barishal,Apartment,1690,2,2,11,7,2023,3,Fair,Semi-Furnished,0,0,0,2.47,1,0,39.2,5303000
3997,Rajshahi,Apartment,1979,4,5,10,10,2020,6,Fair,Unfurnished,0,0,0,2.71,0,1,53.9,8257000
3998,Mymensingh,Apartment,1770,4,4,9,3,1986,40,New,Fully Furnished,0,0,0,4.28,0,0,15.9,8241000
3999,Chattogram,Apartment,1142,2,2,18,9,2022,4,Excellent,Fully Furnished,1,0,0,4.24,1,0,31.0,14027000
4000,Rajshahi,Duplex,2714,1,1,3,0,2022,4,Good,Fully Furnished,1,1,0,3.8,1,0,59.2,28366000
4001,Rajshahi,House,2376,3,3,3,2,2005,21,Excellent,Fully Furnished,0,1,0,1.63,1,1,59.9,11788000
4002,Sylhet,Apartment,1299,2,2,23,19,2013,13,Fair,Semi-Furnished,2,0,0,13.77,0,0,64.9,3029000
4003,Rangpur,House,2331,3,3,3,0,1988,38,Excellent,Semi-Furnished,3,0,1,9.36,1,0,42.8,14975000
4004,Rajshahi,House,1108,2,2,2,0,2016,10,Excellent,Semi-Furnished,1,1,0,11.66,1,0,49.6,8145000
4005,Khulna,Duplex,2799,3,3,1,1,1998,28,New,Semi-Furnished,0,0,0,6.02,0,0,71.0,21601000
4006,Rajshahi,Apartment,972,1,1,20,13,1986,40,Good,Semi-Furnished,1,0,0,11.2,1,1,40.2,4616000
4007,Chattogram,Apartment,942,3,2,25,8,1987,39,Excellent,Semi-Furnished,1,0,0,3.18,0,1,26.4,16985000
4008,Dhaka,Apartment,1667,3,4,23,4,1985,41,Fair,Unfurnished,1,0,0,3.67,1,0,42.6,23830000
4009,Rangpur,Apartment,1446,2,3,23,23,2004,22,Good,Unfurnished,1,0,0,1.4,1,1,38.5,2342000
4010,Dhaka,Apartment,1212,2,1,19,4,1987,39,Good,Semi-Furnished,1,0,0,0.54,0,1,41.8,28951000
4011,Dhaka,Apartment,1363,2,2,16,1,2024,2,Excellent,Semi-Furnished,1,0,0,3.66,1,1,54.7,24909000
4012,Sylhet,House,2002,3,3,2,1,2010,16,Fair,Unfurnished,1,0,0,12.15,1,0,58.6,18722000
4013,Barishal,Apartment,1685,3,2,12,5,1992,34,Fair,Semi-Furnished,0,0,0,2.91,1,0,37.5,7212000
4014,Mymensingh,House,1644,1,1,1,1,2026,0,Fair,Semi-Furnished,0,1,0,7.28,1,0,57.0,8319000
4015,Sylhet,House,1482,1,2,2,0,2003,23,Good,Semi-Furnished,0,1,0,20.14,0,0,62.7,5794000
4016,Rajshahi,Apartment,1958,2,2,9,6,2019,7,Excellent,Unfurnished,1,0,0,11.2,0,0,44.1,3330000
4017,Mymensingh,Apartment,1616,2,1,11,7,2003,23,Fair,Unfurnished,1,0,0,37.71,0,0,83.9,3238000
4018,Mymensingh,House,2104,3,3,2,1,1991,35,Good,Unfurnished,0,1,0,5.43,1,0,30.1,6022000
4019,Dhaka,Apartment,450,1,1,9,3,1995,31,Good,Semi-Furnished,0,0,0,12.34,1,0,60.5,4291000
4020,Dhaka,Apartment,1007,1,1,24,6,2023,3,New,Unfurnished,0,0,0,6.45,1,1,62.8,15428000
4021,Dhaka,Duplex,1825,2,1,1,0,2014,12,Good,Unfurnished,0,0,0,19.97,1,0,55.8,5854000
4022,Khulna,Apartment,2097,3,3,17,6,2022,4,Fair,Unfurnished,1,0,0,6.92,1,1,27.0,6362000
4023,Khulna,Apartment,1880,3,2,12,6,1997,29,Fair,Unfurnished,0,0,0,3.73,1,0,32.2,4420000
4024,Dhaka,Townhouse,766,1,2,2,0,2001,25,New,Semi-Furnished,1,0,0,8.7,1,0,56.9,16104000
4025,Rajshahi,Apartment,1914,4,4,9,2,2024,2,Fair,Semi-Furnished,2,0,0,5.71,1,1,45.8,5346000
4026,Chattogram,Apartment,1755,3,4,21,5,1991,35,Fair,Semi-Furnished,0,0,0,7.59,1,1,23.2,19625000
4027,Sylhet,Duplex,1965,2,2,1,0,1998,28,Good,Unfurnished,3,1,0,2.56,1,0,35.3,33736000
4028,Barishal,Apartment,1971,3,3,11,2,1998,28,Fair,Semi-Furnished,2,0,0,4.31,0,1,19.7,3855000
4029,Barishal,Apartment,1067,1,2,10,2,2017,9,Needs Renovation,Unfurnished,0,0,0,5.89,0,1,40.7,1167000
4030,Chattogram,Apartment,1720,3,2,13,6,1986,40,Good,Unfurnished,1,0,0,15.82,0,0,69.1,10646000
4031,Dhaka,Condo,702,1,1,19,19,2009,17,Good,Semi-Furnished,1,0,1,10.96,0,0,56.0,12476000
4032,Dhaka,Apartment,1713,3,4,24,2,2023,3,Fair,Semi-Furnished,1,0,0,1.57,0,0,57.6,23475000
4033,Rajshahi,Condo,810,1,1,16,10,1987,39,New,Fully Furnished,1,0,0,2.24,1,0,39.4,8943000
4034,Chattogram,Apartment,1742,1,1,17,9,1995,31,Good,Semi-Furnished,0,0,0,3.79,1,0,10.2,10932000
4035,Rajshahi,Apartment,1262,2,2,25,12,1992,34,Good,Unfurnished,0,0,0,2.93,1,0,51.4,6120000
4036,Dhaka,Apartment,1404,1,2,25,4,2004,22,Excellent,Unfurnished,0,0,0,12.65,1,0,52.1,23461000
4037,Sylhet,Duplex,2682,3,2,2,1,2014,12,Needs Renovation,Unfurnished,3,0,1,4.55,0,1,48.8,29086000
4038,Sylhet,Duplex,1950,3,2,3,2,1993,33,Excellent,Fully Furnished,3,1,0,1.3,1,1,38.8,17226000
4039,Rajshahi,Apartment,2055,4,5,21,12,2003,23,New,Unfurnished,1,0,0,2.03,1,0,48.0,13263000
4040,Rajshahi,Apartment,1502,2,2,25,14,2014,12,Fair,Unfurnished,1,0,0,11.23,0,1,54.0,6554000
4041,Rajshahi,Apartment,873,1,1,7,7,2022,4,Fair,Semi-Furnished,2,0,0,5.01,0,0,8.8,3148000
4042,Mymensingh,Apartment,1875,2,2,21,13,1997,29,Good,Semi-Furnished,2,0,0,9.67,1,1,48.3,10359000
4043,Sylhet,Apartment,1531,1,2,13,4,2016,10,Excellent,Unfurnished,2,0,0,8.52,0,0,63.3,7829000
4044,Barishal,Duplex,3473,5,4,2,1,2008,18,Excellent,Unfurnished,0,0,0,6.1,1,0,48.0,11327000
4045,Rangpur,Townhouse,1720,3,3,1,1,1996,30,Excellent,Unfurnished,0,1,0,9.6,0,1,29.9,8203000
4046,Rangpur,Apartment,769,1,1,25,9,2016,10,Excellent,Semi-Furnished,0,0,0,3.38,1,0,38.9,1635000
4047,Dhaka,House,1962,2,1,3,0,2016,10,New,Semi-Furnished,1,0,0,0.89,0,1,18.1,59384000
4048,Dhaka,Apartment,1468,2,3,13,7,2003,23,Needs Renovation,Unfurnished,0,0,0,4.85,0,0,41.5,5365000
4049,Sylhet,Apartment,1161,2,3,16,8,2012,14,Excellent,Semi-Furnished,0,0,0,8.55,0,0,44.1,11201000
4050,Rangpur,Apartment,747,2,2,11,2,2011,15,Good,Fully Furnished,1,0,0,3.28,1,1,13.0,2395000
4051,Chattogram,House,2827,4,5,3,0,2010,16,Good,Unfurnished,0,1,0,15.6,1,1,74.0,29259000
4052,Chattogram,Apartment,1581,3,4,12,8,1998,28,Excellent,Semi-Furnished,1,0,0,7.69,1,0,45.2,10234000
4053,Dhaka,Apartment,2344,4,4,10,8,2017,9,Fair,Semi-Furnished,0,0,0,5.5,0,1,44.1,29302000
4054,Khulna,Apartment,790,1,2,16,4,2006,20,Excellent,Unfurnished,0,0,0,21.74,0,0,71.7,3504000
4055,Sylhet,Condo,1524,1,1,24,9,2026,0,Needs Renovation,Fully Furnished,1,0,0,14.84,0,0,54.4,10067000
4056,Dhaka,Apartment,629,1,1,14,1,1985,41,New,Semi-Furnished,0,0,0,2.43,1,0,5.0,14777000
4057,Khulna,Apartment,646,1,2,19,18,2008,18,Fair,Semi-Furnished,0,0,0,2.51,1,1,20.9,3114000
4058,Chattogram,Duplex,3057,3,3,2,1,1987,39,Good,Unfurnished,0,1,0,0.72,1,1,25.3,20097000
4059,Mymensingh,Apartment,2852,5,5,7,4,2015,11,Good,Unfurnished,0,0,0,2.51,0,0,51.1,8800000
4060,Sylhet,House,1081,2,2,2,1,1987,39,Good,Semi-Furnished,1,1,0,2.57,1,1,21.6,14453000
4061,Sylhet,Apartment,1847,4,5,24,8,1997,29,Fair,Unfurnished,1,0,0,11.75,0,0,51.8,7994000
4062,Dhaka,Condo,1388,2,2,14,11,1996,30,Excellent,Unfurnished,0,0,0,6.67,1,1,50.3,25660000
4063,Khulna,Apartment,1909,3,3,24,12,1990,36,Good,Semi-Furnished,2,0,0,3.65,1,1,44.0,10551000
4064,Dhaka,Condo,1296,2,2,17,9,2015,11,New,Semi-Furnished,1,0,0,6.87,0,0,69.3,25433000
4065,Dhaka,Apartment,1625,3,4,19,13,2003,23,Good,Semi-Furnished,0,0,0,22.41,1,0,86.2,17746000
4066,Dhaka,Apartment,1399,1,2,9,3,1986,40,Good,Unfurnished,1,0,0,3.69,1,1,58.2,29273000
4067,Barishal,Apartment,1386,1,2,8,7,1992,34,Fair,Semi-Furnished,1,0,0,25.26,1,0,74.7,2199000
4068,Dhaka,Apartment,1284,3,3,6,4,2025,1,Good,Semi-Furnished,0,0,0,3.78,1,1,37.7,13559000
4069,Rajshahi,Apartment,2021,3,3,19,5,1985,41,Good,Fully Furnished,1,0,0,11.37,1,0,30.8,13575000
4070,Rajshahi,Apartment,1402,2,1,8,8,1998,28,Good,Semi-Furnished,0,0,0,9.12,1,0,40.0,7016000
4071,Dhaka,Apartment,1045,2,1,23,4,1988,38,Fair,Fully Furnished,2,0,0,1.13,1,0,54.5,15966000
4072,Sylhet,Apartment,1555,3,3,17,13,2025,1,Good,Semi-Furnished,1,0,0,6.64,0,1,40.2,14436000
4073,Chattogram,Apartment,1177,1,1,16,6,2024,2,New,Unfurnished,2,0,0,25.34,0,0,83.8,7721000
4074,Dhaka,Apartment,1360,3,2,24,17,2000,26,Good,Fully Furnished,1,0,0,22.04,1,0,82.3,16069000
4075,Rajshahi,Condo,1145,1,1,24,7,1993,33,Fair,Unfurnished,0,0,0,1.39,1,1,39.1,9912000
4076,Khulna,Apartment,1781,3,4,9,4,2022,4,Good,Semi-Furnished,1,0,0,21.02,0,0,66.8,7556000
4077,Rangpur,House,2396,4,4,1,1,1992,34,Good,Semi-Furnished,0,0,0,2.91,1,0,5.0,16206000
4078,Dhaka,Apartment,2196,4,5,9,5,2009,17,Good,Unfurnished,0,0,0,9.23,1,0,45.2,37233000
4079,Mymensingh,Duplex,2515,2,1,2,1,1985,41,Fair,Semi-Furnished,1,1,1,5.13,0,1,53.2,7819000
4080,Mymensingh,Apartment,934,3,3,11,10,2026,0,Good,Unfurnished,0,0,0,23.39,1,0,83.8,2812000
4081,Dhaka,House,2122,3,4,2,0,2010,16,Good,Semi-Furnished,0,0,0,12.54,0,1,52.1,36344000
4082,Rajshahi,Condo,1369,1,1,10,5,2014,12,Good,Semi-Furnished,0,0,0,24.05,1,1,62.7,5245000
4083,Chattogram,Apartment,760,1,1,17,2,2019,7,Needs Renovation,Semi-Furnished,0,0,0,3.53,1,0,57.9,4849000
4084,Chattogram,Apartment,1633,3,2,7,5,2007,19,Good,Semi-Furnished,0,0,0,18.68,0,1,51.3,5190000
4085,Sylhet,Apartment,923,2,2,18,10,1992,34,Good,Semi-Furnished,0,0,0,24.71,0,1,55.8,3991000
4086,Rangpur,Duplex,2355,2,3,3,2,2006,20,Good,Unfurnished,0,1,0,0.4,1,1,48.4,9854000
4087,Dhaka,Apartment,1233,1,2,6,4,1989,37,Needs Renovation,Unfurnished,1,0,0,2.69,1,1,29.6,7324000
4088,Chattogram,Apartment,1989,4,4,21,2,2007,19,New,Fully Furnished,1,0,0,1.66,1,0,32.7,17580000
4089,Sylhet,Apartment,1468,2,3,7,0,1996,30,New,Unfurnished,1,0,0,4.19,1,0,51.2,13538000
4090,Sylhet,Apartment,1266,2,1,20,20,2001,25,Fair,Semi-Furnished,0,0,0,4.91,0,1,26.4,5951000
4091,Rajshahi,House,2421,4,5,1,1,2004,22,Good,Semi-Furnished,0,0,0,5.47,1,0,16.5,13482000
4092,Rajshahi,Apartment,1566,2,3,16,11,2005,21,Good,Fully Furnished,2,0,0,6.27,1,1,41.8,13454000
4093,Khulna,House,1993,3,3,1,0,2023,3,Excellent,Semi-Furnished,1,1,0,7.68,1,1,48.2,5915000
4094,Sylhet,Condo,1234,3,4,11,1,2016,10,Fair,Fully Furnished,2,0,0,1.97,1,0,39.3,5131000
4095,Chattogram,Duplex,2146,3,4,3,2,2004,22,New,Semi-Furnished,0,1,0,8.37,1,0,46.6,33826000
4096,Sylhet,House,1069,1,1,2,1,2006,20,Fair,Unfurnished,1,0,0,6.07,1,1,49.7,9152000
4097,Mymensingh,Condo,1623,3,3,17,6,2016,10,Good,Semi-Furnished,0,0,0,6.93,0,0,42.9,9980000
4098,Dhaka,House,2818,4,3,3,2,2007,19,Good,Unfurnished,2,0,0,9.44,1,1,62.5,41011000
4099,Sylhet,Condo,1528,3,4,15,5,1997,29,Excellent,Semi-Furnished,2,0,0,11.21,1,0,63.0,8903000
4100,Khulna,Condo,2633,4,4,19,13,1992,34,Good,Semi-Furnished,1,0,0,5.02,1,1,33.1,16030000
4101,Chattogram,Apartment,1817,2,1,13,3,1987,39,Good,Semi-Furnished,2,0,0,2.44,1,0,47.3,25333000
4102,Chattogram,Condo,1623,2,2,15,4,2001,25,Good,Unfurnished,2,0,0,17.43,0,0,50.3,13352000
4103,Mymensingh,Apartment,1686,2,1,8,2,2023,3,Excellent,Semi-Furnished,0,0,0,1.36,0,0,31.1,10558000
4104,Mymensingh,Apartment,2073,3,4,12,3,2020,6,New,Unfurnished,0,0,0,5.64,1,1,60.4,8832000
4105,Khulna,Apartment,501,1,2,20,6,1998,28,Good,Unfurnished,0,0,0,5.93,1,1,57.9,3418000
4106,Barishal,Condo,1180,2,3,23,23,1994,32,Good,Unfurnished,1,0,0,2.07,1,1,7.7,8105000
4107,Sylhet,Apartment,1576,3,3,10,8,1994,32,Excellent,Unfurnished,1,0,0,16.87,0,0,50.3,5426000
4108,Barishal,Apartment,1732,3,4,10,3,1994,32,Excellent,Semi-Furnished,1,0,0,1.11,1,0,36.1,14479000
4109,Mymensingh,Apartment,1511,1,1,7,5,2014,12,Good,Fully Furnished,1,0,0,3.28,1,0,12.1,9064000
4110,Khulna,Apartment,1995,4,3,17,6,1995,31,Good,Fully Furnished,1,0,0,1.36,0,0,26.6,15975000
4111,Rangpur,House,1958,2,1,2,1,1993,33,Good,Fully Furnished,1,0,0,7.17,1,0,71.3,4592000
4112,Khulna,Apartment,1641,3,3,22,21,1995,31,Fair,Semi-Furnished,2,0,0,3.98,1,1,39.1,11656000
4113,Khulna,Apartment,1792,3,3,20,14,1993,33,Good,Semi-Furnished,1,0,0,13.79,1,0,43.9,9367000
4114,Rangpur,Apartment,1591,3,2,20,10,1987,39,Fair,Unfurnished,0,0,0,5.91,1,0,55.4,3909000
4115,Sylhet,Apartment,2364,4,5,15,8,2015,11,New,Fully Furnished,0,0,0,2.3,1,1,56.1,17942000
4116,Rangpur,Apartment,1580,5,4,12,10,2018,8,New,Fully Furnished,0,0,0,5.02,1,1,58.4,12903000
4117,Khulna,Townhouse,555,1,1,2,1,1996,30,Good,Semi-Furnished,2,1,0,6.77,0,0,55.0,4503000
4118,Sylhet,Duplex,1792,2,1,1,1,2012,14,Good,Unfurnished,0,1,0,2.65,1,0,33.9,24341000
4119,Khulna,Apartment,1698,2,2,18,10,2015,11,Excellent,Semi-Furnished,0,0,0,4.92,1,1,40.4,13916000
4120,Mymensingh,House,3234,4,4,1,1,1994,32,Good,Fully Furnished,0,0,1,10.23,0,0,38.9,24187000
4121,Chattogram,Apartment,1873,4,5,15,14,1996,30,New,Semi-Furnished,2,0,0,3.34,1,1,24.4,40793000
4122,Barishal,House,1605,2,1,3,0,1999,27,Fair,Fully Furnished,1,0,0,3.94,1,1,44.5,3637000
4123,Khulna,Condo,1440,3,3,21,9,1987,39,Fair,Unfurnished,0,0,0,6.92,0,0,28.5,8995000
4124,Rajshahi,Condo,2015,4,3,16,12,1998,28,Good,Semi-Furnished,2,0,0,8.12,1,1,8.8,19124000
4125,Khulna,House,2991,3,3,1,1,1991,35,Good,Semi-Furnished,1,1,0,3.42,1,0,30.2,15537000
4126,Rajshahi,Duplex,1593,3,3,2,0,1998,28,Fair,Semi-Furnished,0,1,0,3.17,1,1,50.0,6371000
4127,Mymensingh,Apartment,2090,3,4,7,4,2000,26,Excellent,Semi-Furnished,1,0,0,12.11,1,1,56.4,10030000
4128,Dhaka,Townhouse,1290,2,3,1,1,1991,35,Good,Semi-Furnished,0,0,0,5.85,1,1,32.3,29396000
4129,Rajshahi,Apartment,560,1,2,14,3,2014,12,Excellent,Unfurnished,0,0,0,28.79,1,1,82.1,1826000
4130,Barishal,House,1065,1,1,1,1,2015,11,Excellent,Semi-Furnished,1,1,1,2.99,1,1,37.4,6590000
4131,Barishal,Apartment,1601,2,2,10,8,2024,2,Excellent,Semi-Furnished,0,0,0,21.74,0,0,78.5,2882000
4132,Rajshahi,Apartment,805,2,2,14,5,1989,37,Fair,Fully Furnished,0,0,0,3.64,1,0,41.3,2368000
4133,Mymensingh,Apartment,1825,4,4,18,4,2023,3,Excellent,Semi-Furnished,2,0,0,4.01,1,0,85.0,10589000
4134,Rajshahi,House,1375,1,2,3,0,2020,6,Good,Semi-Furnished,2,0,0,11.64,0,0,33.8,11698000
4135,Chattogram,Apartment,1059,1,2,18,4,2020,6,Needs Renovation,Unfurnished,2,0,0,4.85,0,0,46.4,8944000
4136,Rangpur,Duplex,1464,1,1,3,0,2012,14,Fair,Semi-Furnished,1,1,0,2.66,0,0,48.8,7141000
4137,Dhaka,Townhouse,1099,3,3,1,0,2012,14,New,Fully Furnished,1,0,1,1.16,0,1,26.1,12175000
4138,Rajshahi,Apartment,1567,1,2,6,2,2026,0,Good,Semi-Furnished,1,0,1,5.59,0,1,10.8,6325000
4139,Barishal,Apartment,1572,2,3,6,6,2019,7,New,Fully Furnished,1,0,0,0.3,1,1,5.0,12769000
4140,Rajshahi,Townhouse,588,1,1,2,0,2008,18,Good,Semi-Furnished,0,1,0,10.25,0,1,48.2,3385000
4141,Mymensingh,Apartment,1362,3,2,8,4,1991,35,Good,Semi-Furnished,3,0,0,4.47,1,1,53.0,4931000
4142,Sylhet,House,1852,2,3,2,1,2014,12,New,Semi-Furnished,1,1,0,3.63,0,1,42.8,22545000
4143,Mymensingh,Apartment,1154,2,2,7,5,1993,33,Good,Semi-Furnished,0,0,0,3.07,1,0,44.2,5915000
4144,Rajshahi,Duplex,2532,3,3,3,0,2024,2,Good,Fully Furnished,2,0,0,9.09,1,1,13.6,19219000
4145,Dhaka,Apartment,1924,3,3,19,8,1993,33,Excellent,Fully Furnished,0,0,0,11.57,0,0,79.9,19572000
4146,Dhaka,House,1090,1,2,1,1,2019,7,Fair,Semi-Furnished,1,1,0,4.13,0,0,59.5,23048000
4147,Sylhet,House,1033,3,3,3,0,2015,11,Fair,Unfurnished,2,0,0,2.28,1,0,45.8,3768000
4148,Mymensingh,Apartment,2092,4,5,17,4,2002,24,Good,Unfurnished,1,0,0,2.63,1,1,59.2,5831000
4149,Barishal,Apartment,2414,5,4,9,3,2018,8,Needs Renovation,Fully Furnished,0,0,0,5.7,1,0,67.0,11228000
4150,Dhaka,House,1272,2,2,1,0,2004,22,Good,Unfurnished,1,1,0,21.23,0,0,55.4,13395000
4151,Chattogram,Apartment,1214,3,2,18,16,2002,24,Good,Unfurnished,1,0,0,3.74,0,0,38.8,5252000
4152,Dhaka,Condo,1717,3,2,19,4,2018,8,Excellent,Semi-Furnished,1,0,0,2.05,1,1,23.5,39351000
4153,Mymensingh,Apartment,914,2,1,15,4,1996,30,New,Fully Furnished,1,0,0,2.42,1,1,32.7,7975000
4154,Barishal,Condo,1381,2,2,17,9,2002,24,Good,Semi-Furnished,1,0,0,13.68,0,0,58.8,5074000
4155,Dhaka,House,2084,3,3,1,0,2008,18,Good,Semi-Furnished,0,0,0,4.37,0,0,46.2,34964000
4156,Rajshahi,Condo,2452,3,2,9,2,2015,11,Good,Semi-Furnished,0,0,0,4.21,0,0,46.2,5450000
4157,Khulna,Townhouse,841,2,3,3,1,2006,20,Excellent,Semi-Furnished,2,1,0,1.69,1,0,43.1,5928000
4158,Khulna,Apartment,1311,2,2,6,4,1997,29,Good,Unfurnished,1,0,0,3.4,1,1,33.7,7659000
4159,Dhaka,Apartment,2046,3,3,14,4,1997,29,Excellent,Semi-Furnished,0,0,0,4.84,1,0,60.0,15990000
4160,Rajshahi,Apartment,1236,1,1,19,5,2006,20,Good,Semi-Furnished,0,0,0,5.52,1,0,32.9,2483000
4161,Sylhet,Apartment,1742,3,3,11,3,1998,28,Good,Semi-Furnished,0,0,0,15.0,0,0,33.7,9376000
4162,Dhaka,Apartment,1036,1,1,23,22,1996,30,Excellent,Unfurnished,2,0,0,18.4,0,0,100.0,3961000
4163,Barishal,House,1874,3,2,2,1,2022,4,Good,Unfurnished,0,1,0,7.38,1,0,53.6,5564000
4164,Barishal,Apartment,1452,3,4,11,4,1985,41,Excellent,Semi-Furnished,0,0,0,0.91,1,1,38.5,4390000
4165,Rajshahi,House,1786,2,3,2,0,2026,0,Needs Renovation,Unfurnished,0,0,0,23.95,0,1,55.6,1646000
4166,Rangpur,Apartment,2208,4,4,7,1,2002,24,New,Unfurnished,0,0,0,2.39,0,1,19.5,13665000
4167,Khulna,Apartment,1953,3,3,23,20,2002,24,Good,Fully Furnished,0,0,0,4.85,1,1,45.2,11410000
4168,Rajshahi,Apartment,1724,3,2,12,2,2016,10,Fair,Fully Furnished,1,0,0,6.28,0,1,13.8,8213000
4169,Rangpur,House,2310,3,3,3,2,2018,8,Good,Unfurnished,0,1,0,3.61,0,1,17.9,14840000
4170,Chattogram,Apartment,1898,3,3,7,0,2012,14,Fair,Unfurnished,0,0,0,13.69,0,1,53.1,7939000
4171,Chattogram,House,2379,4,5,1,1,2020,6,Good,Semi-Furnished,0,1,0,8.3,0,1,71.9,28687000
4172,Dhaka,House,2466,3,4,1,1,2006,20,Good,Semi-Furnished,0,0,0,8.14,0,0,54.8,16469000
4173,Barishal,Apartment,1156,2,2,18,14,1987,39,New,Semi-Furnished,1,0,0,14.44,0,0,71.3,6744000
4174,Rajshahi,House,1292,2,2,3,1,2022,4,New,Unfurnished,1,0,1,3.09,1,0,51.3,10652000
4175,Barishal,Apartment,1787,3,3,14,4,2022,4,Good,Fully Furnished,2,0,0,4.13,1,1,48.1,9613000
4176,Sylhet,Apartment,1718,3,3,22,14,2003,23,Fair,Semi-Furnished,1,0,0,0.3,1,1,60.0,9048000
4177,Dhaka,Apartment,450,1,1,17,14,2025,1,Excellent,Fully Furnished,0,0,0,4.36,0,1,55.3,2963000
4178,Mymensingh,Apartment,1039,1,1,22,19,2014,12,Good,Fully Furnished,2,0,0,13.32,0,0,33.6,1774000
4179,Rangpur,Apartment,2047,3,3,13,0,2000,26,Excellent,Semi-Furnished,0,0,0,3.82,0,1,50.4,9680000
4180,Barishal,Condo,1455,2,2,25,25,1996,30,Good,Semi-Furnished,0,0,0,2.06,0,1,38.2,3704000
4181,Khulna,House,1630,1,2,3,0,2020,6,Good,Semi-Furnished,3,0,0,2.3,0,0,32.0,8750000
4182,Rajshahi,Apartment,450,1,1,21,9,2012,14,Excellent,Unfurnished,0,0,0,3.23,1,1,46.4,1370000
4183,Dhaka,Duplex,3227,5,6,3,1,2010,16,Fair,Semi-Furnished,0,1,0,16.74,0,0,50.9,34720000
4184,Mymensingh,Condo,1132,1,2,18,17,1988,38,Fair,Semi-Furnished,1,0,1,5.71,0,1,7.4,3232000
4185,Barishal,Townhouse,2325,5,5,3,1,2015,11,Good,Unfurnished,0,1,0,2.78,1,0,44.5,17109000
4186,Khulna,Condo,1267,1,2,20,18,2003,23,Excellent,Semi-Furnished,1,0,0,9.53,0,0,48.1,3049000
4187,Sylhet,Apartment,2162,3,3,9,9,1991,35,Good,Semi-Furnished,0,0,0,11.9,1,0,54.8,17976000
4188,Khulna,Condo,1262,2,2,24,4,2014,12,Needs Renovation,Semi-Furnished,0,0,0,8.75,0,0,29.5,5761000
4189,Dhaka,House,1808,2,3,3,2,2023,3,New,Fully Furnished,0,1,1,6.52,1,0,63.3,45636000
4190,Dhaka,House,2426,3,3,2,1,2008,18,Good,Unfurnished,1,1,0,2.73,1,1,33.4,42961000
4191,Mymensingh,Apartment,1673,4,3,17,12,2015,11,Good,Semi-Furnished,1,0,0,3.29,1,0,36.7,8210000
4192,Khulna,Apartment,2348,5,4,20,16,2021,5,New,Semi-Furnished,2,0,0,1.41,1,1,52.0,9510000
4193,Rajshahi,Apartment,1076,1,1,22,16,2010,16,Good,Semi-Furnished,1,0,0,2.01,1,1,34.3,5096000
4194,Barishal,Apartment,1679,3,4,21,6,1990,36,Excellent,Fully Furnished,1,0,0,6.55,0,0,17.1,11480000
4195,Sylhet,House,2398,4,3,3,1,1998,28,Good,Fully Furnished,1,1,0,9.48,1,0,54.5,21248000
4196,Chattogram,Duplex,785,1,1,1,1,2023,3,Good,Semi-Furnished,1,0,0,21.71,0,0,29.6,8096000
4197,Mymensingh,Apartment,2130,3,2,12,11,2023,3,Good,Semi-Furnished,0,0,0,7.71,1,1,33.8,11361000
4198,Khulna,Apartment,1071,1,1,17,13,2000,26,Needs Renovation,Unfurnished,0,0,0,7.68,1,0,26.1,5250000
4199,Khulna,House,1222,2,2,2,1,1989,37,Good,Fully Furnished,0,0,0,11.13,1,0,58.9,5776000
4200,Khulna,Apartment,1623,4,5,22,8,2017,9,Excellent,Semi-Furnished,0,0,0,3.41,0,1,23.5,14916000
4201,Sylhet,Condo,993,2,2,20,1,1989,37,New,Fully Furnished,3,0,0,12.84,1,1,52.8,13515000
4202,Chattogram,Apartment,2313,5,6,14,13,2001,25,Excellent,Semi-Furnished,3,0,0,4.49,1,0,35.1,13670000
4203,Mymensingh,Apartment,2117,3,3,8,3,1987,39,Fair,Semi-Furnished,0,0,0,5.51,1,0,43.5,10026000
4204,Khulna,Duplex,1667,1,1,3,1,2004,22,Good,Semi-Furnished,0,1,0,7.94,1,1,53.5,10758000
4205,Chattogram,Apartment,797,2,2,25,13,2017,9,Needs Renovation,Unfurnished,1,0,0,0.97,1,0,51.9,8126000
4206,Rangpur,Apartment,1484,4,4,10,5,2017,9,Good,Semi-Furnished,0,0,0,0.75,1,1,63.9,3541000
4207,Dhaka,Duplex,1421,3,2,3,2,2014,12,Excellent,Unfurnished,2,0,0,23.94,0,1,84.9,12018000
4208,Rajshahi,Apartment,2746,3,3,17,11,2015,11,New,Fully Furnished,1,0,0,12.88,0,0,36.7,24792000
4209,Mymensingh,Apartment,1234,3,4,12,6,2002,24,New,Semi-Furnished,0,0,1,7.29,1,0,42.6,7943000
4210,Sylhet,House,1478,2,3,3,1,2026,0,Fair,Fully Furnished,1,1,0,2.04,0,1,38.3,17615000
4211,Chattogram,Apartment,1704,2,2,11,11,1986,40,Fair,Unfurnished,0,0,0,3.12,1,1,30.2,14712000
4212,Barishal,Apartment,450,1,2,23,13,2015,11,Good,Semi-Furnished,1,0,0,12.53,0,0,43.8,1297000
4213,Dhaka,Apartment,450,1,1,17,4,2004,22,Fair,Unfurnished,0,0,0,9.85,0,1,62.8,2301000
4214,Chattogram,House,1702,2,2,3,2,1988,38,Good,Semi-Furnished,1,1,0,1.54,1,1,34.4,24802000
4215,Rangpur,House,1400,1,1,1,1,2023,3,Good,Unfurnished,1,1,0,14.34,0,0,46.3,2465000
4216,Khulna,House,2038,2,1,2,1,1991,35,Good,Semi-Furnished,1,1,0,29.33,0,0,88.5,4049000
4217,Chattogram,Duplex,2820,3,3,3,0,2001,25,Good,Semi-Furnished,1,0,0,10.93,0,0,71.3,31370000
4218,Sylhet,Condo,1754,3,3,11,11,2018,8,Needs Renovation,Fully Furnished,0,0,0,10.65,1,0,48.8,13098000
4219,Dhaka,Apartment,635,1,1,11,8,2008,18,Good,Unfurnished,0,0,0,17.96,1,0,75.3,2906000
4220,Chattogram,Apartment,2662,4,5,13,13,2025,1,Needs Renovation,Semi-Furnished,0,0,0,2.49,1,1,37.0,16295000
4221,Barishal,Apartment,1418,2,1,8,6,2016,10,Needs Renovation,Fully Furnished,3,0,0,1.02,1,1,32.7,4369000
4222,Mymensingh,Condo,580,1,1,22,7,1994,32,Good,Semi-Furnished,0,0,0,3.94,1,1,26.1,3944000
4223,Sylhet,Apartment,1849,3,4,21,7,2012,14,Good,Semi-Furnished,0,0,0,4.26,1,1,17.6,16374000
4224,Barishal,Apartment,718,1,1,18,12,2017,9,Good,Semi-Furnished,2,0,0,6.37,0,1,53.5,2992000
4225,Khulna,Apartment,1136,2,2,8,0,1989,37,Needs Renovation,Semi-Furnished,0,0,0,4.03,1,0,63.8,1735000
4226,Sylhet,Condo,1302,2,2,16,11,2015,11,Needs Renovation,Unfurnished,0,0,0,8.37,0,0,29.5,6316000
4227,Dhaka,House,2445,4,5,3,0,2024,2,Fair,Fully Furnished,1,0,0,10.95,0,1,61.0,42212000
4228,Rajshahi,House,2340,2,2,3,0,2021,5,Good,Semi-Furnished,1,0,0,6.85,0,0,37.7,11532000
4229,Barishal,Apartment,1308,1,2,24,18,2012,14,Excellent,Semi-Furnished,1,0,0,1.97,0,1,28.8,5771000
4230,Sylhet,House,3217,4,4,1,0,2013,13,Needs Renovation,Unfurnished,1,0,0,11.91,0,0,70.4,18582000
4231,Dhaka,Duplex,1302,1,1,1,0,2015,11,Good,Semi-Furnished,1,0,0,19.79,1,0,65.7,19092000
4232,Rangpur,Apartment,1863,4,5,16,0,2006,20,Fair,Fully Furnished,0,0,0,19.23,0,1,82.0,5010000
4233,Rajshahi,Apartment,1612,2,3,10,3,1996,30,Fair,Semi-Furnished,2,0,0,30.47,0,0,91.0,2308000
4234,Mymensingh,Apartment,1756,3,3,25,15,1996,30,Good,Unfurnished,2,0,0,3.79,1,0,8.9,7829000
4235,Rajshahi,Apartment,1582,2,2,9,7,2008,18,Fair,Unfurnished,2,0,0,2.33,0,1,44.7,10814000
4236,Barishal,Apartment,996,2,2,15,4,1999,27,Needs Renovation,Unfurnished,0,0,0,6.5,0,0,41.7,3926000
4237,Rangpur,House,1604,3,3,3,0,2025,1,Needs Renovation,Fully Furnished,0,1,0,9.0,0,1,64.5,8828000
4238,Rajshahi,House,1141,2,2,2,1,2025,1,Good,Unfurnished,1,1,0,2.81,1,1,55.5,8769000
4239,Khulna,Apartment,1656,1,1,18,2,2002,24,Excellent,Fully Furnished,2,0,0,5.28,1,0,35.9,5839000
4240,Chattogram,House,2373,4,3,1,0,2022,4,Excellent,Unfurnished,0,0,0,7.93,0,0,49.3,22616000
4241,Rajshahi,House,835,1,1,1,1,2001,25,Fair,Semi-Furnished,0,0,0,2.85,0,1,55.8,1931000
4242,Mymensingh,Apartment,1652,4,3,8,0,1993,33,Good,Semi-Furnished,0,0,0,23.82,0,0,66.4,3444000
4243,Mymensingh,Apartment,2070,4,4,18,2,1993,33,Fair,Unfurnished,0,0,0,6.39,0,0,44.5,5711000
4244,Dhaka,Apartment,1614,3,3,18,3,1991,35,Good,Semi-Furnished,2,0,0,7.05,0,0,35.3,26871000
4245,Khulna,House,1368,2,2,3,1,1994,32,Good,Semi-Furnished,0,1,0,5.07,1,0,42.9,4923000
4246,Rajshahi,Apartment,2083,3,3,24,0,1985,41,Fair,Unfurnished,0,0,0,12.3,0,0,39.1,2998000
4247,Khulna,Apartment,1740,2,3,24,22,2001,25,Excellent,Fully Furnished,2,0,0,7.85,1,0,46.6,11916000
4248,Dhaka,Apartment,1592,2,2,20,0,1995,31,Good,Semi-Furnished,1,0,0,1.75,1,1,57.6,26284000
4249,Sylhet,House,2137,3,2,3,0,2017,9,Excellent,Semi-Furnished,1,0,0,17.4,1,0,68.8,17706000
4250,Barishal,House,2112,4,4,3,0,2018,8,Good,Semi-Furnished,0,0,0,20.44,1,0,71.1,5803000
4251,Rangpur,Apartment,1462,1,1,23,0,2008,18,Good,Semi-Furnished,0,0,0,2.66,1,0,43.1,2916000
4252,Sylhet,Apartment,1796,3,2,8,8,1988,38,Good,Semi-Furnished,0,0,0,1.67,1,0,15.6,12188000
4253,Barishal,Duplex,2327,2,2,3,0,1997,29,Good,Semi-Furnished,2,1,0,5.67,0,1,53.5,15654000
4254,Dhaka,Duplex,2519,3,4,3,1,2022,4,Good,Unfurnished,3,0,0,13.65,1,1,47.0,24959000
4255,Rangpur,Townhouse,1858,4,4,1,0,2008,18,Good,Unfurnished,0,0,0,4.56,1,1,37.8,7980000
4256,Mymensingh,Townhouse,2587,4,5,1,0,2004,22,New,Unfurnished,2,1,0,12.89,0,0,76.3,9087000
4257,Rangpur,House,1660,1,1,2,0,2015,11,Good,Unfurnished,0,0,0,7.16,0,1,31.1,3763000
4258,Sylhet,Condo,1684,2,3,11,10,2005,21,Good,Unfurnished,0,0,0,5.82,0,1,17.9,9555000
4259,Chattogram,Apartment,2007,3,3,20,3,2021,5,Fair,Unfurnished,1,0,0,6.32,1,1,13.2,7089000
4260,Rajshahi,House,2133,3,3,1,0,2013,13,New,Semi-Furnished,0,0,0,1.83,0,1,23.5,12983000
4261,Dhaka,Apartment,1921,3,2,23,9,2019,7,Fair,Semi-Furnished,0,0,0,25.81,0,0,65.2,14648000
4262,Rajshahi,House,1998,3,3,2,0,2017,9,Good,Unfurnished,1,0,0,36.49,0,1,97.5,6459000
4263,Chattogram,Apartment,756,2,2,19,15,2026,0,New,Fully Furnished,1,0,0,14.77,1,1,53.1,8626000
4264,Khulna,Condo,1294,1,1,21,17,1997,29,New,Unfurnished,1,0,0,2.82,0,1,59.1,5281000
4265,Barishal,Apartment,1332,3,2,12,2,1985,41,Excellent,Unfurnished,1,0,0,15.95,1,0,39.9,6495000
4266,Rajshahi,Apartment,1932,3,3,24,0,2023,3,New,Semi-Furnished,1,0,0,7.03,1,0,46.8,10455000
4267,Barishal,Apartment,797,2,2,12,8,1987,39,Good,Unfurnished,0,0,1,10.37,1,1,68.7,2017000
4268,Dhaka,Apartment,1432,2,2,14,11,2005,21,Excellent,Semi-Furnished,1,0,0,3.29,1,1,34.8,28777000
4269,Mymensingh,House,994,1,1,2,0,2018,8,Good,Semi-Furnished,1,0,0,3.83,1,1,79.4,1628000
4270,Sylhet,Apartment,2454,3,2,16,6,1996,30,Fair,Fully Furnished,2,0,0,5.03,1,1,26.0,21573000
4271,Rajshahi,Townhouse,1235,2,3,1,1,2021,5,Excellent,Fully Furnished,2,0,0,2.3,1,1,60.9,11899000
4272,Sylhet,Apartment,2181,3,3,14,12,2021,5,Good,Unfurnished,0,0,0,15.55,0,0,54.8,7627000
4273,Sylhet,Condo,1993,3,2,13,2,2003,23,Needs Renovation,Semi-Furnished,0,0,0,8.96,0,1,45.7,9388000
4274,Chattogram,Apartment,1347,2,2,21,14,2014,12,Good,Unfurnished,0,0,0,11.17,0,1,66.0,9770000
4275,Chattogram,Apartment,1618,2,1,23,7,2026,0,Good,Fully Furnished,2,0,0,7.93,1,0,30.8,28916000
4276,Chattogram,Apartment,1232,2,3,21,7,2025,1,Good,Fully Furnished,1,0,0,8.0,0,0,31.0,4798000
4277,Rajshahi,Apartment,914,1,1,10,1,2024,2,Good,Unfurnished,2,0,0,4.15,1,1,77.7,4604000
4278,Chattogram,Apartment,1689,3,2,7,5,1988,38,Needs Renovation,Unfurnished,1,0,0,0.68,1,1,41.7,17257000
4279,Barishal,House,1071,2,3,2,1,2007,19,Excellent,Semi-Furnished,1,0,0,7.31,0,1,17.1,8571000
4280,Khulna,Apartment,1050,1,1,24,10,1987,39,Good,Unfurnished,0,0,0,1.57,1,0,35.8,7316000
4281,Mymensingh,Apartment,696,1,1,11,4,1994,32,Fair,Unfurnished,0,0,0,1.48,0,0,61.4,3188000
4282,Rajshahi,Apartment,2227,3,3,8,8,2008,18,Good,Fully Furnished,0,0,0,18.09,0,0,52.8,6534000
4283,Khulna,House,1686,1,1,3,2,1987,39,Good,Semi-Furnished,0,1,0,7.38,1,1,38.8,13006000
4284,Sylhet,House,2294,4,4,3,2,1990,36,Good,Fully Furnished,0,1,0,14.78,1,1,88.6,23228000
4285,Rangpur,House,1338,2,1,2,0,2015,11,Good,Fully Furnished,2,1,0,10.05,1,0,56.7,7487000
4286,Sylhet,Townhouse,1483,2,2,2,0,2001,25,Good,Fully Furnished,0,0,0,5.36,1,0,43.7,16891000
4287,Sylhet,Duplex,2382,3,2,1,0,2017,9,Good,Unfurnished,1,1,0,8.1,1,1,44.3,32746000
4288,Dhaka,Apartment,2422,4,5,11,0,2014,12,Excellent,Unfurnished,1,0,0,5.81,1,1,59.2,27601000
4289,Khulna,Duplex,1981,3,3,3,2,2025,1,Good,Semi-Furnished,1,1,0,2.68,1,1,27.4,25220000
4290,Rangpur,Apartment,1445,3,4,8,6,2018,8,Fair,Semi-Furnished,1,0,0,18.22,0,0,52.3,3319000
4291,Mymensingh,House,1509,2,3,3,2,1990,36,Good,Unfurnished,1,1,0,5.97,0,1,18.8,10051000
4292,Dhaka,Apartment,1273,3,3,21,7,1985,41,Excellent,Unfurnished,2,0,0,9.06,1,0,36.7,15765000
4293,Mymensingh,Condo,1535,1,1,10,0,2023,3,Good,Semi-Furnished,1,0,0,5.04,1,1,29.1,3553000
4294,Sylhet,Apartment,1737,3,2,8,6,2015,11,Excellent,Fully Furnished,1,0,0,3.8,1,1,62.8,6201000
4295,Khulna,House,2380,4,4,2,0,2001,25,Good,Semi-Furnished,0,1,0,12.89,1,0,65.0,7986000
4296,Khulna,House,1502,3,4,2,0,1986,40,Good,Fully Furnished,0,1,0,6.56,1,0,11.9,6170000
4297,Chattogram,Apartment,1522,2,2,17,5,2007,19,Excellent,Unfurnished,2,0,0,7.77,0,1,47.0,17026000
4298,Mymensingh,Duplex,2192,2,2,2,0,1994,32,Fair,Semi-Furnished,1,1,0,4.39,0,1,55.8,5944000
4299,Khulna,House,2976,4,5,2,0,2018,8,Fair,Semi-Furnished,1,1,0,4.54,0,0,31.2,18052000
4300,Barishal,House,1987,3,3,3,1,1988,38,Good,Unfurnished,0,1,1,32.34,0,0,86.2,4222000
4301,Dhaka,Apartment,1907,4,4,15,7,1997,29,Good,Fully Furnished,1,0,0,9.92,0,1,48.4,23341000
4302,Rangpur,Condo,1052,2,2,15,1,2009,17,Needs Renovation,Fully Furnished,1,0,0,11.0,1,0,29.3,6008000
4303,Khulna,Apartment,1141,1,2,19,9,2003,23,Excellent,Unfurnished,1,0,0,4.46,1,0,51.7,7503000
4304,Sylhet,Apartment,1802,2,1,7,2,2005,21,New,Semi-Furnished,1,0,0,30.26,0,0,67.9,14491000
4305,Rangpur,Apartment,1180,2,2,23,4,2014,12,Good,Unfurnished,0,0,0,1.72,1,1,22.6,8140000
4306,Mymensingh,Apartment,1356,4,5,12,8,1989,37,Fair,Semi-Furnished,0,0,0,5.09,0,1,74.7,5554000
4307,Rajshahi,Apartment,1686,3,4,23,2,2012,14,Good,Fully Furnished,1,0,0,18.97,1,0,67.3,8227000
4308,Mymensingh,House,1627,2,2,1,0,2012,14,Fair,Semi-Furnished,0,1,0,11.06,0,0,30.9,7382000
4309,Rangpur,Duplex,1692,3,3,1,1,2016,10,Good,Fully Furnished,1,0,0,9.67,0,1,48.3,13547000
4310,Chattogram,Townhouse,2022,4,3,2,1,2014,12,Good,Unfurnished,0,0,0,1.97,1,0,39.8,17531000
4311,Barishal,Duplex,2798,3,4,2,1,2023,3,New,Semi-Furnished,1,1,0,3.96,0,1,34.0,10822000
4312,Mymensingh,House,3014,4,4,1,1,2010,16,Excellent,Unfurnished,0,0,0,15.18,1,0,66.4,9376000
4313,Sylhet,Condo,1524,3,4,21,3,2020,6,Fair,Semi-Furnished,2,0,0,4.7,0,1,50.3,8494000
4314,Dhaka,Apartment,1317,1,1,8,5,2011,15,Excellent,Unfurnished,0,0,0,9.01,1,0,45.2,21760000
4315,Chattogram,Townhouse,1563,3,3,1,0,1996,30,New,Semi-Furnished,1,0,0,6.47,0,0,48.9,21915000
4316,Mymensingh,House,1765,2,1,1,1,2000,26,Excellent,Unfurnished,0,1,0,3.07,0,1,58.4,4120000
4317,Khulna,Townhouse,2566,6,6,2,0,2013,13,Excellent,Fully Furnished,0,0,0,6.43,0,1,30.7,22386000
4318,Chattogram,Duplex,1541,2,1,2,0,2001,25,Needs Renovation,Semi-Furnished,1,1,0,7.64,1,0,30.7,10324000
4319,Barishal,House,1974,4,5,3,2,2022,4,Good,Unfurnished,1,1,0,3.26,0,1,28.4,5427000
4320,Rajshahi,Apartment,1489,3,3,12,11,2023,3,Good,Fully Furnished,1,0,0,21.64,1,1,51.9,8601000
4321,Barishal,House,2672,4,3,1,1,2016,10,Fair,Semi-Furnished,1,1,0,15.48,1,1,39.3,10670000
4322,Barishal,Condo,1491,4,4,23,20,1993,33,Excellent,Unfurnished,0,0,0,7.28,0,1,52.0,4855000
4323,Dhaka,Townhouse,1022,1,2,2,1,1986,40,Good,Semi-Furnished,0,0,0,10.5,0,1,44.5,15110000
4324,Barishal,Duplex,2158,3,2,1,1,2002,24,Excellent,Semi-Furnished,1,0,0,3.28,1,1,25.0,7238000
4325,Rangpur,Condo,1147,1,2,14,0,2009,17,Excellent,Unfurnished,0,0,0,4.69,1,1,36.7,3823000
4326,Mymensingh,Apartment,1007,2,3,20,12,2013,13,Good,Unfurnished,1,0,0,7.36,1,1,52.5,3144000
4327,Rajshahi,Apartment,1215,2,3,9,1,1998,28,Good,Unfurnished,1,0,0,7.67,0,0,50.8,4383000
4328,Barishal,House,2757,4,3,2,1,2023,3,Good,Fully Furnished,1,0,0,1.84,1,1,52.8,18577000
4329,Khulna,Apartment,2160,5,5,10,5,2017,9,New,Unfurnished,1,0,0,6.79,1,0,27.1,14521000
4330,Chattogram,Condo,1557,1,1,20,6,2005,21,New,Unfurnished,1,0,0,8.89,0,0,51.7,6310000
4331,Rajshahi,House,2203,5,5,1,1,2019,7,Excellent,Unfurnished,0,0,0,1.08,0,1,42.5,12693000
4332,Barishal,House,1707,2,3,3,2,1986,40,New,Fully Furnished,0,0,1,15.25,0,0,53.7,9518000
4333,Mymensingh,Duplex,2744,3,2,1,0,2002,24,Excellent,Unfurnished,1,1,0,2.56,1,1,23.2,15853000
4334,Dhaka,Apartment,1770,3,2,13,9,1988,38,Excellent,Unfurnished,2,0,0,3.9,1,0,20.3,23414000
4335,Chattogram,Apartment,1679,3,2,16,11,1998,28,Fair,Semi-Furnished,0,0,0,3.63,0,0,63.7,9076000
4336,Khulna,House,2210,3,2,1,1,1989,37,Good,Fully Furnished,0,1,0,1.42,1,0,54.7,8974000
4337,Rangpur,Townhouse,2246,2,3,1,1,1998,28,Fair,Fully Furnished,0,1,0,9.82,1,0,19.2,6380000
4338,Dhaka,Apartment,1448,1,1,24,24,2011,15,Needs Renovation,Fully Furnished,0,0,0,7.23,0,1,64.3,14365000
4339,Chattogram,Apartment,1453,2,2,24,7,1996,30,Good,Semi-Furnished,0,0,0,3.82,1,0,33.5,17211000
4340,Sylhet,Townhouse,2137,5,6,3,0,2020,6,Good,Unfurnished,1,0,0,6.02,1,0,67.4,5009000
4341,Rangpur,Apartment,2109,5,5,22,16,2025,1,Excellent,Semi-Furnished,0,0,0,4.49,1,1,42.8,6342000
4342,Chattogram,House,1149,1,2,2,1,1985,41,Excellent,Semi-Furnished,0,0,0,1.5,1,1,59.8,19103000
4343,Sylhet,House,1132,2,1,3,2,2019,7,Needs Renovation,Semi-Furnished,1,1,0,4.02,1,1,5.0,6631000
4344,Barishal,Condo,2161,4,4,21,17,2004,22,Good,Fully Furnished,0,0,0,17.41,1,0,61.7,10391000
4345,Barishal,Apartment,1030,1,1,13,9,2021,5,Needs Renovation,Semi-Furnished,1,0,0,23.37,0,0,64.6,1505000
4346,Khulna,Apartment,2246,4,5,17,4,2018,8,Fair,Semi-Furnished,2,0,0,4.17,0,0,38.3,14309000
4347,Chattogram,Apartment,1213,2,1,17,14,2006,20,Needs Renovation,Unfurnished,1,0,0,8.15,0,1,47.7,9697000
4348,Sylhet,Apartment,1531,3,2,14,2,2025,1,Excellent,Unfurnished,0,0,0,7.82,0,0,79.3,7982000
4349,Khulna,Apartment,1717,3,3,20,19,2024,2,Fair,Semi-Furnished,1,0,0,5.21,0,0,52.7,11036000
4350,Khulna,Condo,2285,3,2,25,11,1992,34,Excellent,Fully Furnished,0,0,0,8.9,0,0,71.4,5950000
4351,Rangpur,Apartment,2004,2,1,18,3,2002,24,Excellent,Fully Furnished,0,0,0,31.14,1,0,93.1,6964000
4352,Barishal,Apartment,2047,4,4,22,13,2026,0,New,Unfurnished,1,0,0,13.64,0,0,59.1,7649000
4353,Chattogram,Apartment,1210,3,4,15,15,2000,26,Excellent,Semi-Furnished,0,0,0,4.95,1,0,47.7,16401000
4354,Rajshahi,Apartment,871,1,1,8,1,2021,5,Good,Unfurnished,0,0,0,21.96,0,0,75.5,3417000
4355,Rajshahi,Condo,2279,5,6,9,3,1989,37,Excellent,Fully Furnished,1,0,0,13.13,0,0,72.7,17531000
4356,Mymensingh,House,2115,5,4,2,1,1987,39,Excellent,Unfurnished,0,0,0,11.68,0,0,25.6,11768000
4357,Chattogram,House,1965,2,2,1,1,2015,11,Fair,Semi-Furnished,0,0,0,3.76,1,0,31.1,18315000
4358,Rajshahi,Townhouse,649,1,2,1,0,1986,40,Good,Fully Furnished,1,0,0,12.22,0,1,28.3,4615000
4359,Rajshahi,Townhouse,1124,3,2,1,1,1991,35,Fair,Unfurnished,0,1,0,0.75,0,1,36.5,4288000
4360,Sylhet,Apartment,1680,3,3,7,1,2014,12,Excellent,Semi-Furnished,0,0,0,2.36,0,0,40.7,20959000
4361,Rajshahi,Apartment,1208,2,1,18,8,2020,6,Good,Semi-Furnished,1,0,0,11.34,0,1,70.2,4983000
4362,Sylhet,Apartment,819,2,3,6,2,2009,17,Excellent,Unfurnished,0,0,0,4.99,0,1,49.9,8536000
4363,Mymensingh,Apartment,1350,2,1,23,18,2020,6,Fair,Semi-Furnished,2,0,0,6.47,1,0,47.4,6987000
4364,Barishal,Apartment,2050,5,6,6,5,1993,33,New,Unfurnished,0,0,0,5.32,0,1,33.7,14182000
4365,Rangpur,Apartment,1153,2,2,22,6,1986,40,Good,Unfurnished,0,0,0,8.65,0,1,32.8,4046000
4366,Khulna,Duplex,1462,1,2,1,0,2013,13,New,Semi-Furnished,0,0,0,6.4,1,1,41.0,17053000
4367,Rajshahi,Apartment,1570,3,4,12,8,2012,14,Good,Unfurnished,0,0,0,2.3,1,1,39.0,7850000
4368,Khulna,Duplex,3078,3,2,1,1,2011,15,Good,Fully Furnished,2,0,0,5.76,1,0,12.0,34725000
4369,Rajshahi,House,2916,3,3,1,1,2023,3,Good,Fully Furnished,0,0,0,1.04,1,1,34.2,23218000
4370,Dhaka,Apartment,1667,2,2,14,3,2018,8,Good,Unfurnished,2,0,0,11.75,0,0,30.5,23062000
4371,Rajshahi,Apartment,1867,2,3,17,1,2003,23,Fair,Fully Furnished,0,0,0,2.4,1,1,7.4,10629000
4372,Rangpur,Apartment,1825,3,4,9,7,2013,13,Good,Unfurnished,1,0,0,19.67,0,0,60.7,1912000
4373,Rangpur,House,1107,1,1,1,0,2001,25,Fair,Fully Furnished,0,1,0,7.15,1,1,24.0,4276000
4374,Rangpur,House,2072,4,3,3,0,2019,7,New,Semi-Furnished,1,1,0,17.11,0,0,45.7,8635000
4375,Dhaka,Apartment,1610,3,4,9,4,1992,34,Good,Semi-Furnished,0,0,0,5.78,1,1,46.8,19548000
4376,Mymensingh,Townhouse,698,1,2,1,1,1988,38,New,Semi-Furnished,2,1,0,4.0,1,0,17.8,8165000
4377,Barishal,Condo,1613,2,3,14,11,1989,37,Excellent,Fully Furnished,1,0,0,8.03,0,0,48.3,11222000
4378,Barishal,House,1426,1,1,3,2,1989,37,Good,Semi-Furnished,1,1,0,11.97,0,0,56.3,8719000
4379,Khulna,Apartment,1847,3,4,22,8,1990,36,Excellent,Semi-Furnished,0,0,0,12.9,1,0,70.5,5528000
4380,Khulna,Apartment,1872,2,3,11,1,2025,1,Good,Semi-Furnished,1,0,0,15.02,1,0,65.9,7200000
4381,Chattogram,Apartment,1224,2,2,16,9,2013,13,Good,Semi-Furnished,0,0,0,3.09,1,1,35.0,10380000
4382,Rajshahi,Apartment,1765,3,2,9,8,2018,8,Fair,Fully Furnished,0,0,0,18.61,1,0,67.2,6508000
4383,Rangpur,Apartment,1496,2,3,10,8,2012,14,Good,Semi-Furnished,1,0,0,10.66,0,0,53.5,6213000
4384,Mymensingh,Apartment,1053,3,2,19,3,2020,6,Good,Semi-Furnished,0,0,0,4.55,1,1,41.1,2292000
4385,Barishal,Apartment,2172,2,2,18,10,1994,32,Good,Semi-Furnished,0,0,0,1.36,1,1,62.4,7302000
4386,Dhaka,House,1166,2,2,2,0,2005,21,Fair,Fully Furnished,2,0,0,5.71,0,0,40.7,12815000
4387,Chattogram,Apartment,2116,4,4,17,16,1988,38,Good,Unfurnished,1,0,0,12.33,0,1,38.8,7162000
4388,Sylhet,Duplex,1725,1,2,2,0,1985,41,Fair,Unfurnished,1,1,0,19.78,0,0,70.8,3547000
4389,Khulna,House,1743,4,3,2,0,2016,10,Good,Fully Furnished,0,1,0,32.04,0,0,67.2,9560000
4390,Mymensingh,Condo,1186,1,1,12,2,1999,27,Fair,Semi-Furnished,0,0,0,0.33,1,0,28.3,7294000
4391,Khulna,House,2167,2,2,1,0,2023,3,Good,Semi-Furnished,1,0,0,2.71,1,1,64.2,8869000
4392,Mymensingh,Condo,1858,3,4,23,18,2021,5,Excellent,Semi-Furnished,1,0,0,4.96,1,1,59.3,6710000
4393,Chattogram,Duplex,2415,2,3,3,2,2023,3,Excellent,Fully Furnished,0,0,0,5.2,1,1,22.4,36134000
4394,Sylhet,Apartment,2115,3,2,13,9,1987,39,Good,Semi-Furnished,1,0,0,17.66,0,0,59.0,14636000
4395,Chattogram,Apartment,2196,2,3,23,15,2025,1,Fair,Unfurnished,0,0,0,4.65,1,1,40.3,8450000
4396,Dhaka,Apartment,1830,2,2,10,4,2011,15,Excellent,Unfurnished,1,0,0,1.01,0,0,45.4,17274000
4397,Barishal,Apartment,2112,3,3,19,5,2005,21,Fair,Semi-Furnished,1,0,0,3.03,1,0,21.2,12153000
4398,Barishal,Apartment,962,2,3,18,15,2010,16,New,Unfurnished,1,0,0,41.57,0,0,86.2,3391000
4399,Rajshahi,Apartment,1736,3,4,11,1,2016,10,Fair,Semi-Furnished,0,0,0,4.47,1,0,46.1,9675000
4400,Rangpur,Townhouse,2449,6,6,2,1,1996,30,Good,Semi-Furnished,1,1,0,3.06,1,0,25.9,19606000
4401,Dhaka,House,2202,3,3,3,1,1993,33,Good,Semi-Furnished,0,1,0,12.16,1,0,45.0,10731000
4402,Sylhet,Townhouse,2018,3,2,1,1,2015,11,Excellent,Unfurnished,0,1,0,14.54,1,1,37.7,11052000
4403,Sylhet,Apartment,1214,2,2,20,10,2019,7,Excellent,Unfurnished,1,0,0,12.53,1,0,60.2,8604000
4404,Sylhet,Apartment,1637,2,2,17,4,1998,28,New,Unfurnished,0,0,0,2.04,1,1,16.1,7125000
4405,Rangpur,Apartment,1866,3,3,18,17,2019,7,Good,Unfurnished,1,0,0,7.26,0,1,40.3,3884000
4406,Chattogram,Condo,1589,3,3,12,12,2001,25,Good,Semi-Furnished,1,0,1,2.07,1,0,39.5,8640000
4407,Rangpur,Duplex,2035,3,3,2,0,1991,35,Fair,Semi-Furnished,1,0,0,7.96,0,0,54.4,6676000
4408,Mymensingh,Apartment,915,1,1,17,7,1996,30,New,Unfurnished,0,0,0,9.6,0,0,26.9,1988000
4409,Rangpur,Apartment,2291,4,3,19,18,2004,22,New,Semi-Furnished,0,0,0,10.05,0,0,66.5,4440000
4410,Chattogram,Townhouse,1355,2,1,3,2,1992,34,Good,Fully Furnished,0,0,0,4.95,1,0,54.8,10722000
4411,Chattogram,House,1435,2,2,2,1,2020,6,Good,Fully Furnished,2,0,0,1.87,1,1,10.3,27128000
4412,Dhaka,Condo,2536,4,4,17,4,2016,10,Excellent,Semi-Furnished,0,0,0,2.37,1,1,17.2,40623000
4413,Rangpur,Apartment,998,1,1,20,12,1998,28,Fair,Unfurnished,0,0,0,1.97,0,1,30.4,5132000
4414,Dhaka,Apartment,1408,4,4,25,25,2022,4,Good,Unfurnished,0,0,0,8.71,0,0,43.3,24411000
4415,Khulna,Condo,1960,3,2,24,11,2017,9,Good,Unfurnished,1,0,0,5.51,1,0,40.7,5469000
4416,Chattogram,Apartment,1702,2,1,17,17,2017,9,Excellent,Unfurnished,1,0,0,0.64,0,0,50.7,25686000
4417,Sylhet,House,540,1,1,3,1,1987,39,Good,Unfurnished,1,1,0,27.23,0,0,63.1,3173000
4418,Mymensingh,Townhouse,1324,3,3,2,1,2010,16,Good,Unfurnished,0,1,0,7.91,0,1,41.3,6192000
4419,Dhaka,Apartment,1420,3,2,19,17,2007,19,Good,Semi-Furnished,1,0,0,7.61,1,0,51.6,24832000
4420,Khulna,Apartment,1182,1,1,7,6,2017,9,Good,Semi-Furnished,0,0,0,2.88,0,1,40.0,6504000
4421,Dhaka,Apartment,1234,1,1,19,19,2003,23,Good,Semi-Furnished,0,0,0,2.95,1,1,59.3,7105000
4422,Barishal,Duplex,2137,3,3,1,0,1991,35,Excellent,Fully Furnished,1,1,0,15.44,1,0,64.2,10197000
4423,Khulna,House,1830,2,2,2,0,2014,12,Good,Semi-Furnished,0,1,0,20.75,0,0,64.9,3114000
4424,Rajshahi,Apartment,565,1,1,16,6,2012,14,Fair,Fully Furnished,0,0,0,7.2,0,0,46.7,877000
4425,Barishal,Apartment,1204,3,2,17,17,2026,0,Good,Semi-Furnished,1,0,0,3.3,1,0,47.4,5897000
4426,Khulna,Apartment,1231,2,3,6,3,2002,24,New,Fully Furnished,0,0,0,4.39,0,0,40.8,13527000
4427,Chattogram,House,1405,1,1,3,0,1990,36,Good,Unfurnished,0,0,0,6.63,1,1,41.4,14796000
4428,Rajshahi,Duplex,1906,2,3,2,1,1987,39,Excellent,Fully Furnished,2,0,0,2.05,1,1,28.9,27299000
4429,Mymensingh,Condo,598,1,1,11,2,1987,39,Excellent,Unfurnished,0,0,1,10.24,0,1,65.1,4741000
4430,Rajshahi,Apartment,2581,6,5,22,15,2021,5,Good,Semi-Furnished,0,0,0,6.6,0,1,29.1,18124000
4431,Chattogram,Apartment,700,1,2,23,22,1985,41,New,Semi-Furnished,0,0,0,25.16,0,0,61.6,6724000
4432,Sylhet,Apartment,2527,5,6,25,10,2018,8,Good,Unfurnished,1,0,0,1.34,0,1,47.0,8195000
4433,Barishal,Townhouse,1577,3,4,2,1,2011,15,Excellent,Semi-Furnished,1,1,0,10.65,0,0,52.4,10110000
4434,Mymensingh,Condo,2065,3,3,25,15,1991,35,Excellent,Unfurnished,0,0,0,6.35,1,0,41.1,10316000
4435,Barishal,Apartment,1560,3,2,18,18,1996,30,New,Semi-Furnished,0,0,0,1.58,1,0,55.6,6145000
4436,Dhaka,Apartment,1077,2,2,15,8,2008,18,Fair,Unfurnished,1,0,0,0.38,1,0,19.4,14282000
4437,Khulna,Condo,1866,3,3,12,11,1987,39,New,Fully Furnished,1,0,0,4.35,0,1,84.9,15759000
4438,Khulna,Apartment,1526,2,2,24,16,2002,24,New,Unfurnished,2,0,1,3.61,1,0,31.4,16668000
4439,Mymensingh,Townhouse,1130,2,2,2,0,2025,1,Good,Semi-Furnished,2,1,0,8.13,1,0,39.6,9124000
4440,Chattogram,Apartment,1721,3,2,14,10,1986,40,Good,Fully Furnished,0,0,0,7.69,0,0,30.5,14942000
4441,Chattogram,Apartment,1666,1,1,14,0,1997,29,Fair,Unfurnished,0,0,0,14.1,0,1,82.0,10674000
4442,Mymensingh,Condo,2379,5,6,8,2,1989,37,New,Semi-Furnished,0,0,0,5.4,1,0,14.3,24971000
4443,Chattogram,Apartment,1290,2,2,15,11,2015,11,Fair,Unfurnished,1,0,0,11.05,0,0,53.6,7173000
4444,Mymensingh,Apartment,1708,3,3,8,7,1994,32,Good,Semi-Furnished,0,0,0,4.23,1,1,50.1,9252000
4445,Mymensingh,Apartment,2289,4,3,9,3,1996,30,Good,Unfurnished,1,0,0,14.72,1,0,89.9,8935000
4446,Khulna,Apartment,1139,3,3,25,19,1996,30,New,Semi-Furnished,1,0,0,3.06,1,1,35.4,7781000
4447,Chattogram,Duplex,2848,3,3,3,2,2005,21,Good,Semi-Furnished,1,1,0,11.15,0,1,44.8,19719000
4448,Khulna,Condo,2244,5,6,18,2,1989,37,Excellent,Semi-Furnished,2,0,0,6.33,0,0,25.2,14138000
4449,Mymensingh,Condo,489,1,1,7,1,1992,34,New,Unfurnished,0,0,0,3.98,1,0,43.7,1080000
4450,Dhaka,Apartment,1770,3,4,21,18,2020,6,Fair,Semi-Furnished,0,0,0,5.7,1,1,43.0,29258000
4451,Dhaka,House,1663,3,3,3,1,2025,1,New,Unfurnished,1,1,0,12.28,0,0,65.7,26954000
4452,Chattogram,Condo,1222,3,2,23,7,1995,31,Excellent,Unfurnished,1,0,0,1.79,1,0,45.8,9937000
4453,Rangpur,Apartment,1506,2,2,6,6,1987,39,Good,Unfurnished,0,0,0,2.12,0,1,40.8,3396000
4454,Khulna,Apartment,1504,3,3,22,0,2023,3,Good,Unfurnished,0,0,0,3.86,1,0,47.9,7708000
4455,Chattogram,Apartment,1966,3,4,23,19,2019,7,Fair,Fully Furnished,0,0,0,24.16,0,1,70.9,16453000
4456,Khulna,Duplex,2592,4,5,2,0,2026,0,Good,Semi-Furnished,3,1,1,2.34,1,0,16.8,19608000
4457,Khulna,Apartment,2287,5,4,12,1,1999,27,Excellent,Semi-Furnished,2,0,0,6.61,0,0,51.4,18898000
4458,Sylhet,Apartment,1687,2,2,25,12,1997,29,Good,Semi-Furnished,0,0,0,1.72,0,1,32.0,17888000
4459,Rajshahi,Townhouse,1839,2,2,2,1,2014,12,Good,Unfurnished,0,0,0,14.19,0,0,32.4,5168000
4460,Rangpur,Apartment,1697,3,2,25,25,2017,9,Good,Semi-Furnished,0,0,0,3.93,0,1,36.4,8532000
4461,Rangpur,House,1620,1,1,3,2,1988,38,Good,Semi-Furnished,0,1,0,10.56,1,0,34.1,3459000
4462,Dhaka,Duplex,2610,2,1,2,0,2009,17,Good,Fully Furnished,0,0,0,7.13,0,0,36.0,24000000
4463,Chattogram,Apartment,994,3,3,19,1,2005,21,Good,Unfurnished,1,0,0,1.36,1,1,40.7,6852000
4464,Dhaka,Apartment,1614,2,3,13,8,2005,21,Good,Semi-Furnished,0,0,0,4.53,1,0,49.2,23893000
4465,Dhaka,Apartment,1072,2,3,23,4,1991,35,Fair,Fully Furnished,0,0,0,9.48,1,0,53.6,5652000
4466,Barishal,Apartment,1608,3,4,11,5,2019,7,Good,Semi-Furnished,1,0,0,11.79,1,1,73.3,6161000
4467,Dhaka,Apartment,1394,2,2,24,9,1998,28,New,Unfurnished,1,0,0,16.78,0,1,68.5,11783000
4468,Mymensingh,Apartment,740,1,1,9,5,2015,11,Excellent,Unfurnished,0,0,0,4.53,1,1,22.8,3806000
4469,Sylhet,Duplex,2945,3,4,1,0,2013,13,Fair,Fully Furnished,1,0,0,5.68,0,0,61.6,26430000
4470,Mymensingh,Apartment,817,1,2,24,4,2016,10,Fair,Semi-Furnished,0,0,0,5.2,1,0,49.2,5045000
4471,Rajshahi,Apartment,719,2,1,9,7,2014,12,New,Unfurnished,2,0,0,3.06,0,0,48.3,5369000
4472,Sylhet,Apartment,1188,2,2,21,10,1995,31,Excellent,Fully Furnished,0,0,0,4.23,1,1,52.5,7279000
4473,Chattogram,Apartment,770,1,1,9,4,2007,19,Fair,Semi-Furnished,0,0,0,2.69,0,1,35.3,6268000
4474,Dhaka,Apartment,1596,3,3,12,7,2014,12,New,Unfurnished,1,0,0,0.71,1,1,79.1,22146000
4475,Chattogram,Condo,2537,4,4,7,7,2015,11,New,Fully Furnished,0,0,0,7.55,1,0,48.9,25121000
4476,Khulna,Condo,1197,2,1,10,8,2019,7,Good,Unfurnished,1,0,0,8.04,1,0,69.2,4596000
4477,Rangpur,House,1518,2,2,2,0,2019,7,Good,Unfurnished,1,0,0,7.9,1,0,42.9,7517000
4478,Barishal,Condo,840,1,1,12,5,2004,22,Good,Semi-Furnished,0,0,0,5.0,1,1,49.0,6420000
4479,Rangpur,Apartment,1787,3,3,18,18,2018,8,Excellent,Semi-Furnished,0,0,0,7.45,1,1,51.4,11317000
4480,Rangpur,Condo,1693,3,3,20,14,2006,20,Needs Renovation,Fully Furnished,1,0,0,34.97,1,0,73.4,3475000
4481,Rangpur,Duplex,1158,1,1,2,1,2001,25,Good,Fully Furnished,0,1,0,23.76,0,0,64.3,2041000
4482,Chattogram,House,2366,2,2,1,0,2023,3,Good,Semi-Furnished,1,0,0,6.94,0,1,42.1,9501000
4483,Barishal,House,3129,4,4,1,0,1988,38,Fair,Unfurnished,0,1,0,2.45,1,0,5.0,5970000
4484,Dhaka,Apartment,1807,3,3,25,22,2024,2,Good,Unfurnished,0,0,0,4.93,0,1,31.9,28376000
4485,Dhaka,Apartment,2143,3,3,8,8,2010,16,Fair,Unfurnished,0,0,0,5.3,1,1,29.6,8827000
4486,Mymensingh,Apartment,2740,4,5,24,0,1991,35,New,Semi-Furnished,2,0,0,5.52,1,0,68.0,15554000
4487,Khulna,Apartment,3133,5,5,16,6,1996,30,Excellent,Semi-Furnished,0,0,0,13.63,0,1,45.6,7316000
4488,Dhaka,Duplex,2135,3,2,1,1,1988,38,Fair,Fully Furnished,0,1,0,4.49,0,0,42.1,45039000
4489,Sylhet,Duplex,1132,1,1,3,0,2010,16,Fair,Semi-Furnished,1,1,0,7.29,0,0,33.0,3749000
4490,Chattogram,House,1524,2,1,3,0,1992,34,Needs Renovation,Semi-Furnished,1,0,1,5.69,1,0,55.9,21352000
4491,Sylhet,Apartment,1874,4,4,23,18,1992,34,Excellent,Semi-Furnished,0,0,0,20.07,1,1,80.2,6492000
4492,Sylhet,Apartment,1840,4,4,10,5,1995,31,Fair,Semi-Furnished,1,0,0,9.87,0,1,72.5,5797000
4493,Rajshahi,Apartment,1044,2,2,21,17,1987,39,Good,Unfurnished,1,0,0,11.78,1,0,58.6,4419000
4494,Rajshahi,Apartment,1317,2,1,19,19,2022,4,Good,Semi-Furnished,0,0,0,23.1,0,0,59.0,3985000
4495,Rangpur,Apartment,2526,5,6,24,13,2001,25,Good,Unfurnished,1,0,0,1.5,0,1,23.5,15096000
4496,Chattogram,Apartment,1660,3,2,17,3,2013,13,Good,Unfurnished,2,0,0,7.8,1,0,39.2,19897000
4497,Mymensingh,Apartment,2112,3,2,8,6,2000,26,Fair,Unfurnished,1,0,0,5.63,0,1,34.2,8209000
4498,Chattogram,House,1686,3,4,3,0,2000,26,Excellent,Semi-Furnished,1,1,0,5.86,0,1,48.3,31608000
4499,Barishal,Apartment,2514,5,4,21,3,2003,23,Fair,Semi-Furnished,1,0,0,5.03,1,1,55.6,4414000
4500,Mymensingh,House,2996,5,5,1,0,2008,18,Fair,Semi-Furnished,0,0,0,5.09,0,1,54.3,11340000
4501,Rangpur,Apartment,1084,3,3,18,6,1991,35,Excellent,Unfurnished,1,0,0,10.57,0,1,44.8,6339000
4502,Rajshahi,Apartment,1527,3,2,25,15,2005,21,Excellent,Semi-Furnished,1,0,0,9.7,1,0,51.0,5152000
4503,Dhaka,House,2307,4,4,1,0,2023,3,Fair,Unfurnished,1,1,0,2.98,1,1,51.1,14775000
4504,Barishal,Apartment,1722,2,2,21,15,1997,29,Excellent,Unfurnished,0,0,0,3.68,1,1,12.0,12159000
4505,Khulna,Condo,1826,2,1,20,14,2000,26,Good,Semi-Furnished,1,0,0,11.6,1,0,52.0,7796000
4506,Barishal,Apartment,1603,2,1,22,13,1987,39,Fair,Semi-Furnished,1,0,0,4.93,0,0,41.2,5676000
4507,Khulna,Townhouse,778,1,1,2,1,1990,36,Good,Semi-Furnished,2,1,0,1.73,1,1,22.3,3903000
4508,Khulna,Condo,1238,2,1,25,6,2018,8,Fair,Semi-Furnished,0,0,0,19.62,0,0,52.6,4396000
4509,Dhaka,Townhouse,835,1,1,1,0,1991,35,Excellent,Fully Furnished,3,0,0,4.8,0,1,71.1,9592000
4510,Dhaka,Condo,1725,4,3,9,2,2005,21,Good,Fully Furnished,0,0,0,7.38,1,1,66.1,29786000
4511,Khulna,Apartment,723,1,1,12,9,2006,20,Good,Fully Furnished,0,0,0,5.99,0,1,56.2,2427000
4512,Rangpur,Apartment,1631,3,3,15,3,1985,41,New,Semi-Furnished,0,0,0,5.16,0,1,40.4,10198000
4513,Rangpur,Condo,2422,4,3,8,1,2013,13,Excellent,Unfurnished,1,0,0,12.91,1,0,35.8,4348000
4514,Dhaka,Apartment,1730,3,3,24,15,1999,27,Good,Semi-Furnished,1,0,0,1.6,1,0,48.1,32772000
4515,Sylhet,Apartment,2069,4,3,9,7,2025,1,Fair,Semi-Furnished,1,0,0,18.55,0,1,39.9,8258000
4516,Rajshahi,Apartment,1596,2,1,11,0,1987,39,Excellent,Semi-Furnished,0,0,0,10.12,0,1,41.7,12659000
4517,Rangpur,House,1800,3,3,1,0,2013,13,Good,Fully Furnished,2,1,0,1.84,1,1,49.0,6827000
4518,Khulna,Duplex,1939,1,2,3,0,2006,20,Excellent,Unfurnished,2,0,1,8.1,1,0,24.5,25730000
4519,Rajshahi,Apartment,1227,2,2,20,17,2001,25,Good,Fully Furnished,1,0,0,2.68,1,1,38.9,10825000
4520,Rangpur,Apartment,1978,3,4,23,8,1994,32,Good,Fully Furnished,0,0,0,6.49,0,1,40.4,14299000
4521,Sylhet,Apartment,1879,3,2,15,5,1986,40,Good,Unfurnished,0,0,0,2.36,1,1,32.0,15449000
4522,Barishal,Apartment,829,2,2,25,7,1994,32,Good,Unfurnished,0,0,0,5.98,0,1,50.9,3879000
4523,Chattogram,Apartment,1263,2,1,19,0,1990,36,Good,Unfurnished,2,0,0,4.29,1,1,29.7,12337000
4524,Mymensingh,House,1341,2,3,2,1,2025,1,Excellent,Fully Furnished,1,0,0,7.99,1,1,25.3,6035000
4525,Chattogram,Apartment,1510,3,4,11,6,2017,9,Fair,Unfurnished,1,0,0,17.36,0,0,48.0,6334000
4526,Dhaka,Apartment,1211,2,1,6,0,2004,22,Good,Unfurnished,0,0,0,17.44,0,0,45.0,3563000
4527,Chattogram,Apartment,1271,1,1,14,14,1994,32,New,Unfurnished,1,0,0,7.32,0,1,49.3,19685000
4528,Sylhet,Apartment,1028,1,1,16,4,1994,32,Excellent,Unfurnished,0,0,0,24.13,0,0,48.1,4306000
4529,Barishal,Duplex,1819,4,4,1,0,2002,24,Excellent,Fully Furnished,0,1,0,4.05,1,0,67.0,19060000
4530,Chattogram,Apartment,1423,2,2,22,3,2013,13,New,Fully Furnished,1,0,0,1.72,1,1,47.0,26000000
4531,Khulna,House,1162,1,2,1,0,2018,8,Good,Fully Furnished,0,1,1,3.88,1,1,52.5,10932000
4532,Dhaka,Condo,1786,2,3,16,11,2022,4,Excellent,Unfurnished,1,0,0,2.06,1,0,57.6,35487000
4533,Barishal,House,655,2,2,2,1,2007,19,Fair,Unfurnished,0,1,0,12.9,0,0,96.8,1037000
4534,Chattogram,House,1744,1,1,3,2,2017,9,Good,Semi-Furnished,0,0,0,6.25,0,0,14.0,31478000
4535,Rajshahi,Apartment,3189,5,6,18,8,2025,1,Good,Semi-Furnished,1,0,0,1.37,0,0,40.2,15710000
4536,Barishal,Duplex,2353,2,1,3,2,2023,3,New,Semi-Furnished,0,1,0,3.87,0,1,27.5,11381000
4537,Khulna,Apartment,2065,4,3,23,16,2006,20,Good,Semi-Furnished,1,0,0,3.63,1,0,74.5,16940000
4538,Khulna,Apartment,1672,2,3,12,11,2010,16,Excellent,Fully Furnished,0,0,0,8.94,0,0,53.1,10910000
4539,Dhaka,Condo,1293,1,1,17,16,2016,10,Excellent,Unfurnished,1,0,0,1.61,0,1,37.9,28066000
4540,Rajshahi,Apartment,1162,2,1,24,11,2001,25,New,Fully Furnished,0,0,0,2.12,1,0,47.0,4463000
4541,Khulna,House,2082,2,1,1,1,2008,18,New,Unfurnished,0,1,1,6.77,0,1,22.5,13881000
4542,Rangpur,Townhouse,1455,3,4,2,1,1997,29,New,Semi-Furnished,0,1,0,6.81,1,1,43.2,9318000
4543,Rajshahi,Apartment,1235,1,1,16,10,2018,8,Excellent,Semi-Furnished,1,0,0,4.3,0,0,27.0,6389000
4544,Chattogram,House,2187,3,3,1,1,1987,39,Needs Renovation,Semi-Furnished,0,0,0,7.66,0,1,42.3,17723000
4545,Chattogram,Apartment,1792,3,4,11,8,2022,4,Good,Fully Furnished,0,0,0,2.93,1,1,30.1,8138000
4546,Sylhet,Apartment,982,2,1,12,2,2001,25,Fair,Fully Furnished,1,0,0,15.07,0,0,51.0,4311000
4547,Rajshahi,Apartment,1092,2,1,6,2,2008,18,Good,Fully Furnished,0,0,0,1.95,0,0,33.5,2749000
4548,Sylhet,Duplex,2378,3,2,3,2,2002,24,Excellent,Unfurnished,0,1,0,15.86,1,0,74.2,7475000
4549,Barishal,House,1993,2,2,2,1,1994,32,Good,Semi-Furnished,1,0,0,9.48,1,1,49.6,9347000
4550,Rajshahi,Apartment,2373,3,4,16,7,1989,37,Needs Renovation,Semi-Furnished,1,0,0,0.68,1,1,12.2,11186000
4551,Rangpur,Townhouse,1233,2,1,1,0,1987,39,Good,Unfurnished,1,0,0,8.82,0,0,34.0,5957000
4552,Mymensingh,Apartment,1791,3,2,20,5,2000,26,Fair,Fully Furnished,0,0,0,3.26,1,1,21.2,9106000
4553,Khulna,Apartment,1166,2,2,8,7,2012,14,Fair,Unfurnished,0,0,0,2.4,1,1,42.2,5414000
4554,Rajshahi,Duplex,1899,3,3,2,0,2012,14,Excellent,Unfurnished,1,1,0,4.34,1,1,53.6,17351000
4555,Barishal,Apartment,888,2,1,17,9,2003,23,Good,Semi-Furnished,0,0,0,7.45,0,1,32.9,6105000
4556,Sylhet,Apartment,2747,5,5,21,0,1992,34,Fair,Semi-Furnished,1,0,0,9.17,1,0,37.3,20588000
4557,Khulna,Townhouse,1064,1,1,3,1,1998,28,New,Unfurnished,1,1,0,4.24,1,0,43.8,8675000
4558,Barishal,Apartment,1347,1,1,21,19,2009,17,New,Unfurnished,1,0,0,12.67,1,1,40.9,2688000
4559,Khulna,Apartment,2343,4,4,21,6,2010,16,New,Fully Furnished,0,0,0,7.48,1,0,42.1,15487000
4560,Barishal,Apartment,1527,3,2,21,11,2024,2,Good,Unfurnished,1,0,0,25.97,0,0,60.4,5705000
4561,Dhaka,Apartment,1103,2,1,7,1,2002,24,Fair,Semi-Furnished,1,0,0,4.04,0,0,57.1,6579000
4562,Khulna,Apartment,1122,1,1,17,14,2003,23,Needs Renovation,Fully Furnished,0,0,0,4.94,1,1,59.3,2443000
4563,Rajshahi,Duplex,2440,4,5,2,0,2004,22,Good,Unfurnished,0,1,0,4.38,1,0,43.0,19122000
4564,Mymensingh,Duplex,2227,4,3,2,1,2021,5,New,Semi-Furnished,1,1,0,11.03,0,0,36.5,21238000
4565,Mymensingh,House,2791,5,5,2,1,1987,39,Good,Semi-Furnished,2,0,0,7.97,1,1,47.1,21316000
4566,Chattogram,Townhouse,2127,4,4,3,2,2008,18,Good,Fully Furnished,1,1,0,7.21,1,0,55.4,24494000
4567,Khulna,Apartment,1272,3,4,20,19,2021,5,Fair,Unfurnished,0,0,0,11.07,0,1,21.5,3647000
4568,Rajshahi,Apartment,909,1,1,16,1,2019,7,Fair,Fully Furnished,2,0,0,4.58,0,0,12.3,2743000
4569,Khulna,Apartment,905,1,2,10,9,2017,9,Fair,Semi-Furnished,1,0,0,15.92,0,0,69.8,3042000
4570,Rajshahi,House,1849,2,2,3,1,2018,8,Excellent,Unfurnished,1,0,0,29.02,0,0,80.3,5122000
4571,Dhaka,Apartment,2134,3,4,14,9,1987,39,New,Fully Furnished,2,0,1,2.62,0,0,33.2,15361000
4572,Mymensingh,House,1473,2,3,1,0,1999,27,Good,Unfurnished,0,1,0,8.7,0,0,29.3,8984000
4573,Sylhet,Apartment,466,1,1,13,7,2013,13,Excellent,Unfurnished,1,0,0,2.09,1,1,48.4,3062000
4574,Mymensingh,Apartment,1407,2,2,25,11,1986,40,Excellent,Fully Furnished,0,0,0,4.57,0,0,39.4,9166000
4575,Khulna,Apartment,1872,4,5,20,20,1996,30,Needs Renovation,Semi-Furnished,0,0,0,3.99,1,1,55.3,5359000
4576,Dhaka,Apartment,1409,2,3,10,6,2026,0,Good,Fully Furnished,1,0,0,10.06,1,0,38.6,12541000
4577,Chattogram,Duplex,1873,2,2,2,1,2025,1,Fair,Semi-Furnished,0,0,0,4.13,0,0,36.8,22241000
4578,Khulna,Apartment,1838,3,3,9,5,1996,30,Excellent,Semi-Furnished,1,0,0,4.69,1,0,41.7,18239000
4579,Chattogram,House,1666,1,2,2,0,2011,15,Fair,Semi-Furnished,0,1,0,10.0,0,1,75.7,7536000
4580,Khulna,Apartment,1842,3,3,17,10,2002,24,New,Semi-Furnished,3,0,0,6.64,0,1,50.8,7999000
4581,Dhaka,House,1813,2,1,2,0,1990,36,Excellent,Semi-Furnished,0,0,0,4.0,0,1,48.2,38734000
4582,Dhaka,Condo,1926,3,4,17,6,1985,41,Good,Semi-Furnished,1,0,0,15.58,1,0,47.5,39639000
4583,Khulna,Apartment,854,1,2,16,11,2008,18,Good,Semi-Furnished,1,0,0,2.68,1,1,36.9,4404000
4584,Dhaka,Condo,643,2,3,25,4,1988,38,Needs Renovation,Semi-Furnished,0,0,0,5.72,0,0,35.5,5340000
4585,Khulna,House,1735,1,1,1,1,1991,35,Fair,Semi-Furnished,0,0,0,16.58,1,0,48.5,5255000
4586,Sylhet,Apartment,1439,3,3,18,16,2011,15,New,Semi-Furnished,1,0,0,3.94,0,1,32.2,19779000
4587,Sylhet,Condo,951,2,1,18,17,1994,32,New,Unfurnished,3,0,0,0.98,1,1,49.8,8301000
4588,Chattogram,Condo,625,1,1,20,15,2002,24,Excellent,Unfurnished,1,0,1,2.13,1,1,46.3,12652000
4589,Rajshahi,Condo,1353,2,1,17,5,1991,35,Excellent,Semi-Furnished,0,0,0,14.16,0,0,56.5,2490000
4590,Khulna,Townhouse,1962,2,2,2,1,1990,36,Good,Fully Furnished,2,1,0,12.82,0,0,39.5,6701000
4591,Dhaka,House,1834,3,2,3,2,2024,2,Fair,Fully Furnished,2,1,0,9.58,1,1,67.1,26898000
4592,Dhaka,Apartment,1374,2,3,22,1,2003,23,Good,Fully Furnished,1,0,0,14.85,1,1,64.6,23790000
4593,Chattogram,Duplex,1857,3,3,3,1,2015,11,Good,Fully Furnished,1,0,0,8.73,1,1,50.1,10170000
4594,Sylhet,Apartment,1872,3,2,10,5,2017,9,Good,Unfurnished,0,0,0,9.66,1,1,63.5,5018000
4595,Chattogram,Apartment,2551,4,4,15,1,2026,0,Good,Unfurnished,2,0,0,1.54,1,1,25.2,37045000
4596,Barishal,Townhouse,1986,3,3,2,0,1988,38,Good,Semi-Furnished,1,1,0,13.26,0,0,68.4,11804000
4597,Rajshahi,Duplex,1827,2,2,1,1,1986,40,Excellent,Fully Furnished,1,0,0,7.56,1,0,36.8,18684000
4598,Chattogram,Apartment,552,1,2,6,3,2025,1,Good,Unfurnished,1,0,0,2.61,1,0,18.4,3983000
4599,Rajshahi,House,1467,2,3,3,0,2023,3,Good,Unfurnished,0,0,1,1.49,1,1,45.1,7887000
4600,Barishal,House,2551,3,3,3,2,2020,6,New,Unfurnished,0,0,1,0.3,1,1,26.4,18717000
4601,Dhaka,Condo,2491,4,4,21,16,1985,41,Good,Unfurnished,0,0,0,6.58,0,1,41.2,52788000
4602,Rangpur,Condo,1901,4,4,25,25,2026,0,Excellent,Unfurnished,0,0,0,3.82,1,0,38.5,3857000
4603,Barishal,Apartment,1695,2,3,10,3,2005,21,Needs Renovation,Semi-Furnished,1,0,0,2.81,1,0,12.3,7752000
4604,Rajshahi,Apartment,1755,2,3,18,0,1994,32,Good,Semi-Furnished,0,0,0,21.08,1,0,45.6,3812000
4605,Rajshahi,Apartment,1946,3,2,14,13,2017,9,Fair,Fully Furnished,0,0,1,3.96,1,0,46.2,5384000
4606,Rajshahi,Apartment,862,1,2,20,16,2017,9,Good,Unfurnished,0,0,0,1.73,0,0,22.8,5979000
4607,Rajshahi,Apartment,1831,3,4,15,8,1996,30,New,Semi-Furnished,1,0,0,9.03,0,0,20.0,14159000
4608,Mymensingh,House,1827,2,1,2,0,2016,10,Good,Unfurnished,1,1,0,3.68,0,0,37.8,13831000
4609,Chattogram,Apartment,1133,2,2,11,10,2025,1,Excellent,Semi-Furnished,0,0,0,5.21,1,0,35.3,6657000
4610,Chattogram,House,2742,3,2,3,0,2023,3,Good,Semi-Furnished,1,0,0,7.98,0,1,46.8,37700000
4611,Dhaka,Condo,1014,1,1,9,4,2021,5,Good,Unfurnished,2,0,1,8.46,1,1,81.7,12386000
4612,Mymensingh,Apartment,1380,3,3,10,0,1993,33,Excellent,Fully Furnished,1,0,0,7.15,0,0,72.4,4276000
4613,Rajshahi,House,1371,1,1,2,1,1986,40,New,Unfurnished,0,0,1,11.61,0,1,70.5,5902000
4614,Rajshahi,House,1072,2,2,3,2,1995,31,Excellent,Semi-Furnished,2,1,0,3.95,1,1,59.2,7932000
4615,Chattogram,Apartment,1632,3,4,10,9,2000,26,Excellent,Unfurnished,0,0,0,10.91,0,0,51.7,13571000
4616,Sylhet,Duplex,2139,2,1,1,0,2010,16,Good,Semi-Furnished,0,0,0,18.95,0,0,78.8,8836000
4617,Sylhet,Townhouse,1499,3,3,2,0,2005,21,Fair,Unfurnished,1,0,0,12.68,1,0,69.5,11595000
4618,Khulna,Apartment,1966,3,2,15,3,2022,4,Fair,Unfurnished,1,0,0,1.55,1,1,47.0,7125000
4619,Dhaka,Apartment,2005,3,4,10,0,2002,24,Good,Semi-Furnished,1,0,0,0.32,0,1,5.8,27909000
4620,Rajshahi,Apartment,2049,3,4,18,1,2002,24,Excellent,Fully Furnished,1,0,0,10.27,1,0,38.5,13127000
4621,Barishal,Apartment,1478,1,1,10,8,2024,2,Excellent,Semi-Furnished,0,0,0,17.53,0,0,56.5,3369000
4622,Rangpur,Apartment,2364,4,5,14,11,2018,8,Fair,Fully Furnished,1,0,0,6.28,1,1,22.1,8543000
4623,Sylhet,Apartment,1891,3,4,6,0,1991,35,Good,Semi-Furnished,1,0,0,8.95,1,1,61.0,8142000
4624,Dhaka,Apartment,1551,3,4,9,9,2012,14,Fair,Semi-Furnished,2,0,1,1.55,1,1,19.3,27968000
4625,Sylhet,Apartment,1983,2,2,12,7,2016,10,Excellent,Unfurnished,0,0,0,2.48,1,0,33.5,7457000
4626,Rajshahi,Duplex,2207,4,5,3,1,1996,30,Fair,Semi-Furnished,0,1,0,4.81,1,1,41.9,14213000
4627,Rajshahi,House,1593,3,4,2,0,1985,41,Fair,Semi-Furnished,3,0,0,2.37,1,1,40.1,7644000
4628,Barishal,Condo,1923,3,2,6,4,2020,6,Good,Fully Furnished,2,0,0,11.83,0,0,49.1,11641000
4629,Barishal,Apartment,1398,2,3,17,16,2015,11,Good,Semi-Furnished,0,0,0,8.52,1,1,23.5,2424000
4630,Dhaka,House,1460,2,2,3,0,2013,13,Fair,Fully Furnished,0,0,0,1.15,1,0,32.9,26003000
4631,Rangpur,Apartment,1704,2,2,7,3,1992,34,Excellent,Semi-Furnished,0,0,0,20.43,0,0,78.4,4226000
4632,Dhaka,Apartment,2139,4,4,22,22,2010,16,New,Semi-Furnished,2,0,0,6.02,1,0,45.6,19419000
4633,Dhaka,Apartment,1668,2,2,14,5,2018,8,New,Semi-Furnished,1,0,0,1.44,0,0,22.9,14454000
4634,Mymensingh,Apartment,1575,2,2,12,8,2022,4,Excellent,Unfurnished,1,0,0,8.86,0,0,45.3,3795000
4635,Chattogram,Apartment,1486,1,1,13,9,2004,22,Good,Unfurnished,2,0,0,8.31,0,0,44.3,18395000
4636,Rajshahi,Apartment,2075,4,4,12,1,2021,5,Excellent,Semi-Furnished,0,0,0,14.19,1,1,73.8,10632000
4637,Chattogram,Townhouse,2370,3,3,2,1,2012,14,Fair,Semi-Furnished,1,1,0,3.89,0,1,41.4,14839000
4638,Rajshahi,Apartment,1829,4,4,12,2,2021,5,Good,Semi-Furnished,0,0,0,6.81,0,0,38.1,6835000
4639,Chattogram,Apartment,1405,2,2,9,2,2001,25,Fair,Unfurnished,0,0,0,1.28,1,0,27.4,4941000
4640,Mymensingh,Apartment,937,2,2,15,1,1995,31,Fair,Semi-Furnished,1,0,0,1.96,1,1,14.2,4987000
4641,Sylhet,Apartment,1810,3,3,24,14,1988,38,New,Unfurnished,1,0,0,1.08,1,0,49.9,15941000
4642,Chattogram,Condo,1423,3,2,18,9,2013,13,Fair,Semi-Furnished,0,0,0,3.93,1,1,34.5,20709000
4643,Rajshahi,Apartment,1819,2,3,9,8,2001,25,New,Unfurnished,0,0,0,7.86,0,1,5.0,15808000
4644,Chattogram,Townhouse,1908,4,5,2,0,1998,28,Fair,Fully Furnished,2,0,0,2.98,1,1,21.7,23340000
4645,Khulna,Apartment,1719,2,2,18,7,2019,7,Good,Unfurnished,1,0,0,1.7,1,1,27.8,8202000
4646,Dhaka,House,1814,2,2,1,0,1994,32,Fair,Semi-Furnished,1,0,0,20.44,0,0,71.1,9487000
4647,Khulna,House,2988,5,6,1,0,2005,21,Excellent,Unfurnished,1,0,0,9.22,0,1,38.2,16040000
4648,Rajshahi,Apartment,1982,4,5,24,15,1988,38,Fair,Fully Furnished,1,0,0,2.5,0,1,22.7,11217000
4649,Rajshahi,House,1789,3,3,3,1,1999,27,New,Semi-Furnished,0,0,0,5.09,1,1,47.9,15622000
4650,Barishal,Apartment,1256,1,2,24,17,2014,12,Good,Unfurnished,0,0,0,6.84,1,0,30.0,3784000
4651,Rangpur,Apartment,842,1,1,10,1,1988,38,Good,Unfurnished,0,0,0,5.76,1,0,53.7,3699000
4652,Rangpur,Apartment,1992,4,4,8,5,2007,19,Good,Semi-Furnished,0,0,0,1.85,1,1,51.6,4960000
4653,Chattogram,Apartment,1756,3,3,17,9,2018,8,New,Semi-Furnished,1,0,0,24.95,0,0,99.8,4768000
4654,Barishal,Apartment,1806,3,3,20,9,2003,23,Fair,Semi-Furnished,0,0,0,24.34,0,0,84.2,5103000
4655,Chattogram,Duplex,2185,3,3,2,1,2014,12,New,Unfurnished,0,0,0,3.75,1,0,50.9,43298000
4656,Dhaka,Apartment,1477,2,3,25,19,2017,9,Good,Semi-Furnished,0,0,0,9.79,1,0,49.3,6267000
4657,Barishal,Condo,2504,3,2,22,21,2008,18,Good,Unfurnished,2,0,0,6.95,1,1,65.7,12691000
4658,Mymensingh,Apartment,1162,2,3,19,18,1993,33,Excellent,Semi-Furnished,0,0,0,3.64,1,1,37.9,4226000
4659,Rajshahi,Apartment,1388,2,2,8,5,1999,27,Good,Unfurnished,2,0,0,6.37,0,1,16.6,3263000
4660,Dhaka,Townhouse,1636,3,3,3,0,1992,34,Fair,Unfurnished,0,1,0,2.91,1,1,44.5,8864000
4661,Chattogram,Apartment,1235,1,2,6,3,2023,3,Excellent,Unfurnished,1,0,0,5.53,1,1,55.9,7350000
4662,Dhaka,Apartment,2532,5,4,21,19,2002,24,Fair,Semi-Furnished,1,0,0,7.21,1,1,42.8,42604000
4663,Rangpur,Condo,1829,3,4,7,1,1998,28,New,Unfurnished,2,0,0,2.13,1,0,41.8,14762000
4664,Sylhet,Townhouse,1923,2,2,3,1,2018,8,Excellent,Semi-Furnished,0,0,0,1.1,0,1,30.1,8960000
4665,Mymensingh,Apartment,1947,3,4,22,13,2009,17,Good,Fully Furnished,0,0,0,2.35,0,0,35.1,7480000
4666,Chattogram,Apartment,841,2,2,22,6,2005,21,New,Semi-Furnished,1,0,1,1.54,1,0,20.1,10601000
4667,Barishal,House,1820,3,4,3,0,2020,6,Fair,Semi-Furnished,0,1,0,5.48,0,0,34.2,11298000
4668,Dhaka,Apartment,1820,2,1,10,4,2010,16,Excellent,Semi-Furnished,0,0,0,15.5,1,0,36.5,21832000
4669,Barishal,House,1462,2,3,2,1,1992,34,Fair,Semi-Furnished,1,1,0,10.41,0,1,44.1,3961000
4670,Rangpur,Apartment,1137,1,2,8,3,2009,17,Excellent,Unfurnished,2,0,0,3.22,1,0,36.0,4003000
4671,Rangpur,Apartment,1875,4,4,17,10,2011,15,Needs Renovation,Unfurnished,1,0,0,14.29,0,0,49.7,6010000
4672,Rangpur,Apartment,1423,1,1,21,6,2000,26,Good,Semi-Furnished,1,0,0,1.02,1,0,67.2,4044000
4673,Mymensingh,Apartment,1820,3,2,11,11,1988,38,Good,Semi-Furnished,1,0,0,3.04,1,1,42.5,13857000
4674,Mymensingh,Apartment,2106,2,1,20,3,2004,22,Good,Semi-Furnished,0,0,0,3.44,0,0,39.8,11302000
4675,Khulna,Townhouse,1142,1,1,2,1,1989,37,Excellent,Unfurnished,1,0,0,31.56,0,0,93.4,4380000
4676,Chattogram,Apartment,1728,2,1,14,10,2011,15,Excellent,Semi-Furnished,1,0,0,7.67,1,1,42.7,20471000
4677,Barishal,Apartment,1746,2,1,20,5,2010,16,Good,Fully Furnished,0,0,0,6.51,1,1,38.8,3632000
4678,Rangpur,Duplex,2698,3,4,1,1,1987,39,Good,Unfurnished,1,1,0,9.62,1,0,36.5,16430000
4679,Rajshahi,Apartment,1232,1,1,6,4,2017,9,Good,Semi-Furnished,1,0,0,17.49,1,0,56.2,1694000
4680,Barishal,Townhouse,2243,4,3,3,2,1998,28,Needs Renovation,Semi-Furnished,1,1,0,10.8,0,0,47.8,6349000
4681,Barishal,Apartment,1385,2,2,15,14,2011,15,Good,Fully Furnished,0,0,0,34.05,0,0,79.6,2441000
4682,Dhaka,Apartment,1147,2,1,13,13,2021,5,Fair,Semi-Furnished,0,0,0,12.05,0,0,40.4,8193000
4683,Chattogram,Duplex,3491,5,4,1,1,2026,0,Good,Unfurnished,0,1,0,5.62,0,0,32.1,51876000
4684,Chattogram,Apartment,1142,2,1,7,6,1993,33,Good,Semi-Furnished,0,0,0,5.98,0,1,43.5,13604000
4685,Mymensingh,Duplex,1448,2,2,2,0,2005,21,Fair,Semi-Furnished,1,1,0,8.5,0,1,56.2,7604000
4686,Khulna,Apartment,1753,2,3,8,5,2006,20,Fair,Unfurnished,1,0,0,2.32,1,1,69.7,12666000
4687,Khulna,Apartment,1081,1,1,19,16,2008,18,Excellent,Semi-Furnished,1,0,0,1.25,1,1,12.7,5117000
4688,Rangpur,House,2551,3,4,2,1,2025,1,Excellent,Unfurnished,0,0,0,1.45,0,0,34.7,7845000
4689,Rajshahi,Apartment,1002,2,1,25,21,2010,16,Excellent,Unfurnished,0,0,0,5.33,0,0,34.8,2573000
4690,Dhaka,House,2868,4,5,3,0,1994,32,Excellent,Semi-Furnished,0,1,0,1.8,0,0,17.3,53513000
4691,Rajshahi,Apartment,1928,4,5,11,11,2010,16,New,Unfurnished,0,0,0,13.18,1,0,54.6,6893000
4692,Khulna,Townhouse,2036,4,5,1,0,2013,13,Good,Unfurnished,0,1,0,10.02,1,1,43.4,14649000
4693,Mymensingh,House,2642,3,4,2,0,1998,28,Excellent,Fully Furnished,0,1,0,4.27,1,1,27.8,17416000
4694,Rajshahi,Townhouse,1560,2,3,2,1,2000,26,Excellent,Unfurnished,0,0,0,9.23,0,1,43.0,11080000
4695,Khulna,Apartment,1125,1,1,24,24,2003,23,Good,Unfurnished,0,0,0,27.73,1,0,84.4,3169000
4696,Rangpur,House,1336,2,1,2,0,2015,11,New,Semi-Furnished,1,1,0,4.78,1,1,29.7,9001000
4697,Rangpur,Apartment,1443,2,2,8,6,2017,9,Excellent,Fully Furnished,0,0,0,1.21,0,1,42.3,11177000
4698,Rangpur,Apartment,1834,2,2,25,17,1993,33,New,Unfurnished,2,0,0,7.06,1,0,28.3,4636000
4699,Mymensingh,House,1700,3,2,3,0,2019,7,Excellent,Unfurnished,2,1,0,15.84,0,1,62.5,6795000
4700,Dhaka,Duplex,1533,1,1,2,0,1999,27,Fair,Unfurnished,1,0,0,5.98,0,0,26.1,29896000
4701,Mymensingh,Duplex,2979,3,3,2,0,2000,26,New,Unfurnished,0,1,0,6.46,0,1,42.6,8170000
4702,Chattogram,House,2371,4,5,2,1,2001,25,Fair,Unfurnished,1,1,0,8.74,0,1,59.7,22807000
4703,Mymensingh,Apartment,2016,4,4,11,6,2015,11,New,Fully Furnished,1,0,0,26.37,1,0,55.9,10388000
4704,Rajshahi,Apartment,797,2,2,10,3,1988,38,Excellent,Semi-Furnished,0,0,0,20.54,0,0,81.8,2055000
4705,Dhaka,Apartment,1181,1,1,13,3,1990,36,New,Semi-Furnished,0,0,0,6.76,0,0,39.0,6531000
4706,Rajshahi,Apartment,2161,5,6,21,6,2017,9,Needs Renovation,Unfurnished,0,0,0,2.94,1,1,48.5,6360000
4707,Khulna,Apartment,1232,2,2,11,6,2017,9,Good,Semi-Furnished,0,0,1,1.98,0,1,48.2,4789000
4708,Dhaka,Duplex,2953,4,5,3,0,2024,2,New,Semi-Furnished,1,1,0,2.02,1,1,26.1,95179000
4709,Sylhet,House,1929,3,3,1,1,2025,1,Good,Semi-Furnished,0,0,0,5.08,1,1,66.7,23456000
4710,Rangpur,Apartment,1360,2,2,14,5,2013,13,Fair,Fully Furnished,1,0,0,6.32,0,1,46.3,4212000
4711,Sylhet,Duplex,2705,4,5,2,1,1996,30,Good,Semi-Furnished,0,0,0,3.02,0,0,69.8,11573000
4712,Khulna,Condo,2455,5,6,6,2,2021,5,Good,Semi-Furnished,1,0,0,4.09,1,0,23.2,9828000
4713,Khulna,Apartment,2190,3,3,21,3,1990,36,Good,Fully Furnished,0,0,0,25.35,0,0,43.6,3111000
4714,Sylhet,Townhouse,503,1,1,1,0,2003,23,Good,Unfurnished,0,1,0,8.11,0,1,56.3,2557000
4715,Barishal,Apartment,1856,2,2,25,15,1986,40,Good,Unfurnished,1,0,0,10.42,0,1,26.4,5689000
4716,Mymensingh,Apartment,1389,2,2,11,9,2015,11,Good,Fully Furnished,1,0,0,3.0,1,1,5.0,6352000
4717,Rajshahi,Condo,1079,3,3,23,2,2011,15,Fair,Unfurnished,1,0,0,2.51,1,0,53.5,5796000
4718,Barishal,Townhouse,1370,2,3,1,1,1993,33,Excellent,Semi-Furnished,1,1,0,3.64,0,1,44.7,3111000
4719,Chattogram,Apartment,1198,2,2,22,10,2001,25,Excellent,Semi-Furnished,1,0,0,16.98,0,0,39.8,10697000
4720,Khulna,House,1428,2,1,1,0,2026,0,Excellent,Semi-Furnished,0,0,0,2.21,1,1,26.2,14396000
4721,Chattogram,Townhouse,1419,2,2,2,1,2000,26,Excellent,Semi-Furnished,0,0,0,33.11,0,0,100.0,11699000
4722,Rajshahi,Condo,1406,2,3,18,7,1991,35,Fair,Semi-Furnished,0,0,0,3.54,1,1,47.8,7855000
4723,Dhaka,Townhouse,1040,3,4,2,0,2025,1,Good,Unfurnished,0,1,0,2.96,1,0,35.5,4936000
4724,Barishal,Apartment,1050,2,2,7,0,2012,14,Good,Unfurnished,2,0,0,1.96,1,1,30.9,8002000
4725,Dhaka,House,1504,1,2,3,1,1995,31,Good,Unfurnished,0,1,0,3.74,0,1,31.0,26859000
4726,Barishal,Apartment,1214,3,4,13,4,2010,16,Good,Semi-Furnished,1,0,0,2.27,1,0,15.1,3518000
4727,Rajshahi,Condo,1254,2,2,23,13,2022,4,Excellent,Unfurnished,0,0,0,12.12,0,0,29.0,3676000
4728,Barishal,House,2880,5,4,1,1,2006,20,Good,Semi-Furnished,0,0,0,12.55,0,0,66.0,14679000
4729,Dhaka,Apartment,2188,4,3,23,2,2001,25,New,Semi-Furnished,2,0,0,7.23,1,1,40.8,14431000
4730,Dhaka,Condo,1815,4,5,13,7,2015,11,Excellent,Unfurnished,1,0,0,2.47,1,1,5.6,36145000
4731,Sylhet,Apartment,1765,3,3,15,9,1987,39,Good,Unfurnished,0,0,0,5.95,1,1,43.7,9757000
4732,Khulna,Apartment,1465,2,2,6,3,2015,11,Good,Unfurnished,1,0,0,10.07,1,1,67.6,8114000
4733,Chattogram,Condo,1675,2,2,25,21,1998,28,Good,Fully Furnished,0,0,1,3.52,1,0,74.4,24313000
4734,Dhaka,Apartment,2462,4,3,22,20,2020,6,Fair,Unfurnished,0,0,0,2.43,0,1,45.3,24729000
4735,Khulna,Apartment,2350,4,3,21,6,1989,37,Fair,Unfurnished,0,0,0,3.25,0,1,16.8,6390000
4736,Sylhet,House,1584,3,4,2,1,2009,17,Good,Semi-Furnished,2,1,0,3.78,1,1,5.6,14233000
4737,Mymensingh,Apartment,1880,3,4,24,23,1991,35,Fair,Unfurnished,0,0,0,3.08,1,1,35.3,6046000
4738,Mymensingh,Condo,1175,1,1,15,13,2004,22,Good,Semi-Furnished,0,0,1,17.16,0,0,47.0,2984000
4739,Chattogram,Apartment,2331,3,2,12,2,1985,41,Good,Semi-Furnished,0,0,0,5.61,0,0,44.1,8440000
4740,Rajshahi,Apartment,1258,1,1,11,5,2014,12,Excellent,Semi-Furnished,1,0,0,4.94,1,0,44.8,6538000
4741,Rangpur,Apartment,822,2,2,20,15,1990,36,Good,Unfurnished,0,0,0,8.23,0,0,55.5,1118000
4742,Chattogram,Condo,2308,4,3,21,14,1987,39,Good,Semi-Furnished,1,0,0,4.39,0,1,74.2,37602000
4743,Khulna,Duplex,1077,2,2,2,0,1996,30,Excellent,Semi-Furnished,0,1,0,11.65,1,0,56.2,12217000
4744,Mymensingh,Duplex,2760,4,4,1,0,1989,37,Good,Unfurnished,1,1,0,3.03,0,1,40.5,16318000
4745,Mymensingh,Apartment,857,1,1,18,17,2020,6,Excellent,Unfurnished,1,0,0,2.15,1,1,28.1,4535000
4746,Barishal,Apartment,1391,2,1,23,5,2018,8,Fair,Unfurnished,0,0,1,15.31,1,0,58.5,3793000
4747,Khulna,Apartment,1556,2,1,16,5,2009,17,Good,Unfurnished,1,0,0,4.57,1,0,45.6,4730000
4748,Dhaka,Apartment,1986,2,3,13,5,2026,0,Excellent,Unfurnished,1,0,0,12.57,1,0,47.1,14610000
4749,Rangpur,Townhouse,450,1,1,2,0,2019,7,Good,Semi-Furnished,1,0,0,6.61,1,1,38.8,1086000
4750,Barishal,Apartment,1418,1,1,11,2,2007,19,Good,Unfurnished,1,0,0,5.57,1,0,24.9,8169000
4751,Rajshahi,Apartment,1699,4,3,6,5,1985,41,Fair,Fully Furnished,2,0,0,11.49,1,1,73.7,10377000
4752,Khulna,Apartment,1767,2,1,15,8,2021,5,Fair,Fully Furnished,0,0,0,3.32,0,0,59.8,4922000
4753,Rangpur,Condo,993,2,2,22,21,1985,41,Excellent,Semi-Furnished,1,0,0,23.37,0,0,78.1,2348000
4754,Khulna,Condo,1149,2,3,19,5,1998,28,Good,Unfurnished,0,0,0,8.34,1,0,44.0,7345000
4755,Rangpur,House,1311,2,2,2,1,1991,35,Fair,Semi-Furnished,0,1,0,4.32,0,1,43.9,3118000
4756,Barishal,Apartment,1159,2,1,7,6,1993,33,Fair,Semi-Furnished,0,0,0,0.95,1,1,50.6,3887000
4757,Chattogram,Apartment,1041,1,1,21,6,2000,26,New,Unfurnished,1,0,0,24.47,0,0,71.3,5166000
4758,Sylhet,House,1406,2,1,3,0,2018,8,Good,Unfurnished,0,1,0,14.71,0,1,55.3,11010000
4759,Rangpur,Apartment,1534,2,2,14,1,2019,7,Good,Unfurnished,1,0,0,0.3,0,1,43.5,3002000
4760,Chattogram,Townhouse,1814,4,4,2,1,2026,0,Excellent,Semi-Furnished,0,1,0,7.49,1,1,25.0,17664000
4761,Barishal,Condo,1925,3,2,14,3,2002,24,New,Unfurnished,0,0,0,0.53,1,1,49.5,4827000
4762,Rangpur,Apartment,2280,3,3,10,2,2002,24,Good,Semi-Furnished,2,0,0,23.41,0,0,75.1,4766000
4763,Chattogram,Apartment,864,2,2,24,8,1998,28,Fair,Unfurnished,2,0,0,3.14,0,1,42.0,10425000
4764,Barishal,House,678,1,1,3,2,2005,21,Good,Semi-Furnished,1,1,0,6.58,0,0,39.1,3384000
4765,Mymensingh,House,1100,1,2,3,2,2008,18,Excellent,Fully Furnished,1,0,0,2.51,0,0,58.1,3730000
4766,Barishal,Apartment,456,1,1,9,0,1999,27,Good,Fully Furnished,0,0,0,5.28,0,0,7.2,3617000
4767,Rangpur,Townhouse,1376,3,2,3,0,2009,17,Excellent,Fully Furnished,0,0,0,8.04,0,0,49.1,7858000
4768,Khulna,Apartment,1235,2,2,10,4,1990,36,Excellent,Semi-Furnished,0,0,0,9.02,0,0,35.4,9970000
4769,Sylhet,Apartment,1971,4,4,13,10,2017,9,New,Semi-Furnished,0,0,0,2.63,1,1,82.2,8861000
4770,Barishal,Apartment,2242,3,3,9,2,1994,32,Excellent,Semi-Furnished,0,0,0,4.77,1,1,33.8,18436000
4771,Chattogram,Duplex,1598,3,3,3,2,2009,17,Good,Semi-Furnished,0,1,0,9.87,0,1,57.5,5227000
4772,Chattogram,House,1503,1,2,1,0,2025,1,Good,Semi-Furnished,0,1,0,0.82,1,0,27.6,6878000
4773,Chattogram,Apartment,1638,3,2,18,2,1986,40,Needs Renovation,Unfurnished,0,0,0,14.63,1,0,43.1,7520000
4774,Chattogram,Duplex,1451,1,1,2,1,2023,3,Good,Semi-Furnished,1,0,0,7.11,1,0,26.4,8905000
4775,Chattogram,House,2306,2,3,3,2,1988,38,New,Semi-Furnished,1,0,0,3.34,1,1,36.8,34486000
4776,Barishal,Apartment,1353,2,3,10,10,2021,5,Excellent,Semi-Furnished,0,0,0,6.78,0,1,29.2,5057000
4777,Sylhet,Apartment,1806,3,4,10,5,2002,24,Good,Unfurnished,1,0,0,1.03,1,1,55.6,17080000
4778,Barishal,Apartment,1821,3,4,8,3,2005,21,Excellent,Semi-Furnished,0,0,0,8.17,0,0,43.9,6686000
4779,Sylhet,Condo,2111,4,3,20,7,2012,14,Fair,Fully Furnished,0,0,0,5.73,1,1,46.9,12022000
4780,Chattogram,Duplex,2621,3,3,1,0,1992,34,Excellent,Semi-Furnished,1,0,0,12.45,1,0,45.1,38985000
4781,Sylhet,Duplex,1831,2,2,1,1,2009,17,New,Fully Furnished,2,1,0,8.35,0,0,61.0,8946000
4782,Rajshahi,Duplex,3734,4,4,1,0,1988,38,Excellent,Semi-Furnished,1,1,0,2.29,1,1,24.3,19672000
4783,Mymensingh,Apartment,2001,2,2,11,3,2004,22,Good,Semi-Furnished,1,0,0,2.95,1,1,63.7,14583000
4784,Mymensingh,Apartment,1405,2,3,13,8,2019,7,Good,Unfurnished,0,0,0,1.38,1,0,30.9,7734000
4785,Chattogram,House,1828,3,3,2,0,2004,22,New,Semi-Furnished,0,0,0,4.52,0,1,41.1,21394000
4786,Mymensingh,House,2960,4,4,2,0,2007,19,Fair,Unfurnished,2,0,0,3.98,0,1,11.3,16521000
4787,Rangpur,Condo,1445,2,1,7,7,1994,32,Excellent,Semi-Furnished,1,0,0,2.92,0,1,19.5,12185000
4788,Khulna,Apartment,1623,2,1,14,5,2012,14,Good,Fully Furnished,1,0,0,3.63,1,1,30.7,5699000
4789,Sylhet,Apartment,2465,5,6,18,14,2005,21,Good,Unfurnished,0,0,0,5.53,1,0,39.6,19441000
4790,Khulna,Apartment,1259,2,1,23,13,2005,21,Good,Semi-Furnished,0,0,0,1.49,1,1,43.7,9824000
4791,Chattogram,Apartment,2238,3,3,18,4,2025,1,Excellent,Unfurnished,0,0,0,22.13,0,0,98.6,9433000
4792,Dhaka,House,813,2,1,1,0,1988,38,Good,Semi-Furnished,3,0,0,16.21,1,0,80.1,6560000
4793,Khulna,Apartment,1695,3,4,17,9,2012,14,Good,Semi-Furnished,0,0,0,3.65,0,1,39.4,12031000
4794,Dhaka,Duplex,2691,3,3,2,1,2006,20,New,Semi-Furnished,1,0,1,1.12,1,1,53.7,62688000
4795,Sylhet,Apartment,1705,3,3,11,8,1999,27,New,Unfurnished,1,0,0,2.73,0,0,39.2,20816000
4796,Rangpur,House,2047,2,2,2,0,2000,26,Good,Fully Furnished,1,1,0,2.99,1,1,31.2,4206000
4797,Chattogram,Apartment,1874,2,2,9,2,1997,29,New,Semi-Furnished,1,0,0,6.2,0,0,55.3,25701000
4798,Barishal,Apartment,2178,4,3,10,2,2009,17,Fair,Semi-Furnished,0,0,0,3.49,1,1,28.3,12140000
4799,Chattogram,Apartment,826,2,2,23,14,1997,29,Excellent,Unfurnished,0,0,0,2.68,1,0,42.1,5501000
4800,Dhaka,Apartment,1997,4,3,10,1,1995,31,Excellent,Unfurnished,1,0,0,7.72,1,0,37.9,9552000
4801,Chattogram,Condo,1803,3,4,19,18,1992,34,New,Unfurnished,1,0,0,0.45,1,0,17.2,32860000
4802,Dhaka,Apartment,2998,6,5,24,23,2018,8,Good,Fully Furnished,0,0,0,24.29,0,0,66.1,27773000
4803,Mymensingh,Condo,1468,2,2,23,3,2025,1,Good,Fully Furnished,0,0,0,10.32,1,0,43.8,6239000
4804,Barishal,Apartment,1215,2,2,7,6,2003,23,Good,Semi-Furnished,1,0,0,2.61,0,1,42.5,8699000
4805,Chattogram,Apartment,1408,2,2,7,1,2000,26,Good,Semi-Furnished,1,0,0,2.64,0,0,42.0,5467000
4806,Khulna,House,2596,4,5,1,0,1994,32,Fair,Semi-Furnished,1,1,0,3.9,1,1,54.6,6235000
4807,Khulna,Townhouse,1269,1,2,1,0,1987,39,Excellent,Unfurnished,1,1,0,1.85,1,0,45.7,11334000
4808,Chattogram,Apartment,1513,2,1,17,12,2021,5,Fair,Unfurnished,0,0,0,4.59,0,1,24.9,20780000
4809,Rajshahi,Apartment,1365,1,2,16,1,1995,31,Fair,Unfurnished,0,0,0,7.04,0,1,29.5,4942000
4810,Chattogram,House,1842,4,5,2,1,2001,25,Needs Renovation,Semi-Furnished,0,1,0,8.35,0,1,62.6,6398000
4811,Rangpur,Apartment,2278,4,4,12,11,2019,7,Good,Unfurnished,1,0,0,5.25,1,1,43.4,12716000
4812,Mymensingh,Apartment,1770,3,4,13,7,2013,13,Fair,Unfurnished,0,0,0,4.47,0,1,31.2,6246000
4813,Dhaka,Apartment,1458,2,2,20,19,2009,17,Excellent,Semi-Furnished,0,0,0,3.62,0,1,43.2,10083000
4814,Sylhet,Apartment,2467,3,3,6,6,2002,24,Fair,Unfurnished,0,0,0,8.59,1,0,19.2,9804000
4815,Barishal,Apartment,1285,2,2,11,7,1987,39,Excellent,Semi-Furnished,1,0,0,24.41,1,0,69.8,3403000
4816,Khulna,Duplex,1347,1,1,2,0,1994,32,New,Semi-Furnished,0,1,0,5.37,1,0,71.5,5100000
4817,Dhaka,Condo,2206,4,3,25,15,2010,16,Excellent,Semi-Furnished,2,0,1,1.73,1,1,55.1,61417000
4818,Mymensingh,Townhouse,1179,2,2,3,1,2006,20,Excellent,Fully Furnished,0,0,0,4.58,0,0,50.8,8671000
4819,Mymensingh,Apartment,1639,2,2,21,8,1988,38,Good,Semi-Furnished,0,0,0,1.24,0,0,43.9,12101000
4820,Sylhet,Apartment,2207,4,5,19,14,1998,28,Good,Semi-Furnished,1,0,0,15.66,1,1,75.3,6193000
4821,Rajshahi,Duplex,607,1,1,3,0,2011,15,Needs Renovation,Semi-Furnished,1,0,0,16.4,0,1,62.3,1982000
4822,Barishal,Apartment,2353,3,3,15,7,1989,37,Good,Semi-Furnished,0,0,0,18.3,0,0,66.7,8876000
4823,Barishal,Duplex,1332,1,1,1,1,2018,8,Good,Semi-Furnished,3,1,0,9.86,0,0,69.6,9951000
4824,Chattogram,House,1170,2,1,2,1,2025,1,Fair,Unfurnished,1,0,1,6.41,1,0,41.0,13150000
4825,Rajshahi,House,2698,3,2,3,1,2022,4,Good,Unfurnished,1,1,0,2.06,1,0,35.6,19558000
4826,Chattogram,Townhouse,983,3,4,3,2,2001,25,New,Unfurnished,1,0,0,11.65,1,0,50.6,8937000
4827,Mymensingh,Apartment,2180,3,3,12,11,2007,19,Good,Semi-Furnished,1,0,0,18.18,1,0,57.6,10183000
4828,Chattogram,House,2064,3,4,2,1,2004,22,New,Semi-Furnished,1,1,0,2.92,1,0,78.4,12374000
4829,Barishal,Apartment,1818,3,3,11,6,1994,32,Good,Semi-Furnished,0,0,0,16.29,0,0,32.8,8971000
4830,Barishal,Apartment,1901,2,1,23,10,2003,23,Fair,Unfurnished,1,0,0,7.0,1,1,40.3,9211000
4831,Barishal,House,1369,1,1,1,1,1997,29,Excellent,Unfurnished,1,0,0,9.4,0,0,56.7,7796000
4832,Sylhet,House,1718,2,2,1,0,2026,0,Excellent,Semi-Furnished,1,1,0,4.65,1,0,10.7,13932000
4833,Chattogram,Apartment,2581,4,5,11,11,2004,22,Good,Fully Furnished,1,0,0,6.08,0,1,49.0,9811000
4834,Rajshahi,Apartment,887,1,1,19,12,2011,15,Good,Semi-Furnished,0,0,0,24.93,0,0,72.3,3052000
4835,Mymensingh,Condo,1570,3,3,23,8,2007,19,Excellent,Semi-Furnished,0,0,0,1.5,1,1,24.6,8285000
4836,Chattogram,Apartment,2516,4,4,22,17,2016,10,Needs Renovation,Unfurnished,1,0,0,15.8,1,0,65.4,17463000
4837,Dhaka,Apartment,679,1,2,16,13,2015,11,Fair,Unfurnished,1,0,0,7.54,1,0,5.9,3709000
4838,Barishal,House,2250,2,3,3,0,2020,6,Good,Unfurnished,2,0,0,4.52,1,1,42.6,17341000
4839,Barishal,Apartment,1908,3,4,8,5,2003,23,New,Unfurnished,1,0,1,3.01,1,1,63.3,9738000
4840,Dhaka,Apartment,1511,4,4,15,6,1999,27,Good,Semi-Furnished,0,0,0,1.46,0,1,64.6,26915000
4841,Sylhet,House,2786,3,4,3,0,1987,39,Excellent,Unfurnished,1,0,0,2.47,1,0,47.3,12849000
4842,Dhaka,Townhouse,2388,4,4,2,1,1989,37,Needs Renovation,Unfurnished,0,0,1,10.06,0,1,63.8,27850000
4843,Khulna,Apartment,1599,3,4,25,6,1992,34,Excellent,Unfurnished,0,0,0,0.88,1,1,31.6,13490000
4844,Rajshahi,Apartment,1197,2,1,19,4,2022,4,Excellent,Fully Furnished,2,0,0,1.64,0,0,41.9,4041000
4845,Chattogram,Townhouse,1883,2,2,1,1,2016,10,Good,Semi-Furnished,1,0,0,6.14,1,0,46.9,17629000
4846,Barishal,Duplex,1849,1,1,3,1,1988,38,New,Semi-Furnished,0,0,0,11.11,0,1,53.2,13103000
4847,Mymensingh,Apartment,2568,4,4,11,2,1997,29,Excellent,Unfurnished,1,0,0,7.44,0,1,53.7,4796000
4848,Sylhet,Duplex,2685,3,3,2,1,1999,27,Fair,Semi-Furnished,1,1,0,5.59,1,1,17.3,13086000
4849,Mymensingh,House,1928,3,4,3,0,2003,23,Good,Unfurnished,0,0,0,4.75,1,0,29.8,7603000
4850,Rangpur,Apartment,1174,2,3,25,15,1988,38,Excellent,Semi-Furnished,1,0,0,4.65,1,0,46.1,5288000
4851,Rangpur,Duplex,1880,2,1,3,2,2003,23,Needs Renovation,Semi-Furnished,0,0,0,4.46,1,0,19.4,3917000
4852,Chattogram,Apartment,1854,3,4,13,12,2007,19,Excellent,Unfurnished,1,0,0,3.19,1,1,69.1,19232000
4853,Barishal,Apartment,1606,4,4,22,5,2016,10,New,Semi-Furnished,0,0,0,0.91,1,0,24.7,9422000
4854,Rajshahi,House,2275,3,3,2,1,1988,38,Good,Unfurnished,0,0,0,2.31,1,0,38.7,19692000
4855,Rajshahi,Duplex,2008,3,3,1,1,1994,32,Good,Semi-Furnished,0,0,0,4.2,1,0,23.5,15796000
4856,Sylhet,House,1210,1,2,3,1,2004,22,Excellent,Unfurnished,1,0,0,4.17,0,0,42.3,3989000
4857,Dhaka,Condo,2172,4,4,14,11,2001,25,Good,Semi-Furnished,1,0,0,1.67,0,1,34.5,56747000
4858,Rajshahi,Condo,1346,3,3,6,4,2001,25,Fair,Unfurnished,1,0,0,20.72,0,0,50.9,4557000
4859,Rangpur,Apartment,1495,2,2,8,4,1987,39,Good,Semi-Furnished,0,0,0,0.72,0,1,40.2,5827000
4860,Khulna,Apartment,1909,3,4,21,14,2005,21,New,Unfurnished,0,0,0,3.46,0,0,22.8,10018000
4861,Dhaka,Apartment,2466,4,4,17,16,2010,16,Excellent,Semi-Furnished,1,0,0,3.29,1,0,53.7,40854000
4862,Mymensingh,Apartment,1267,2,3,15,10,1995,31,Needs Renovation,Semi-Furnished,1,0,0,11.57,1,1,59.2,3993000
4863,Rangpur,House,1863,3,3,2,1,1988,38,New,Unfurnished,0,0,0,12.0,1,1,60.8,8971000
4864,Chattogram,Duplex,2408,2,2,2,1,2004,22,New,Semi-Furnished,3,0,0,1.23,1,1,60.1,44387000
4865,Barishal,Condo,450,1,2,15,14,2012,14,Good,Fully Furnished,0,0,0,7.41,1,1,34.3,4397000
4866,Sylhet,House,2510,3,3,3,0,2002,24,New,Semi-Furnished,1,0,0,5.39,1,1,77.8,22853000
4867,Khulna,Apartment,749,1,1,18,4,2016,10,Fair,Fully Furnished,1,0,0,2.61,1,1,45.3,2366000
4868,Dhaka,Apartment,2439,5,5,22,16,2006,20,Excellent,Semi-Furnished,1,0,0,11.06,0,0,38.1,18516000
4869,Dhaka,House,1918,3,3,3,1,2012,14,Needs Renovation,Semi-Furnished,0,0,0,7.55,1,0,37.8,9431000
4870,Sylhet,House,1986,3,3,1,1,1991,35,Fair,Unfurnished,1,0,0,5.69,0,1,36.9,12820000
4871,Dhaka,Apartment,1746,4,4,22,4,2016,10,Good,Semi-Furnished,0,0,0,6.49,0,1,55.5,28057000
4872,Rajshahi,Apartment,1665,2,2,10,6,2005,21,Excellent,Fully Furnished,0,0,0,7.35,1,0,56.9,7971000
4873,Rangpur,House,1646,2,2,3,1,2015,11,Good,Unfurnished,1,0,0,17.06,0,0,97.7,6283000
4874,Khulna,House,2090,3,3,3,1,2021,5,New,Unfurnished,1,0,0,2.42,0,1,39.6,14184000
4875,Rangpur,Apartment,692,1,1,7,5,2000,26,Good,Semi-Furnished,1,0,0,0.3,1,0,37.8,3592000
4876,Dhaka,Apartment,2226,4,4,14,13,1992,34,Needs Renovation,Fully Furnished,2,0,0,17.93,1,0,71.0,15744000
4877,Barishal,Apartment,1475,1,2,13,7,2013,13,Needs Renovation,Fully Furnished,1,0,0,9.03,0,0,29.9,6022000
4878,Barishal,House,2120,3,2,3,1,1991,35,Good,Fully Furnished,0,0,0,2.44,1,0,42.0,6709000
4879,Chattogram,House,1076,2,2,3,1,2017,9,Good,Semi-Furnished,0,0,0,31.42,0,0,65.7,3763000
4880,Sylhet,Condo,672,2,1,11,5,1996,30,New,Unfurnished,0,0,0,9.11,0,0,21.0,4013000
4881,Rangpur,Apartment,2102,4,3,7,4,1997,29,Good,Semi-Furnished,1,0,0,7.08,0,0,71.8,5782000
4882,Dhaka,House,2952,6,6,3,0,2000,26,Good,Semi-Furnished,0,0,0,3.77,1,1,32.7,54547000
4883,Sylhet,Townhouse,1740,2,1,2,1,2011,15,Good,Semi-Furnished,2,0,0,9.62,1,0,47.5,12005000
4884,Chattogram,Apartment,778,1,1,8,7,2003,23,Excellent,Semi-Furnished,0,0,0,6.65,1,0,49.8,2455000
4885,Chattogram,Condo,619,1,1,18,12,1995,31,Good,Semi-Furnished,0,0,0,11.02,0,0,62.2,8559000
4886,Mymensingh,Apartment,982,2,3,6,5,2020,6,New,Fully Furnished,1,0,0,1.04,1,1,63.9,6049000
4887,Dhaka,Townhouse,1678,4,3,2,1,1988,38,Fair,Semi-Furnished,1,1,0,3.27,0,0,26.1,7806000
4888,Khulna,Duplex,2859,4,4,1,0,2012,14,Good,Unfurnished,1,0,0,16.68,0,0,51.8,13836000
4889,Chattogram,Townhouse,1024,2,1,2,0,2013,13,Good,Unfurnished,1,1,0,2.03,1,0,34.9,12206000
4890,Sylhet,Apartment,1435,2,1,12,10,2018,8,Good,Unfurnished,1,0,0,6.34,0,1,66.4,11256000
4891,Rajshahi,Apartment,1710,3,3,15,1,2019,7,Fair,Semi-Furnished,2,0,0,2.23,0,1,26.4,5322000
4892,Barishal,Duplex,1640,1,1,1,0,2014,12,Excellent,Semi-Furnished,0,1,0,21.41,0,0,94.7,2562000
4893,Rajshahi,Apartment,1214,1,1,8,5,2003,23,Fair,Unfurnished,0,0,0,1.27,1,1,32.8,7808000
4894,Rangpur,House,2102,4,4,3,2,2014,12,New,Unfurnished,0,0,0,14.56,1,0,62.6,10756000
4895,Sylhet,House,2104,4,5,1,0,2013,13,Good,Semi-Furnished,0,0,0,1.48,1,1,35.6,13220000
4896,Chattogram,Condo,1383,3,2,7,5,2017,9,Good,Semi-Furnished,2,0,0,3.28,1,1,38.5,30419000
4897,Dhaka,Apartment,1446,1,1,21,9,1992,34,Good,Semi-Furnished,1,0,0,4.97,0,1,30.9,20031000
4898,Mymensingh,Apartment,1795,3,3,11,7,2020,6,Fair,Semi-Furnished,0,0,0,18.59,1,0,44.9,3849000
4899,Sylhet,House,2070,3,4,3,2,1995,31,Excellent,Semi-Furnished,1,0,0,12.29,0,0,41.0,7213000
4900,Barishal,Apartment,2455,4,4,8,5,2004,22,New,Semi-Furnished,1,0,0,5.29,1,1,55.8,21089000
4901,Barishal,Condo,1373,2,2,6,6,2002,24,Excellent,Semi-Furnished,0,0,1,9.55,0,0,35.1,12673000
4902,Khulna,Apartment,1573,2,2,19,5,1990,36,Excellent,Unfurnished,0,0,1,2.81,1,1,42.1,12104000
4903,Mymensingh,Apartment,1645,3,4,8,1,2012,14,Good,Fully Furnished,0,0,0,5.06,0,1,52.3,9048000
4904,Mymensingh,Duplex,3183,4,5,1,0,1988,38,Excellent,Semi-Furnished,1,0,0,25.98,1,0,62.5,13827000
4905,Rangpur,Apartment,2013,3,3,20,14,1994,32,Good,Fully Furnished,0,0,0,7.61,1,0,34.8,9788000
4906,Rajshahi,Apartment,1765,2,3,7,3,2002,24,Good,Semi-Furnished,0,0,0,9.23,1,1,38.8,11188000
4907,Rangpur,Condo,2007,3,2,14,2,2013,13,Good,Fully Furnished,1,0,0,5.36,1,1,18.5,5719000
4908,Chattogram,Condo,2390,3,2,9,7,2017,9,Good,Semi-Furnished,0,0,1,9.84,0,1,56.4,11061000
4909,Khulna,Apartment,1874,3,3,16,9,2021,5,Good,Fully Furnished,0,0,0,11.4,1,0,40.0,10668000
4910,Mymensingh,Condo,1393,3,4,20,2,2021,5,Good,Unfurnished,2,0,0,13.42,0,0,40.7,2224000
4911,Chattogram,Apartment,1527,2,3,21,10,2003,23,Good,Unfurnished,1,0,0,9.02,0,0,51.7,16203000
4912,Rangpur,Apartment,1872,4,5,11,9,2019,7,Fair,Fully Furnished,2,0,0,9.99,0,0,51.2,5362000
4913,Sylhet,Condo,1336,3,3,13,12,1991,35,Excellent,Unfurnished,1,0,0,5.94,0,1,42.8,5848000
4914,Rangpur,Apartment,1721,3,3,17,11,2010,16,Excellent,Unfurnished,0,0,0,12.03,0,1,39.2,7021000
4915,Rangpur,House,1983,3,3,1,0,2021,5,New,Fully Furnished,0,0,0,1.85,1,0,40.4,15286000
4916,Sylhet,Apartment,1420,3,3,23,3,2023,3,Fair,Unfurnished,1,0,0,0.98,1,1,29.4,12303000
4917,Sylhet,Apartment,1473,2,2,12,2,2014,12,Excellent,Unfurnished,0,0,0,1.32,1,0,54.7,10952000
4918,Mymensingh,Apartment,1837,3,3,13,10,2017,9,Fair,Semi-Furnished,1,0,0,4.62,1,0,50.9,9007000
4919,Mymensingh,House,2575,3,3,3,1,2002,24,Excellent,Unfurnished,0,1,0,4.63,0,1,60.2,19003000
4920,Mymensingh,Apartment,1004,1,1,12,10,2011,15,Fair,Semi-Furnished,0,0,0,4.35,1,1,60.5,2222000
4921,Rangpur,Apartment,2209,4,4,12,6,1986,40,Good,Semi-Furnished,1,0,0,3.98,0,1,56.1,11858000
4922,Khulna,House,1656,3,2,2,0,1987,39,Fair,Fully Furnished,0,1,0,6.42,1,1,32.7,4425000
4923,Rajshahi,Apartment,1032,2,1,17,3,1993,33,Excellent,Semi-Furnished,1,0,0,6.08,0,1,35.6,3071000
4924,Mymensingh,Duplex,2149,1,1,3,1,2003,23,Good,Fully Furnished,1,1,0,20.78,1,0,58.1,5237000
4925,Rajshahi,Apartment,2085,4,4,25,7,2006,20,Excellent,Unfurnished,1,0,0,5.19,1,1,16.1,9412000
4926,Dhaka,Condo,1643,3,3,12,3,1992,34,Needs Renovation,Unfurnished,0,0,0,7.34,1,0,19.2,11478000
4927,Rangpur,Apartment,1735,3,2,21,8,2021,5,Good,Fully Furnished,1,0,0,5.84,1,0,35.7,4788000
4928,Mymensingh,House,1448,1,1,2,0,2007,19,Good,Semi-Furnished,0,0,0,3.48,0,1,49.6,6053000
4929,Khulna,Apartment,1542,3,2,23,3,2001,25,New,Fully Furnished,0,0,0,9.2,1,0,47.2,10308000
4930,Barishal,Townhouse,753,2,3,3,0,2004,22,Fair,Semi-Furnished,1,0,0,7.75,1,1,45.5,4614000
4931,Rajshahi,Apartment,1189,1,1,12,7,1990,36,Good,Unfurnished,1,0,0,4.94,0,0,59.5,7918000
4932,Chattogram,Apartment,1983,2,1,8,4,1985,41,New,Unfurnished,0,0,0,0.51,0,0,22.5,30183000
4933,Rajshahi,Condo,1279,3,4,13,12,1991,35,Good,Unfurnished,2,0,0,9.28,0,1,52.1,8197000
4934,Rangpur,Apartment,1790,3,2,15,2,2001,25,Excellent,Unfurnished,2,0,0,11.48,1,0,39.2,10219000
4935,Rajshahi,House,2541,4,4,3,1,1998,28,Good,Unfurnished,1,1,0,1.52,1,1,55.9,12314000
4936,Sylhet,Apartment,1452,2,3,25,3,2018,8,New,Unfurnished,1,0,0,7.99,1,1,27.4,15434000
4937,Rangpur,Apartment,1297,2,1,10,2,2001,25,Excellent,Semi-Furnished,0,0,0,5.81,0,0,28.7,6149000
4938,Khulna,Apartment,2841,4,5,8,0,2019,7,Fair,Unfurnished,0,0,0,26.45,0,0,85.2,3825000
4939,Dhaka,Condo,944,2,2,11,1,2001,25,Excellent,Unfurnished,0,0,0,3.05,1,0,55.7,5879000
4940,Mymensingh,Apartment,1953,4,3,23,16,2004,22,Excellent,Unfurnished,0,0,0,2.93,0,1,61.0,4315000
4941,Dhaka,House,1008,1,2,1,0,2002,24,Good,Semi-Furnished,0,0,0,3.67,0,1,48.3,10925000
4942,Mymensingh,Apartment,1186,2,1,15,11,2013,13,Good,Fully Furnished,3,0,0,1.21,1,1,50.3,9317000
4943,Sylhet,Apartment,1404,2,2,11,8,2008,18,Good,Unfurnished,1,0,0,13.21,1,0,80.5,5339000
4944,Khulna,Condo,1530,2,1,10,10,1993,33,Good,Semi-Furnished,2,0,0,3.78,1,1,48.0,15683000
4945,Chattogram,Apartment,1625,2,2,15,11,2013,13,Good,Semi-Furnished,0,0,0,15.94,1,0,69.0,16874000
4946,Mymensingh,Condo,2587,5,5,7,7,1986,40,Excellent,Unfurnished,1,0,0,4.37,0,0,64.5,17728000
4947,Barishal,Apartment,1944,4,4,8,0,1999,27,New,Unfurnished,0,0,0,3.92,0,1,38.1,3951000
4948,Sylhet,Apartment,1998,4,5,15,8,1997,29,Good,Semi-Furnished,1,0,0,8.96,1,0,48.4,16123000
4949,Dhaka,Apartment,1407,2,1,24,19,2022,4,Excellent,Semi-Furnished,1,0,0,1.9,1,1,32.6,32431000
4950,Barishal,House,1147,1,1,1,0,1993,33,Good,Fully Furnished,1,0,0,7.92,1,1,47.9,4030000
4951,Chattogram,Apartment,2334,3,2,11,11,2021,5,Fair,Semi-Furnished,0,0,0,5.84,0,0,56.9,24042000
4952,Rangpur,Condo,1256,2,3,16,13,2022,4,Fair,Semi-Furnished,0,0,1,3.51,1,1,50.2,5141000
4953,Sylhet,Townhouse,1224,3,4,1,0,2016,10,Good,Unfurnished,0,0,0,15.64,0,1,84.4,6625000
4954,Khulna,Apartment,1881,3,4,23,6,2005,21,New,Unfurnished,1,0,0,11.21,1,1,51.1,5648000
4955,Chattogram,House,1498,1,1,3,0,2014,12,Good,Semi-Furnished,1,0,0,1.0,1,0,5.0,10049000
4956,Dhaka,Apartment,1060,2,2,24,19,2011,15,Excellent,Unfurnished,0,0,0,8.59,1,1,38.3,13913000
4957,Barishal,Condo,1365,1,1,18,6,1997,29,Excellent,Unfurnished,0,0,0,7.02,0,1,34.1,6702000
4958,Khulna,Apartment,2577,3,3,7,1,2005,21,Needs Renovation,Semi-Furnished,0,0,0,0.38,0,1,40.9,6486000
4959,Rajshahi,Apartment,1081,2,2,25,19,2018,8,Good,Semi-Furnished,1,0,0,4.59,1,1,44.5,9715000
4960,Chattogram,Apartment,2475,2,2,19,13,2003,23,Excellent,Semi-Furnished,0,0,0,5.71,1,0,45.5,23468000
4961,Barishal,Apartment,1367,2,1,16,16,1997,29,Good,Unfurnished,1,0,0,2.43,1,1,24.2,2950000
4962,Mymensingh,House,1317,2,1,3,2,2019,7,Fair,Unfurnished,0,0,0,4.7,1,0,37.0,8015000
4963,Mymensingh,Apartment,1052,3,4,22,19,2002,24,Needs Renovation,Unfurnished,1,0,0,11.52,1,1,63.2,2561000
4964,Dhaka,Apartment,1517,3,3,18,10,2026,0,Fair,Semi-Furnished,0,0,0,38.09,0,0,91.2,12814000
4965,Dhaka,Apartment,450,1,1,21,14,2011,15,Excellent,Semi-Furnished,1,0,0,1.58,1,1,34.6,4151000
4966,Barishal,Condo,939,1,1,7,3,1985,41,Good,Unfurnished,1,0,0,6.33,1,1,50.1,4197000
4967,Rangpur,Condo,1272,3,3,16,9,2001,25,Good,Unfurnished,0,0,0,7.65,1,0,48.9,2755000
4968,Sylhet,Duplex,607,1,1,1,1,2002,24,Good,Semi-Furnished,1,0,0,13.93,0,0,69.9,2489000
4969,Rangpur,House,1228,1,2,1,0,1994,32,Excellent,Unfurnished,1,1,1,18.54,0,0,67.7,5066000
4970,Rangpur,Condo,2622,5,4,11,9,2018,8,New,Semi-Furnished,2,0,0,0.63,0,0,55.3,16411000
4971,Sylhet,Townhouse,1516,2,1,1,0,2008,18,Good,Fully Furnished,1,0,0,8.04,0,1,38.4,10377000
4972,Sylhet,Condo,2449,5,6,23,3,2012,14,Excellent,Unfurnished,0,0,0,9.46,1,0,44.6,10591000
4973,Dhaka,Apartment,2218,3,4,9,1,1994,32,Excellent,Unfurnished,1,0,0,2.69,0,1,58.2,31024000
4974,Mymensingh,Apartment,1973,5,5,8,0,2019,7,Good,Unfurnished,3,0,0,5.46,0,0,54.5,3634000
4975,Barishal,Apartment,2075,3,4,14,7,1987,39,Fair,Semi-Furnished,1,0,0,3.63,1,0,48.1,13556000
4976,Rangpur,Townhouse,1830,3,4,1,1,2002,24,Fair,Unfurnished,1,0,0,4.91,1,0,44.6,7049000
4977,Chattogram,House,1428,1,1,1,0,2010,16,Fair,Unfurnished,2,0,0,8.98,0,0,49.4,18077000
4978,Dhaka,House,1909,2,2,3,0,1988,38,Fair,Fully Furnished,1,0,0,3.22,1,0,37.8,35921000
4979,Barishal,Apartment,1244,1,1,22,13,2010,16,Fair,Semi-Furnished,1,0,0,5.1,0,1,24.9,2883000
4980,Mymensingh,Townhouse,1161,2,2,1,0,2011,15,Good,Semi-Furnished,1,0,0,1.44,0,0,36.7,8809000
4981,Mymensingh,Apartment,967,2,1,24,11,2005,21,Fair,Semi-Furnished,1,0,0,5.22,1,1,30.5,2067000
4982,Khulna,House,2467,4,4,2,1,1987,39,Fair,Unfurnished,0,0,0,5.63,0,1,52.9,14812000
4983,Sylhet,Apartment,1292,2,2,18,2,2012,14,Good,Unfurnished,1,0,0,1.22,1,1,26.1,15371000
4984,Barishal,Apartment,1156,1,2,16,16,1999,27,New,Semi-Furnished,2,0,0,4.27,1,1,18.0,2910000
4985,Rangpur,Apartment,1399,2,2,20,11,1989,37,Fair,Unfurnished,0,0,0,13.34,0,0,62.6,1530000
4986,Dhaka,House,2138,4,3,2,0,1988,38,Fair,Semi-Furnished,0,1,0,4.98,1,0,72.3,15139000
4987,Dhaka,Apartment,1260,1,1,12,11,1999,27,Needs Renovation,Fully Furnished,0,0,0,1.8,1,0,35.8,13213000
4988,Dhaka,Apartment,2199,3,3,10,8,1994,32,Excellent,Fully Furnished,1,0,0,16.79,0,0,66.2,32297000
4989,Mymensingh,Apartment,1975,3,3,20,20,2000,26,Fair,Unfurnished,0,0,0,5.32,1,0,39.4,5677000
4990,Rajshahi,Apartment,1129,2,2,22,10,2000,26,Excellent,Semi-Furnished,1,0,0,5.68,1,0,33.5,4309000
4991,Barishal,House,1441,2,1,2,1,2025,1,Excellent,Semi-Furnished,1,0,0,5.94,1,1,66.4,4030000
4992,Barishal,Apartment,1796,2,2,21,16,2022,4,Excellent,Semi-Furnished,0,0,0,24.51,0,1,49.7,6669000
4993,Sylhet,Apartment,1308,1,1,11,3,2019,7,New,Unfurnished,1,0,0,1.8,1,1,5.0,15590000
4994,Khulna,House,1100,2,2,2,0,1989,37,Good,Semi-Furnished,1,0,0,5.79,0,1,31.6,6436000
4995,Rangpur,Apartment,1411,1,1,17,11,2026,0,Good,Unfurnished,1,0,0,12.03,0,1,32.5,7382000
4996,Khulna,Duplex,2230,2,1,2,0,2004,22,Good,Fully Furnished,1,0,0,4.45,0,0,65.3,15394000
4997,Dhaka,Condo,1530,3,2,12,2,1996,30,Good,Fully Furnished,0,0,0,15.87,0,0,70.5,27284000
4998,Barishal,Apartment,1496,2,2,17,3,2025,1,Good,Semi-Furnished,0,0,0,13.22,1,0,21.9,3894000
4999,Rajshahi,Apartment,1936,4,5,17,2,2008,18,Excellent,Unfurnished,0,0,0,15.03,1,1,61.0,10827000
5000,Khulna,Townhouse,1519,3,4,2,1,2015,11,Fair,Semi-Furnished,0,1,0,2.87,1,0,35.0,3318000
